[2026-05-14 13:09:14] Arduino підключено: COM12
[2026-05-14 13:09:14] SERIAL:OK: LEFT:0
[2026-05-14 13:09:14] SERIAL:OK: RIGHT:0
[2026-05-14 13:09:14] SERIAL:OK: EMERGENCY:0
[2026-05-14 13:09:15] SERIAL:OK: BRAKE:1
[2026-05-14 13:09:16] SERIAL:INFO: servo detached (idle)
[2026-05-14 13:11:18] Arduino підключено: COM12
[2026-05-14 13:11:18] SERIAL:OK: LEFT:0
[2026-05-14 13:11:18] SERIAL:OK: RIGHT:0
[2026-05-14 13:11:18] SERIAL:OK: EMERGENCY:0
[2026-05-14 13:11:20] SERIAL:INFO: servo detached (idle)
[2026-05-14 13:20:11] SERIAL:OK: BRAKE:1
[2026-05-14 13:20:23] SERIAL:OK: SPEED:41
[2026-05-14 13:20:23] SERIAL:OK: BRAKE:0
[2026-05-14 13:20:23] SERIAL:OK: SPEED:42
[2026-05-14 13:20:23] SERIAL:OK: SPEED:43
[2026-05-14 13:20:23] SERIAL:OK: SPEED:44
[2026-05-14 13:20:23] SERIAL:OK: SPEED:35
[2026-05-14 13:20:23] SERIAL:OK: BRAKE:1
[2026-05-14 13:20:23] SERIAL:OK: SPEED:27
[2026-05-14 13:20:23] SERIAL:OK: SPEED:18
[2026-05-14 13:20:23] SERIAL:OK: SPEED:10
[2026-05-14 13:20:23] SERIAL:OK: SPEED:2
[2026-05-14 13:20:23] SERIAL:OK: SPEED:4
[2026-05-14 13:20:23] SERIAL:OK: SPEED:14
[2026-05-14 13:20:24] SERIAL:OK: SPEED:23
[2026-05-14 13:20:24] SERIAL:OK: BRAKE:0
[2026-05-14 13:20:26] SERIAL:OK: SPEED:22
[2026-05-14 13:20:26] SERIAL:OK: BRAKE:1
[2026-05-14 13:20:26] SERIAL:OK: SPEED:21
[2026-05-14 13:20:26] SERIAL:OK: SPEED:19
[2026-05-14 13:20:26] SERIAL:OK: SPEED:10
[2026-05-14 13:20:26] SERIAL:OK: SPEED:0
[2026-05-14 13:20:29] SERIAL:INFO: servo detached (idle)
[2026-05-14 13:20:30] SERIAL:OK: SPEED:1
[2026-05-14 13:20:30] SERIAL:OK: BRAKE:0
[2026-05-14 13:20:31] SERIAL:OK: SPEED:4
[2026-05-14 13:20:31] SERIAL:OK: SPEED:11
[2026-05-14 13:20:31] SERIAL:OK: SPEED:18
[2026-05-14 13:20:31] SERIAL:OK: SPEED:26
[2026-05-14 13:20:31] SERIAL:OK: SPEED:33
[2026-05-14 13:20:31] SERIAL:OK: SPEED:39
[2026-05-14 13:20:31] SERIAL:OK: SPEED:41
[2026-05-14 13:20:31] SERIAL:OK: SPEED:42
[2026-05-14 13:20:31] SERIAL:OK: SPEED:44
[2026-05-14 13:20:31] SERIAL:OK: SPEED:47
[2026-05-14 13:20:31] SERIAL:OK: SPEED:49
[2026-05-14 13:20:31] SERIAL:OK: SPEED:51
[2026-05-14 13:20:31] SERIAL:OK: SPEED:53
[2026-05-14 13:20:31] SERIAL:OK: SPEED:54
[2026-05-14 13:20:31] SERIAL:OK: SPEED:55
[2026-05-14 13:20:31] SERIAL:OK: SPEED:48
[2026-05-14 13:20:31] SERIAL:OK: BRAKE:1
[2026-05-14 13:20:31] SERIAL:OK: SPEED:39
[2026-05-14 13:20:31] SERIAL:OK: SPEED:30
[2026-05-14 13:20:31] SERIAL:OK: SPEED:20
[2026-05-14 13:20:31] SERIAL:OK: SPEED:9
[2026-05-14 13:20:31] SERIAL:OK: SPEED:6
[2026-05-14 13:20:32] SERIAL:OK: SPEED:2
[2026-05-14 13:20:32] SERIAL:OK: SPEED:1
[2026-05-14 13:20:32] SERIAL:OK: SPEED:0
[2026-05-14 13:20:32] Автоповоротник ВПРАВО
[2026-05-14 13:20:32] SERIAL:OK: RIGHT:1
[2026-05-14 13:20:33] SERIAL:OK: RIGHT:0
[2026-05-14 13:20:33] SERIAL:OK: RIGHT:1
[2026-05-14 13:20:33] SERIAL:OK: SPEED:3
[2026-05-14 13:20:33] SERIAL:OK: BRAKE:0
[2026-05-14 13:20:33] SERIAL:OK: SPEED:8
[2026-05-14 13:20:33] SERIAL:OK: SPEED:14
[2026-05-14 13:20:33] SERIAL:OK: SPEED:20
[2026-05-14 13:20:33] SERIAL:OK: SPEED:28
[2026-05-14 13:20:33] SERIAL:OK: RIGHT:0
[2026-05-14 13:20:33] SERIAL:OK: SPEED:32
[2026-05-14 13:20:33] SERIAL:OK: SPEED:36
[2026-05-14 13:20:33] SERIAL:OK: SPEED:40
[2026-05-14 13:20:33] SERIAL:OK: SPEED:44
[2026-05-14 13:20:33] SERIAL:OK: SPEED:47
[2026-05-14 13:20:34] SERIAL:OK: SPEED:51
[2026-05-14 13:20:34] SERIAL:OK: SPEED:55
[2026-05-14 13:20:34] SERIAL:OK: SPEED:57
[2026-05-14 13:20:34] SERIAL:OK: RIGHT:1
[2026-05-14 13:20:34] SERIAL:OK: SPEED:58
[2026-05-14 13:20:34] SERIAL:OK: SPEED:56
[2026-05-14 13:20:34] SERIAL:OK: BRAKE:1
[2026-05-14 13:20:34] SERIAL:OK: SPEED:53
[2026-05-14 13:20:34] SERIAL:OK: SPEED:49
[2026-05-14 13:20:34] SERIAL:OK: SPEED:45
[2026-05-14 13:20:34] SERIAL:OK: RIGHT:0
[2026-05-14 13:20:34] SERIAL:OK: SPEED:40
[2026-05-14 13:20:34] SERIAL:OK: SPEED:37
[2026-05-14 13:20:34] SERIAL:OK: SPEED:33
[2026-05-14 13:20:34] SERIAL:OK: SPEED:25
[2026-05-14 13:20:34] SERIAL:OK: SPEED:18
[2026-05-14 13:20:34] SERIAL:OK: SPEED:12
[2026-05-14 13:20:34] SERIAL:OK: SPEED:6
[2026-05-14 13:20:34] SERIAL:OK: RIGHT:1
[2026-05-14 13:20:34] SERIAL:OK: SPEED:1
[2026-05-14 13:20:34] SERIAL:OK: SPEED:0
[2026-05-14 13:20:35] SERIAL:OK: RIGHT:0
[2026-05-14 13:20:35] SERIAL:OK: RIGHT:1
[2026-05-14 13:20:35] SERIAL:OK: RIGHT:0
[2026-05-14 13:20:36] SERIAL:OK: RIGHT:1
[2026-05-14 13:20:36] Автоповоротники вимкнено
[2026-05-14 13:20:36] SERIAL:OK: RIGHT:0
[2026-05-14 13:20:37] SERIAL:INFO: servo detached (idle)
[2026-05-14 13:20:37] SERIAL:OK: SPEED:3
[2026-05-14 13:20:37] SERIAL:OK: BRAKE:0
[2026-05-14 13:20:37] SERIAL:OK: SPEED:9
[2026-05-14 13:20:38] SERIAL:OK: SPEED:16
[2026-05-14 13:20:38] SERIAL:OK: SPEED:25
[2026-05-14 13:20:38] SERIAL:OK: SPEED:34
[2026-05-14 13:20:38] SERIAL:OK: SPEED:41
[2026-05-14 13:20:38] SERIAL:OK: SPEED:46
[2026-05-14 13:20:38] SERIAL:OK: SPEED:49
[2026-05-14 13:20:38] SERIAL:OK: SPEED:51
[2026-05-14 13:20:38] SERIAL:OK: SPEED:53
[2026-05-14 13:20:38] SERIAL:OK: SPEED:55
[2026-05-14 13:20:41] Автоповоротник ВПРАВО
[2026-05-14 13:20:41] SERIAL:OK: RIGHT:1
[2026-05-14 13:20:41] SERIAL:OK: RIGHT:0
[2026-05-14 13:20:42] SERIAL:OK: RIGHT:1
[2026-05-14 13:20:42] SERIAL:OK: RIGHT:0
[2026-05-14 13:20:42] SERIAL:OK: RIGHT:1
[2026-05-14 13:20:43] Автоповоротник ВПРАВО
[2026-05-14 13:20:43] SERIAL:OK: RIGHT:0
[2026-05-14 13:20:43] SERIAL:OK: RIGHT:1
[2026-05-14 13:20:43] SERIAL:OK: RIGHT:0
[2026-05-14 13:20:44] SERIAL:OK: RIGHT:1
[2026-05-14 13:20:44] SERIAL:OK: RIGHT:0
[2026-05-14 13:20:44] SERIAL:OK: RIGHT:1
[2026-05-14 13:20:45] Автоповоротник ВПРАВО
[2026-05-14 13:20:45] SERIAL:OK: RIGHT:0
[2026-05-14 13:20:45] SERIAL:OK: RIGHT:1
[2026-05-14 13:20:45] SERIAL:OK: RIGHT:0
[2026-05-14 13:20:46] SERIAL:OK: RIGHT:1
[2026-05-14 13:20:46] SERIAL:OK: RIGHT:0
[2026-05-14 13:20:46] SERIAL:OK: RIGHT:1
[2026-05-14 13:20:47] SERIAL:OK: RIGHT:0
[2026-05-14 13:20:47] Автоповоротник ВЛІВО
[2026-05-14 13:20:47] SERIAL:OK: LEFT:1
[2026-05-14 13:20:48] SERIAL:OK: LEFT:0
[2026-05-14 13:20:48] SERIAL:OK: LEFT:1
[2026-05-14 13:20:48] SERIAL:OK: LEFT:0
[2026-05-14 13:20:49] SERIAL:OK: LEFT:1
[2026-05-14 13:20:49] Автоповоротник ВЛІВО
[2026-05-14 13:20:49] SERIAL:OK: LEFT:0
[2026-05-14 13:20:49] SERIAL:OK: LEFT:1
[2026-05-14 13:20:50] SERIAL:OK: LEFT:0
[2026-05-14 13:20:50] SERIAL:OK: LEFT:1
[2026-05-14 13:20:50] SERIAL:OK: LEFT:0
[2026-05-14 13:20:51] SERIAL:OK: LEFT:1
[2026-05-14 13:20:51] SERIAL:OK: LEFT:0
[2026-05-14 13:20:51] SERIAL:OK: LEFT:1
[2026-05-14 13:20:52] SERIAL:OK: LEFT:0
[2026-05-14 13:20:52] SERIAL:OK: LEFT:1
[2026-05-14 13:20:52] Автоповоротники вимкнено
[2026-05-14 13:20:52] SERIAL:OK: LEFT:0
[2026-05-14 13:21:24] Автоповоротник ВЛІВО
[2026-05-14 13:21:24] SERIAL:OK: LEFT:1
[2026-05-14 13:21:25] SERIAL:OK: LEFT:0
[2026-05-14 13:21:25] SERIAL:OK: LEFT:1
[2026-05-14 13:21:25] SERIAL:OK: LEFT:0
[2026-05-14 13:21:26] SERIAL:OK: LEFT:1
[2026-05-14 13:21:26] SERIAL:OK: LEFT:0
[2026-05-14 13:21:26] Автоповоротник ВЛІВО
[2026-05-14 13:21:26] SERIAL:OK: LEFT:1
[2026-05-14 13:21:27] SERIAL:OK: LEFT:0
[2026-05-14 13:21:27] SERIAL:OK: LEFT:1
[2026-05-14 13:21:27] SERIAL:OK: SPEED:54
[2026-05-14 13:21:27] SERIAL:OK: BRAKE:1
[2026-05-14 13:21:27] SERIAL:OK: SPEED:53
[2026-05-14 13:21:27] SERIAL:OK: LEFT:0
[2026-05-14 13:21:27] SERIAL:OK: SPEED:49
[2026-05-14 13:21:28] SERIAL:OK: SPEED:46
[2026-05-14 13:21:28] SERIAL:OK: SPEED:42
[2026-05-14 13:21:28] SERIAL:OK: LEFT:1
[2026-05-14 13:21:28] SERIAL:OK: SPEED:41
[2026-05-14 13:21:28] SERIAL:OK: LEFT:0
[2026-05-14 13:21:28] SERIAL:OK: LEFT:1
[2026-05-14 13:21:29] SERIAL:OK: BRAKE:0
[2026-05-14 13:21:29] SERIAL:OK: LEFT:0
[2026-05-14 13:21:29] SERIAL:OK: LEFT:1
[2026-05-14 13:21:29] SERIAL:OK: LEFT:0
[2026-05-14 13:21:30] SERIAL:OK: SPEED:43
[2026-05-14 13:21:30] SERIAL:OK: SPEED:44
[2026-05-14 13:21:30] SERIAL:OK: LEFT:1
[2026-05-14 13:21:30] SERIAL:OK: SPEED:45
[2026-05-14 13:21:30] SERIAL:OK: LEFT:0
[2026-05-14 13:21:30] SERIAL:OK: LEFT:1
[2026-05-14 13:21:31] SERIAL:OK: LEFT:0
[2026-05-14 13:21:31] SERIAL:OK: LEFT:1
[2026-05-14 13:21:31] SERIAL:OK: LEFT:0
[2026-05-14 13:21:32] SERIAL:OK: LEFT:1
[2026-05-14 13:21:32] SERIAL:OK: LEFT:0
[2026-05-14 13:21:32] Автоповоротник ВЛІВО
[2026-05-14 13:21:32] SERIAL:OK: LEFT:1
[2026-05-14 13:21:33] SERIAL:OK: LEFT:0
[2026-05-14 13:21:33] SERIAL:OK: LEFT:1
[2026-05-14 13:21:34] SERIAL:OK: LEFT:0
[2026-05-14 13:21:34] SERIAL:OK: LEFT:1
[2026-05-14 13:21:34] SERIAL:OK: LEFT:0
[2026-05-14 13:21:34] Автоповоротник ВЛІВО
[2026-05-14 13:21:35] SERIAL:OK: LEFT:1
[2026-05-14 13:21:35] SERIAL:OK: LEFT:0
[2026-05-14 13:21:35] SERIAL:OK: LEFT:1
[2026-05-14 13:21:36] SERIAL:OK: LEFT:0
[2026-05-14 13:21:36] SERIAL:OK: LEFT:1
[2026-05-14 13:21:36] SERIAL:OK: LEFT:0
[2026-05-14 13:21:37] SERIAL:OK: LEFT:1
[2026-05-14 13:21:37] SERIAL:OK: LEFT:0
[2026-05-14 13:21:37] SERIAL:OK: LEFT:1
[2026-05-14 13:21:38] SERIAL:OK: LEFT:0
[2026-05-14 13:21:38] SERIAL:OK: LEFT:1
[2026-05-14 13:21:38] SERIAL:OK: LEFT:0
[2026-05-14 13:21:39] SERIAL:OK: LEFT:1
[2026-05-14 13:21:39] Автоповоротник ВПРАВО
[2026-05-14 13:21:39] SERIAL:OK: LEFT:0
[2026-05-14 13:21:39] SERIAL:OK: RIGHT:1
[2026-05-14 13:21:40] SERIAL:OK: RIGHT:0
[2026-05-14 13:21:40] SERIAL:OK: RIGHT:1
[2026-05-14 13:21:40] SERIAL:OK: RIGHT:0
[2026-05-14 13:21:41] SERIAL:OK: RIGHT:1
[2026-05-14 13:21:41] SERIAL:OK: RIGHT:0
[2026-05-14 13:21:41] SERIAL:OK: RIGHT:1
[2026-05-14 13:21:42] SERIAL:OK: RIGHT:0
[2026-05-14 13:21:42] SERIAL:OK: RIGHT:1
[2026-05-14 13:21:42] SERIAL:OK: RIGHT:0
[2026-05-14 13:21:43] SERIAL:OK: RIGHT:1
[2026-05-14 13:21:43] SERIAL:OK: RIGHT:0
[2026-05-14 13:21:43] SERIAL:OK: RIGHT:1
[2026-05-14 13:21:44] SERIAL:OK: RIGHT:0
[2026-05-14 13:21:44] SERIAL:OK: RIGHT:1
[2026-05-14 13:21:44] Автоповоротники вимкнено
[2026-05-14 13:21:44] SERIAL:OK: RIGHT:0
[2026-05-14 13:22:01] SERIAL:OK: SPEED:0
[2026-05-14 13:22:01] SERIAL:OK: LEFT:0
[2026-05-14 13:22:01] SERIAL:OK: RIGHT:0
[2026-05-14 13:22:01] SERIAL:OK: EMERGENCY:0
[2026-05-14 13:22:01] SERIAL:OK: ALARM:0
[2026-05-14 13:22:02] SERIAL:OK: LEFT:0
[2026-05-14 13:22:02] SERIAL:OK: RIGHT:0
[2026-05-14 13:22:02] SERIAL:OK: EMERGENCY:0
[2026-05-14 13:22:05] SERIAL:INFO: servo detached (idle)
[2026-05-14 13:22:06] SERIAL:OK: BRAKE:1
[2026-05-14 13:22:09] Автоповоротник ВЛІВО
[2026-05-14 13:22:10] SERIAL:OK: LEFT:1
[2026-05-14 13:22:10] SERIAL:OK: LEFT:0
[2026-05-14 13:22:11] SERIAL:OK: LEFT:1
[2026-05-14 13:22:11] SERIAL:OK: LEFT:0
[2026-05-14 13:22:11] SERIAL:OK: LEFT:1
[2026-05-14 13:22:12] SERIAL:OK: LEFT:0
[2026-05-14 13:22:12] SERIAL:OK: LEFT:1
[2026-05-14 13:22:12] SERIAL:OK: LEFT:0
[2026-05-14 13:22:13] SERIAL:OK: LEFT:1
[2026-05-14 13:22:13] SERIAL:OK: LEFT:0
[2026-05-14 13:22:13] Автоповоротники вимкнено
[2026-05-14 13:22:30] SERIAL:OK: ALARM:1
[2026-05-14 13:22:30] SERIAL:OK: LEFT:1
[2026-05-14 13:22:30] SERIAL:OK: RIGHT:1
[2026-05-14 13:22:30] SERIAL:OK: EMERGENCY:1
[2026-05-14 13:22:30] НАХИЛ ГОЛОВИ вниз (-36.8°)
[2026-05-14 13:22:30] SERIAL:OK: LEFT:0
[2026-05-14 13:22:30] SERIAL:OK: RIGHT:0
[2026-05-14 13:22:30] SERIAL:OK: EMERGENCY:0
[2026-05-14 13:22:31] SERIAL:OK: LEFT:1
[2026-05-14 13:22:31] SERIAL:OK: RIGHT:1
[2026-05-14 13:22:31] SERIAL:OK: EMERGENCY:1
[2026-05-14 13:22:31] SERIAL:OK: LEFT:0
[2026-05-14 13:22:31] SERIAL:OK: RIGHT:0
[2026-05-14 13:22:31] SERIAL:OK: EMERGENCY:0
[2026-05-14 13:22:32] SERIAL:OK: LEFT:1
[2026-05-14 13:22:32] SERIAL:OK: RIGHT:1
[2026-05-14 13:22:32] SERIAL:OK: EMERGENCY:1
[2026-05-14 13:22:32] Аварійку вимкнено жестом peace
[2026-05-14 13:22:32] SERIAL:OK: ALARM:0
[2026-05-14 13:22:32] SERIAL:OK: LEFT:0
[2026-05-14 13:22:32] SERIAL:OK: RIGHT:0
[2026-05-14 13:22:32] SERIAL:OK: EMERGENCY:0
[2026-05-14 13:23:52] Автоповоротник ВЛІВО
[2026-05-14 13:23:53] SERIAL:OK: LEFT:1
[2026-05-14 13:23:53] SERIAL:OK: LEFT:0
[2026-05-14 13:23:54] SERIAL:OK: LEFT:1
[2026-05-14 13:23:54] SERIAL:OK: LEFT:0
[2026-05-14 13:23:54] SERIAL:OK: LEFT:1
[2026-05-14 13:23:55] SERIAL:OK: LEFT:0
[2026-05-14 13:23:55] SERIAL:OK: LEFT:1
[2026-05-14 13:23:55] SERIAL:OK: LEFT:0
[2026-05-14 13:23:56] SERIAL:OK: LEFT:1
[2026-05-14 13:23:56] SERIAL:OK: LEFT:0
[2026-05-14 13:23:56] SERIAL:OK: LEFT:1
[2026-05-14 13:23:57] SERIAL:OK: LEFT:0
[2026-05-14 13:23:57] SERIAL:OK: LEFT:1
[2026-05-14 13:23:57] SERIAL:OK: LEFT:0
[2026-05-14 13:23:58] SERIAL:OK: LEFT:1
[2026-05-14 13:23:58] Автоповоротники вимкнено
[2026-05-14 13:23:58] SERIAL:OK: LEFT:0
[2026-05-14 13:24:03] Автоповоротник ВЛІВО
[2026-05-14 13:24:04] SERIAL:OK: LEFT:1
[2026-05-14 13:24:04] SERIAL:OK: LEFT:0
[2026-05-14 13:24:04] SERIAL:OK: LEFT:1
[2026-05-14 13:24:05] SERIAL:OK: LEFT:0
[2026-05-14 13:24:05] SERIAL:OK: LEFT:1
[2026-05-14 13:24:05] Автоповоротник ВЛІВО
[2026-05-14 13:24:05] SERIAL:OK: LEFT:0
[2026-05-14 13:24:06] SERIAL:OK: LEFT:1
[2026-05-14 13:24:06] SERIAL:OK: LEFT:0
[2026-05-14 13:24:06] SERIAL:OK: LEFT:1
[2026-05-14 13:24:07] SERIAL:OK: LEFT:0
[2026-05-14 13:24:07] SERIAL:OK: LEFT:1
[2026-05-14 13:24:07] SERIAL:OK: LEFT:0
[2026-05-14 13:24:08] SERIAL:OK: LEFT:1
[2026-05-14 13:24:08] SERIAL:OK: LEFT:0
[2026-05-14 13:24:08] SERIAL:OK: LEFT:1
[2026-05-14 13:24:09] SERIAL:OK: LEFT:0
[2026-05-14 13:24:09] SERIAL:OK: LEFT:1
[2026-05-14 13:24:09] SERIAL:OK: LEFT:0
[2026-05-14 13:24:10] SERIAL:OK: LEFT:1
[2026-05-14 13:24:10] SERIAL:OK: LEFT:0
[2026-05-14 13:24:10] SERIAL:OK: LEFT:1
[2026-05-14 13:24:11] Автоповоротники вимкнено
[2026-05-14 13:24:11] SERIAL:OK: LEFT:0
[2026-05-14 13:24:20] Автоповоротник ВПРАВО
[2026-05-14 13:24:21] SERIAL:OK: RIGHT:1
[2026-05-14 13:24:21] SERIAL:OK: RIGHT:0
[2026-05-14 13:24:21] SERIAL:OK: RIGHT:1
[2026-05-14 13:24:22] SERIAL:OK: RIGHT:0
[2026-05-14 13:24:22] SERIAL:OK: RIGHT:1
[2026-05-14 13:24:22] SERIAL:OK: RIGHT:0
[2026-05-14 13:24:23] Автоповоротники вимкнено
[2026-05-14 13:24:26] Автоповоротник ВПРАВО
[2026-05-14 13:24:27] SERIAL:OK: RIGHT:1
[2026-05-14 13:24:27] SERIAL:OK: RIGHT:0
[2026-05-14 13:24:27] SERIAL:OK: RIGHT:1
[2026-05-14 13:24:28] SERIAL:OK: RIGHT:0
[2026-05-14 13:24:28] SERIAL:OK: RIGHT:1
[2026-05-14 13:24:28] Автоповоротник ВПРАВО
[2026-05-14 13:24:28] SERIAL:OK: RIGHT:0
[2026-05-14 13:24:29] SERIAL:OK: RIGHT:1
[2026-05-14 13:24:29] SERIAL:OK: RIGHT:0
[2026-05-14 13:24:29] SERIAL:OK: RIGHT:1
[2026-05-14 13:24:30] SERIAL:OK: RIGHT:0
[2026-05-14 13:24:30] SERIAL:OK: RIGHT:1
[2026-05-14 13:24:30] Автоповоротник ВПРАВО
[2026-05-14 13:24:30] SERIAL:OK: RIGHT:0
[2026-05-14 13:24:31] SERIAL:OK: RIGHT:1
[2026-05-14 13:24:31] SERIAL:OK: RIGHT:0
[2026-05-14 13:24:32] SERIAL:OK: RIGHT:1
[2026-05-14 13:24:32] SERIAL:OK: RIGHT:0
[2026-05-14 13:24:32] SERIAL:OK: RIGHT:1
[2026-05-14 13:24:33] SERIAL:OK: RIGHT:0
[2026-05-14 13:24:33] SERIAL:OK: LEFT:0
[2026-05-14 13:24:33] SERIAL:OK: RIGHT:0
[2026-05-14 13:24:33] SERIAL:OK: EMERGENCY:0
[2026-05-14 13:24:33] SERIAL:OK: BRAKE:0
[2026-05-14 13:24:33] SERIAL:OK: BRAKE:1
[2026-05-14 13:24:33] SERIAL:OK: LEFT:0
[2026-05-14 13:24:33] SERIAL:OK: RIGHT:0
[2026-05-14 13:24:33] SERIAL:OK: EMERGENCY:0
[2026-05-14 13:33:41] Arduino підключено: COM12
[2026-05-14 13:33:41] SERIAL:OK: LEFT:0
[2026-05-14 13:33:41] SERIAL:OK: RIGHT:0
[2026-05-14 13:33:41] SERIAL:OK: EMERGENCY:0
[2026-05-14 13:33:42] SERIAL:OK: BRAKE:1
[2026-05-14 13:33:44] SERIAL:INFO: servo detached (idle)
[2026-05-14 13:33:48] SERIAL:OK: ALARM:1
[2026-05-14 13:33:48] SERIAL:OK: SPEED:0
[2026-05-14 13:33:49] SERIAL:OK: LEFT:1
[2026-05-14 13:33:49] SERIAL:OK: RIGHT:1
[2026-05-14 13:33:49] SERIAL:OK: EMERGENCY:1
[2026-05-14 13:33:49] SERIAL:OK: LEFT:0
[2026-05-14 13:33:49] SERIAL:OK: RIGHT:0
[2026-05-14 13:33:49] SERIAL:OK: EMERGENCY:0
[2026-05-14 13:33:50] SERIAL:OK: LEFT:1
[2026-05-14 13:33:50] SERIAL:OK: RIGHT:1
[2026-05-14 13:33:50] SERIAL:OK: EMERGENCY:1
[2026-05-14 13:33:50] Аварійку вимкнено жестом peace
[2026-05-14 13:33:50] SERIAL:OK: ALARM:0
[2026-05-14 13:33:50] SERIAL:OK: LEFT:0
[2026-05-14 13:33:50] SERIAL:OK: RIGHT:0
[2026-05-14 13:33:50] SERIAL:OK: EMERGENCY:0
[2026-05-14 13:33:52] SERIAL:INFO: servo detached (idle)
[2026-05-14 13:33:55] SERIAL:OK: ALARM:1
[2026-05-14 13:33:56] НАХИЛ ГОЛОВИ вгору (41.4°)
[2026-05-14 13:33:56] SERIAL:OK: LEFT:1
[2026-05-14 13:33:56] SERIAL:OK: RIGHT:1
[2026-05-14 13:33:56] SERIAL:OK: EMERGENCY:1
[2026-05-14 13:33:56] SERIAL:OK: LEFT:0
[2026-05-14 13:33:56] SERIAL:OK: RIGHT:0
[2026-05-14 13:33:56] SERIAL:OK: EMERGENCY:0
[2026-05-14 13:33:56] SERIAL:OK: LEFT:1
[2026-05-14 13:33:56] SERIAL:OK: RIGHT:1
[2026-05-14 13:33:56] SERIAL:OK: EMERGENCY:1
[2026-05-14 13:33:57] SERIAL:OK: LEFT:0
[2026-05-14 13:33:57] SERIAL:OK: RIGHT:0
[2026-05-14 13:33:57] SERIAL:OK: EMERGENCY:0
[2026-05-14 13:33:57] Аварійку вимкнено жестом peace
[2026-05-14 13:33:57] SERIAL:OK: ALARM:0
[2026-05-14 13:34:14] Обличчя зникло
[2026-05-14 13:34:43] SERIAL:OK: SPEED:2
[2026-05-14 13:34:43] SERIAL:OK: BRAKE:0
[2026-05-14 13:34:43] SERIAL:OK: SPEED:0
[2026-05-14 13:34:43] SERIAL:OK: BRAKE:1
[2026-05-14 13:34:46] SERIAL:INFO: servo detached (idle)
[2026-05-14 13:34:57] Автоповоротник ВПРАВО
[2026-05-14 13:34:57] SERIAL:OK: RIGHT:1
[2026-05-14 13:34:58] SERIAL:OK: RIGHT:0
[2026-05-14 13:34:58] SERIAL:OK: RIGHT:1
[2026-05-14 13:34:58] SERIAL:OK: RIGHT:0
[2026-05-14 13:34:59] SERIAL:OK: RIGHT:1
[2026-05-14 13:34:59] Автоповоротник ВПРАВО
[2026-05-14 13:34:59] SERIAL:OK: RIGHT:0
[2026-05-14 13:34:59] SERIAL:OK: RIGHT:1
[2026-05-14 13:35:00] SERIAL:OK: RIGHT:0
[2026-05-14 13:35:00] SERIAL:OK: RIGHT:1
[2026-05-14 13:35:00] SERIAL:OK: RIGHT:0
[2026-05-14 13:35:01] SERIAL:OK: RIGHT:1
[2026-05-14 13:35:01] SERIAL:OK: RIGHT:0
[2026-05-14 13:35:01] SERIAL:OK: RIGHT:1
[2026-05-14 13:35:02] Автоповоротник ВЛІВО
[2026-05-14 13:35:02] SERIAL:OK: RIGHT:0
[2026-05-14 13:35:02] SERIAL:OK: LEFT:1
[2026-05-14 13:35:02] SERIAL:OK: LEFT:0
[2026-05-14 13:35:03] SERIAL:OK: LEFT:1
[2026-05-14 13:35:03] SERIAL:OK: LEFT:0
[2026-05-14 13:35:03] SERIAL:OK: LEFT:1
[2026-05-14 13:35:04] SERIAL:OK: LEFT:0
[2026-05-14 13:35:04] SERIAL:OK: LEFT:1
[2026-05-14 13:35:04] SERIAL:OK: LEFT:0
[2026-05-14 13:35:05] SERIAL:OK: LEFT:1
[2026-05-14 13:35:05] SERIAL:OK: LEFT:0
[2026-05-14 13:35:05] SERIAL:OK: LEFT:1
[2026-05-14 13:35:06] Автоповоротники вимкнено
[2026-05-14 13:35:06] SERIAL:OK: LEFT:0
[2026-05-14 13:35:53] SERIAL:OK: LEFT:0
[2026-05-14 13:35:53] SERIAL:OK: RIGHT:0
[2026-05-14 13:35:53] SERIAL:OK: EMERGENCY:0
[2026-05-14 13:35:53] SERIAL:OK: BRAKE:0
[2026-05-14 13:35:53] SERIAL:OK: BRAKE:1
[2026-05-14 13:35:53] SERIAL:OK: LEFT:0
[2026-05-14 13:35:53] SERIAL:OK: RIGHT:0
[2026-05-14 13:35:53] SERIAL:OK: EMERGENCY:0
[2026-05-14 13:39:23] Arduino підключено: COM12
[2026-05-14 13:39:23] SERIAL:OK: LEFT:0
[2026-05-14 13:39:23] SERIAL:OK: RIGHT:0
[2026-05-14 13:39:23] SERIAL:OK: EMERGENCY:0
[2026-05-14 13:39:26] SERIAL:INFO: servo detached (idle)
[2026-05-14 13:40:34] SERIAL:OK: BRAKE:1
[2026-05-14 13:40:40] SERIAL:OK: SPEED:0
[2026-05-14 13:40:41] SERIAL:OK: SPEED:2
[2026-05-14 13:40:41] SERIAL:OK: BRAKE:0
[2026-05-14 13:40:41] SERIAL:OK: SPEED:6
[2026-05-14 13:40:41] SERIAL:OK: SPEED:11
[2026-05-14 13:40:41] SERIAL:OK: SPEED:17
[2026-05-14 13:40:41] SERIAL:OK: SPEED:24
[2026-05-14 13:40:41] SERIAL:OK: SPEED:31
[2026-05-14 13:40:41] SERIAL:OK: SPEED:36
[2026-05-14 13:40:41] SERIAL:OK: SPEED:39
[2026-05-14 13:40:41] SERIAL:OK: SPEED:40
[2026-05-14 13:40:41] SERIAL:OK: SPEED:41
[2026-05-14 13:40:41] SERIAL:OK: SPEED:40
[2026-05-14 13:40:41] SERIAL:OK: BRAKE:1
[2026-05-14 13:40:41] SERIAL:OK: SPEED:39
[2026-05-14 13:40:41] SERIAL:OK: SPEED:38
[2026-05-14 13:40:42] SERIAL:OK: SPEED:37
[2026-05-14 13:40:42] SERIAL:OK: SPEED:38
[2026-05-14 13:40:42] SERIAL:OK: SPEED:39
[2026-05-14 13:40:42] SERIAL:OK: SPEED:40
[2026-05-14 13:40:42] SERIAL:OK: SPEED:41
[2026-05-14 13:40:42] SERIAL:OK: SPEED:42
[2026-05-14 13:40:42] SERIAL:OK: SPEED:44
[2026-05-14 13:40:42] SERIAL:OK: SPEED:45
[2026-05-14 13:40:42] SERIAL:OK: SPEED:47
[2026-05-14 13:40:42] SERIAL:OK: SPEED:48
[2026-05-14 13:40:42] SERIAL:OK: SPEED:50
[2026-05-14 13:40:42] SERIAL:OK: BRAKE:0
[2026-05-14 13:40:42] SERIAL:OK: SPEED:55
[2026-05-14 13:40:42] SERIAL:OK: SPEED:62
[2026-05-14 13:40:45] Автоповоротник ВЛІВО
[2026-05-14 13:40:45] SERIAL:OK: LEFT:1
[2026-05-14 13:40:46] SERIAL:OK: LEFT:0
[2026-05-14 13:40:46] SERIAL:OK: LEFT:1
[2026-05-14 13:40:46] SERIAL:OK: LEFT:0
[2026-05-14 13:40:47] SERIAL:OK: LEFT:1
[2026-05-14 13:40:47] SERIAL:OK: LEFT:0
[2026-05-14 13:40:47] SERIAL:OK: LEFT:1
[2026-05-14 13:40:48] SERIAL:OK: LEFT:0
[2026-05-14 13:40:48] SERIAL:OK: LEFT:1
[2026-05-14 13:40:48] SERIAL:OK: LEFT:0
[2026-05-14 13:40:48] Автоповоротники вимкнено
[2026-05-14 13:40:51] Автоповоротник ВПРАВО
[2026-05-14 13:40:52] SERIAL:OK: RIGHT:1
[2026-05-14 13:40:52] SERIAL:OK: RIGHT:0
[2026-05-14 13:40:53] SERIAL:OK: RIGHT:1
[2026-05-14 13:40:53] SERIAL:OK: RIGHT:0
[2026-05-14 13:40:53] SERIAL:OK: RIGHT:1
[2026-05-14 13:40:54] SERIAL:OK: RIGHT:0
[2026-05-14 13:40:54] SERIAL:OK: RIGHT:1
[2026-05-14 13:40:54] SERIAL:OK: RIGHT:0
[2026-05-14 13:40:55] SERIAL:OK: RIGHT:1
[2026-05-14 13:40:55] SERIAL:OK: RIGHT:0
[2026-05-14 13:40:55] Автоповоротники вимкнено
[2026-05-14 13:41:26] Автоповоротник ВПРАВО
[2026-05-14 13:41:26] SERIAL:OK: RIGHT:1
[2026-05-14 13:41:27] SERIAL:OK: RIGHT:0
[2026-05-14 13:41:27] SERIAL:OK: RIGHT:1
[2026-05-14 13:41:27] SERIAL:OK: RIGHT:0
[2026-05-14 13:41:28] SERIAL:OK: RIGHT:1
[2026-05-14 13:41:28] SERIAL:OK: RIGHT:0
[2026-05-14 13:41:28] SERIAL:OK: RIGHT:1
[2026-05-14 13:41:29] SERIAL:OK: RIGHT:0
[2026-05-14 13:41:29] SERIAL:OK: RIGHT:1
[2026-05-14 13:41:29] SERIAL:OK: RIGHT:0
[2026-05-14 13:41:30] SERIAL:OK: RIGHT:1
[2026-05-14 13:41:30] SERIAL:OK: RIGHT:0
[2026-05-14 13:41:30] SERIAL:OK: RIGHT:1
[2026-05-14 13:41:31] SERIAL:OK: RIGHT:0
[2026-05-14 13:41:31] SERIAL:OK: RIGHT:1
[2026-05-14 13:41:31] SERIAL:OK: RIGHT:0
[2026-05-14 13:41:32] SERIAL:OK: RIGHT:1
[2026-05-14 13:41:32] SERIAL:OK: RIGHT:0
[2026-05-14 13:41:32] SERIAL:OK: RIGHT:1
[2026-05-14 13:41:33] SERIAL:OK: RIGHT:0
[2026-05-14 13:41:33] SERIAL:OK: RIGHT:1
[2026-05-14 13:41:33] SERIAL:OK: RIGHT:0
[2026-05-14 13:41:33] Автоповоротники вимкнено
[2026-05-14 13:41:36] Автоповоротник ВЛІВО
[2026-05-14 13:41:36] SERIAL:OK: LEFT:1
[2026-05-14 13:41:37] SERIAL:OK: LEFT:0
[2026-05-14 13:41:37] SERIAL:OK: LEFT:1
[2026-05-14 13:41:38] SERIAL:OK: LEFT:0
[2026-05-14 13:41:38] SERIAL:OK: LEFT:1
[2026-05-14 13:41:38] SERIAL:OK: LEFT:0
[2026-05-14 13:41:39] SERIAL:OK: LEFT:1
[2026-05-14 13:41:39] SERIAL:OK: LEFT:0
[2026-05-14 13:41:39] SERIAL:OK: LEFT:1
[2026-05-14 13:41:40] SERIAL:OK: LEFT:0
[2026-05-14 13:41:40] SERIAL:OK: LEFT:1
[2026-05-14 13:41:40] SERIAL:OK: LEFT:0
[2026-05-14 13:41:41] SERIAL:OK: LEFT:1
[2026-05-14 13:41:41] SERIAL:OK: LEFT:0
[2026-05-14 13:41:41] SERIAL:OK: LEFT:1
[2026-05-14 13:41:42] SERIAL:OK: LEFT:0
[2026-05-14 13:41:42] SERIAL:OK: LEFT:1
[2026-05-14 13:41:42] SERIAL:OK: LEFT:0
[2026-05-14 13:41:43] SERIAL:OK: LEFT:1
[2026-05-14 13:41:43] Автоповоротники вимкнено
[2026-05-14 13:41:43] SERIAL:OK: LEFT:0
[2026-05-14 13:41:53] Автоповоротник ВПРАВО
[2026-05-14 13:41:53] SERIAL:OK: RIGHT:1
[2026-05-14 13:41:53] SERIAL:OK: RIGHT:0
[2026-05-14 13:41:53] SERIAL:OK: RIGHT:1
[2026-05-14 13:41:54] SERIAL:OK: RIGHT:0
[2026-05-14 13:41:54] SERIAL:OK: RIGHT:1
[2026-05-14 13:41:54] SERIAL:OK: RIGHT:0
[2026-05-14 13:41:55] SERIAL:OK: RIGHT:1
[2026-05-14 13:41:55] SERIAL:OK: RIGHT:0
[2026-05-14 13:41:55] SERIAL:OK: RIGHT:1
[2026-05-14 13:41:56] Автоповоротники вимкнено
[2026-05-14 13:41:56] SERIAL:OK: RIGHT:0
[2026-05-14 13:41:59] Автоповоротник ВЛІВО
[2026-05-14 13:41:59] SERIAL:OK: LEFT:1
[2026-05-14 13:41:59] SERIAL:OK: LEFT:0
[2026-05-14 13:41:59] SERIAL:OK: LEFT:1
[2026-05-14 13:42:00] SERIAL:OK: LEFT:0
[2026-05-14 13:42:00] SERIAL:OK: LEFT:1
[2026-05-14 13:42:01] SERIAL:OK: LEFT:0
[2026-05-14 13:42:01] SERIAL:OK: LEFT:1
[2026-05-14 13:42:01] SERIAL:OK: LEFT:0
[2026-05-14 13:42:02] SERIAL:OK: LEFT:1
[2026-05-14 13:42:02] SERIAL:OK: LEFT:0
[2026-05-14 13:42:02] Автоповоротники вимкнено
[2026-05-14 13:42:38] SERIAL:OK: ALARM:1
[2026-05-14 13:42:38] НАХИЛ ГОЛОВИ вгору (52.6°)
[2026-05-14 13:42:38] SERIAL:OK: LEFT:1
[2026-05-14 13:42:38] SERIAL:OK: RIGHT:1
[2026-05-14 13:42:38] SERIAL:OK: EMERGENCY:1
[2026-05-14 13:42:38] SERIAL:OK: SPEED:61
[2026-05-14 13:42:38] SERIAL:OK: BRAKE:1
[2026-05-14 13:42:38] SERIAL:OK: SPEED:60
[2026-05-14 13:42:38] SERIAL:OK: SPEED:59
[2026-05-14 13:42:38] SERIAL:OK: LEFT:0
[2026-05-14 13:42:38] SERIAL:OK: RIGHT:0
[2026-05-14 13:42:38] SERIAL:OK: EMERGENCY:0
[2026-05-14 13:42:38] SERIAL:OK: SPEED:58
[2026-05-14 13:42:39] SERIAL:OK: SPEED:57
[2026-05-14 13:42:39] SERIAL:OK: LEFT:1
[2026-05-14 13:42:39] SERIAL:OK: RIGHT:1
[2026-05-14 13:42:39] SERIAL:OK: EMERGENCY:1
[2026-05-14 13:42:39] SERIAL:OK: SPEED:56
[2026-05-14 13:42:39] SERIAL:OK: SPEED:55
[2026-05-14 13:42:39] SERIAL:OK: LEFT:0
[2026-05-14 13:42:39] SERIAL:OK: RIGHT:0
[2026-05-14 13:42:39] SERIAL:OK: EMERGENCY:0
[2026-05-14 13:42:39] SERIAL:OK: SPEED:54
[2026-05-14 13:42:39] SERIAL:OK: SPEED:53
[2026-05-14 13:42:39] SERIAL:OK: LEFT:1
[2026-05-14 13:42:39] SERIAL:OK: RIGHT:1
[2026-05-14 13:42:39] SERIAL:OK: EMERGENCY:1
[2026-05-14 13:42:39] SERIAL:OK: SPEED:52
[2026-05-14 13:42:40] SERIAL:OK: SPEED:51
[2026-05-14 13:42:40] SERIAL:OK: LEFT:0
[2026-05-14 13:42:40] SERIAL:OK: RIGHT:0
[2026-05-14 13:42:40] SERIAL:OK: EMERGENCY:0
[2026-05-14 13:42:40] SERIAL:OK: SPEED:50
[2026-05-14 13:42:40] SERIAL:OK: SPEED:49
[2026-05-14 13:42:40] SERIAL:OK: LEFT:1
[2026-05-14 13:42:40] SERIAL:OK: RIGHT:1
[2026-05-14 13:42:40] SERIAL:OK: EMERGENCY:1
[2026-05-14 13:42:40] SERIAL:OK: SPEED:48
[2026-05-14 13:42:40] SERIAL:OK: SPEED:47
[2026-05-14 13:42:40] SERIAL:OK: SPEED:46
[2026-05-14 13:42:40] SERIAL:OK: LEFT:0
[2026-05-14 13:42:40] SERIAL:OK: RIGHT:0
[2026-05-14 13:42:40] SERIAL:OK: EMERGENCY:0
[2026-05-14 13:42:41] SERIAL:OK: SPEED:45
[2026-05-14 13:42:41] SERIAL:OK: SPEED:44
[2026-05-14 13:42:41] SERIAL:OK: LEFT:1
[2026-05-14 13:42:41] SERIAL:OK: RIGHT:1
[2026-05-14 13:42:41] SERIAL:OK: EMERGENCY:1
[2026-05-14 13:42:41] SERIAL:OK: SPEED:43
[2026-05-14 13:42:41] SERIAL:OK: SPEED:42
[2026-05-14 13:42:41] SERIAL:OK: LEFT:0
[2026-05-14 13:42:41] SERIAL:OK: RIGHT:0
[2026-05-14 13:42:41] SERIAL:OK: EMERGENCY:0
[2026-05-14 13:42:41] SERIAL:OK: SPEED:41
[2026-05-14 13:42:41] SERIAL:OK: SPEED:40
[2026-05-14 13:42:41] SERIAL:OK: LEFT:1
[2026-05-14 13:42:41] SERIAL:OK: RIGHT:1
[2026-05-14 13:42:41] SERIAL:OK: EMERGENCY:1
[2026-05-14 13:42:42] SERIAL:OK: SPEED:39
[2026-05-14 13:42:42] SERIAL:OK: SPEED:38
[2026-05-14 13:42:42] SERIAL:OK: LEFT:0
[2026-05-14 13:42:42] SERIAL:OK: RIGHT:0
[2026-05-14 13:42:42] SERIAL:OK: EMERGENCY:0
[2026-05-14 13:42:42] SERIAL:OK: SPEED:37
[2026-05-14 13:42:42] SERIAL:OK: SPEED:36
[2026-05-14 13:42:42] SERIAL:OK: LEFT:1
[2026-05-14 13:42:42] SERIAL:OK: RIGHT:1
[2026-05-14 13:42:42] SERIAL:OK: EMERGENCY:1
[2026-05-14 13:42:42] SERIAL:OK: SPEED:35
[2026-05-14 13:42:42] SERIAL:OK: SPEED:34
[2026-05-14 13:42:42] SERIAL:OK: LEFT:0
[2026-05-14 13:42:42] SERIAL:OK: RIGHT:0
[2026-05-14 13:42:42] SERIAL:OK: EMERGENCY:0
[2026-05-14 13:42:42] SERIAL:OK: SPEED:33
[2026-05-14 13:42:43] SERIAL:OK: SPEED:32
[2026-05-14 13:42:43] SERIAL:OK: LEFT:1
[2026-05-14 13:42:43] SERIAL:OK: RIGHT:1
[2026-05-14 13:42:43] SERIAL:OK: EMERGENCY:1
[2026-05-14 13:42:43] SERIAL:OK: SPEED:31
[2026-05-14 13:42:43] SERIAL:OK: SPEED:30
[2026-05-14 13:42:43] SERIAL:OK: SPEED:29
[2026-05-14 13:42:43] SERIAL:OK: LEFT:0
[2026-05-14 13:42:43] SERIAL:OK: RIGHT:0
[2026-05-14 13:42:43] SERIAL:OK: EMERGENCY:0
[2026-05-14 13:42:43] SERIAL:OK: SPEED:28
[2026-05-14 13:42:43] SERIAL:OK: SPEED:27
[2026-05-14 13:42:43] SERIAL:OK: LEFT:1
[2026-05-14 13:42:43] SERIAL:OK: RIGHT:1
[2026-05-14 13:42:43] SERIAL:OK: EMERGENCY:1
[2026-05-14 13:42:44] SERIAL:OK: SPEED:26
[2026-05-14 13:42:44] SERIAL:OK: SPEED:25
[2026-05-14 13:42:44] SERIAL:OK: LEFT:0
[2026-05-14 13:42:44] SERIAL:OK: RIGHT:0
[2026-05-14 13:42:44] SERIAL:OK: EMERGENCY:0
[2026-05-14 13:42:44] SERIAL:OK: SPEED:24
[2026-05-14 13:42:44] SERIAL:OK: SPEED:23
[2026-05-14 13:42:44] SERIAL:OK: LEFT:1
[2026-05-14 13:42:44] SERIAL:OK: RIGHT:1
[2026-05-14 13:42:44] SERIAL:OK: EMERGENCY:1
[2026-05-14 13:42:44] SERIAL:OK: SPEED:22
[2026-05-14 13:42:44] SERIAL:OK: SPEED:21
[2026-05-14 13:42:44] SERIAL:OK: LEFT:0
[2026-05-14 13:42:44] SERIAL:OK: RIGHT:0
[2026-05-14 13:42:44] SERIAL:OK: EMERGENCY:0
[2026-05-14 13:42:45] SERIAL:OK: SPEED:20
[2026-05-14 13:42:45] SERIAL:OK: SPEED:19
[2026-05-14 13:42:45] SERIAL:OK: LEFT:1
[2026-05-14 13:42:45] SERIAL:OK: RIGHT:1
[2026-05-14 13:42:45] SERIAL:OK: EMERGENCY:1
[2026-05-14 13:42:45] SERIAL:OK: SPEED:18
[2026-05-14 13:42:45] SERIAL:OK: SPEED:17
[2026-05-14 13:42:45] SERIAL:OK: LEFT:0
[2026-05-14 13:42:45] SERIAL:OK: RIGHT:0
[2026-05-14 13:42:45] SERIAL:OK: EMERGENCY:0
[2026-05-14 13:42:45] SERIAL:OK: SPEED:16
[2026-05-14 13:42:45] SERIAL:OK: SPEED:15
[2026-05-14 13:42:46] SERIAL:OK: LEFT:1
[2026-05-14 13:42:46] SERIAL:OK: RIGHT:1
[2026-05-14 13:42:46] SERIAL:OK: EMERGENCY:1
[2026-05-14 13:42:46] SERIAL:OK: SPEED:14
[2026-05-14 13:42:46] SERIAL:OK: SPEED:13
[2026-05-14 13:42:46] SERIAL:OK: SPEED:12
[2026-05-14 13:42:46] SERIAL:OK: LEFT:0
[2026-05-14 13:42:46] SERIAL:OK: RIGHT:0
[2026-05-14 13:42:46] SERIAL:OK: EMERGENCY:0
[2026-05-14 13:42:46] SERIAL:OK: SPEED:11
[2026-05-14 13:42:46] SERIAL:OK: SPEED:10
[2026-05-14 13:42:46] SERIAL:OK: LEFT:1
[2026-05-14 13:42:46] SERIAL:OK: RIGHT:1
[2026-05-14 13:42:46] SERIAL:OK: EMERGENCY:1
[2026-05-14 13:42:46] SERIAL:OK: SPEED:9
[2026-05-14 13:42:47] SERIAL:OK: SPEED:8
[2026-05-14 13:42:47] SERIAL:OK: LEFT:0
[2026-05-14 13:42:47] SERIAL:OK: RIGHT:0
[2026-05-14 13:42:47] SERIAL:OK: EMERGENCY:0
[2026-05-14 13:42:47] SERIAL:OK: SPEED:7
[2026-05-14 13:42:47] SERIAL:OK: SPEED:6
[2026-05-14 13:42:47] SERIAL:OK: LEFT:1
[2026-05-14 13:42:47] SERIAL:OK: RIGHT:1
[2026-05-14 13:42:47] SERIAL:OK: EMERGENCY:1
[2026-05-14 13:42:47] SERIAL:OK: SPEED:5
[2026-05-14 13:42:47] SERIAL:OK: SPEED:4
[2026-05-14 13:42:47] SERIAL:OK: LEFT:0
[2026-05-14 13:42:47] SERIAL:OK: RIGHT:0
[2026-05-14 13:42:47] SERIAL:OK: EMERGENCY:0
[2026-05-14 13:42:47] SERIAL:OK: SPEED:3
[2026-05-14 13:42:47] SERIAL:OK: SPEED:2
[2026-05-14 13:42:48] SERIAL:OK: LEFT:1
[2026-05-14 13:42:48] SERIAL:OK: RIGHT:1
[2026-05-14 13:42:48] SERIAL:OK: EMERGENCY:1
[2026-05-14 13:42:48] SERIAL:OK: SPEED:1
[2026-05-14 13:42:48] SERIAL:OK: SPEED:0
[2026-05-14 13:42:48] Аварійку вимкнено жестом peace
[2026-05-14 13:42:48] SERIAL:OK: ALARM:0
[2026-05-14 13:42:48] SERIAL:OK: LEFT:0
[2026-05-14 13:42:48] SERIAL:OK: RIGHT:0
[2026-05-14 13:42:48] SERIAL:OK: EMERGENCY:0
[2026-05-14 13:42:50] SERIAL:OK: SPEED:83
[2026-05-14 13:42:50] SERIAL:OK: BRAKE:0
[2026-05-14 13:42:50] SERIAL:OK: SPEED:62
[2026-05-14 13:42:50] SERIAL:OK: BRAKE:1
[2026-05-14 13:42:50] SERIAL:OK: SPEED:42
[2026-05-14 13:42:50] SERIAL:OK: SPEED:31
[2026-05-14 13:42:50] SERIAL:OK: SPEED:25
[2026-05-14 13:42:50] SERIAL:OK: SPEED:8
[2026-05-14 13:42:50] SERIAL:OK: SPEED:0
[2026-05-14 13:42:51] SERIAL:OK: SPEED:8
[2026-05-14 13:42:51] SERIAL:OK: BRAKE:0
[2026-05-14 13:42:51] SERIAL:OK: SPEED:18
[2026-05-14 13:42:51] SERIAL:OK: SPEED:28
[2026-05-14 13:42:51] SERIAL:OK: SPEED:39
[2026-05-14 13:42:51] SERIAL:OK: SPEED:49
[2026-05-14 13:42:51] SERIAL:OK: SPEED:51
[2026-05-14 13:42:51] SERIAL:OK: SPEED:52
[2026-05-14 13:42:51] SERIAL:OK: SPEED:51
[2026-05-14 13:42:51] SERIAL:OK: BRAKE:1
[2026-05-14 13:42:51] SERIAL:OK: SPEED:50
[2026-05-14 13:42:51] SERIAL:OK: SPEED:49
[2026-05-14 13:42:51] SERIAL:OK: SPEED:48
[2026-05-14 13:42:51] SERIAL:OK: SPEED:47
[2026-05-14 13:42:51] SERIAL:OK: SPEED:46
[2026-05-14 13:42:52] SERIAL:OK: SPEED:45
[2026-05-14 13:42:52] SERIAL:OK: SPEED:44
[2026-05-14 13:42:52] SERIAL:OK: SPEED:43
[2026-05-14 13:42:52] SERIAL:OK: SPEED:44
[2026-05-14 13:42:52] SERIAL:OK: SPEED:43
[2026-05-14 13:42:52] SERIAL:OK: SPEED:44
[2026-05-14 13:42:52] SERIAL:OK: SPEED:45
[2026-05-14 13:42:52] SERIAL:OK: SPEED:46
[2026-05-14 13:42:52] SERIAL:OK: SPEED:44
[2026-05-14 13:42:53] SERIAL:OK: BRAKE:0
[2026-05-14 13:43:07] SERIAL:OK: ALARM:1
[2026-05-14 13:43:07] НАХИЛ ГОЛОВИ вниз (-22.5°)
[2026-05-14 13:43:07] SERIAL:OK: BRAKE:1
[2026-05-14 13:43:07] SERIAL:OK: SPEED:43
[2026-05-14 13:43:08] SERIAL:OK: SPEED:42
[2026-05-14 13:43:08] SERIAL:OK: LEFT:1
[2026-05-14 13:43:08] SERIAL:OK: RIGHT:1
[2026-05-14 13:43:08] SERIAL:OK: EMERGENCY:1
[2026-05-14 13:43:08] SERIAL:OK: SPEED:41
[2026-05-14 13:43:08] SERIAL:OK: SPEED:40
[2026-05-14 13:43:08] SERIAL:OK: LEFT:0
[2026-05-14 13:43:08] SERIAL:OK: RIGHT:0
[2026-05-14 13:43:08] SERIAL:OK: EMERGENCY:0
[2026-05-14 13:43:08] SERIAL:OK: SPEED:39
[2026-05-14 13:43:09] SERIAL:OK: LEFT:1
[2026-05-14 13:43:09] SERIAL:OK: RIGHT:1
[2026-05-14 13:43:09] SERIAL:OK: EMERGENCY:1
[2026-05-14 13:43:09] SERIAL:OK: SPEED:38
[2026-05-14 13:43:09] SERIAL:OK: SPEED:37
[2026-05-14 13:43:09] SERIAL:OK: LEFT:0
[2026-05-14 13:43:09] SERIAL:OK: RIGHT:0
[2026-05-14 13:43:09] SERIAL:OK: EMERGENCY:0
[2026-05-14 13:43:09] SERIAL:OK: SPEED:36
[2026-05-14 13:43:09] SERIAL:OK: LEFT:1
[2026-05-14 13:43:09] SERIAL:OK: RIGHT:1
[2026-05-14 13:43:09] SERIAL:OK: EMERGENCY:1
[2026-05-14 13:43:09] SERIAL:OK: SPEED:35
[2026-05-14 13:43:10] SERIAL:OK: SPEED:34
[2026-05-14 13:43:10] SERIAL:OK: LEFT:0
[2026-05-14 13:43:10] SERIAL:OK: RIGHT:0
[2026-05-14 13:43:10] SERIAL:OK: EMERGENCY:0
[2026-05-14 13:43:10] SERIAL:OK: SPEED:33
[2026-05-14 13:43:10] SERIAL:OK: LEFT:1
[2026-05-14 13:43:10] SERIAL:OK: RIGHT:1
[2026-05-14 13:43:10] SERIAL:OK: EMERGENCY:1
[2026-05-14 13:43:10] SERIAL:OK: SPEED:32
[2026-05-14 13:43:10] SERIAL:OK: SPEED:31
[2026-05-14 13:43:10] SERIAL:OK: LEFT:0
[2026-05-14 13:43:10] SERIAL:OK: RIGHT:0
[2026-05-14 13:43:10] SERIAL:OK: EMERGENCY:0
[2026-05-14 13:43:10] SERIAL:OK: SPEED:30
[2026-05-14 13:43:11] SERIAL:OK: LEFT:1
[2026-05-14 13:43:11] SERIAL:OK: RIGHT:1
[2026-05-14 13:43:11] SERIAL:OK: EMERGENCY:1
[2026-05-14 13:43:11] SERIAL:OK: SPEED:29
[2026-05-14 13:43:11] SERIAL:OK: SPEED:28
[2026-05-14 13:43:11] SERIAL:OK: LEFT:0
[2026-05-14 13:43:11] SERIAL:OK: RIGHT:0
[2026-05-14 13:43:11] SERIAL:OK: EMERGENCY:0
[2026-05-14 13:43:11] SERIAL:OK: SPEED:27
[2026-05-14 13:43:11] SERIAL:OK: LEFT:1
[2026-05-14 13:43:11] SERIAL:OK: RIGHT:1
[2026-05-14 13:43:11] SERIAL:OK: EMERGENCY:1
[2026-05-14 13:43:11] SERIAL:OK: SPEED:26
[2026-05-14 13:43:12] SERIAL:OK: LEFT:0
[2026-05-14 13:43:12] SERIAL:OK: RIGHT:0
[2026-05-14 13:43:12] SERIAL:OK: EMERGENCY:0
[2026-05-14 13:43:12] SERIAL:OK: SPEED:25
[2026-05-14 13:43:12] SERIAL:OK: SPEED:24
[2026-05-14 13:43:12] SERIAL:OK: LEFT:1
[2026-05-14 13:43:12] SERIAL:OK: RIGHT:1
[2026-05-14 13:43:12] SERIAL:OK: EMERGENCY:1
[2026-05-14 13:43:12] SERIAL:OK: SPEED:23
[2026-05-14 13:43:12] SERIAL:OK: LEFT:0
[2026-05-14 13:43:12] SERIAL:OK: RIGHT:0
[2026-05-14 13:43:12] SERIAL:OK: EMERGENCY:0
[2026-05-14 13:43:12] SERIAL:OK: SPEED:22
[2026-05-14 13:43:13] SERIAL:OK: SPEED:21
[2026-05-14 13:43:13] SERIAL:OK: LEFT:1
[2026-05-14 13:43:13] SERIAL:OK: RIGHT:1
[2026-05-14 13:43:13] SERIAL:OK: EMERGENCY:1
[2026-05-14 13:43:13] SERIAL:OK: SPEED:20
[2026-05-14 13:43:13] SERIAL:OK: LEFT:0
[2026-05-14 13:43:13] SERIAL:OK: RIGHT:0
[2026-05-14 13:43:13] SERIAL:OK: EMERGENCY:0
[2026-05-14 13:43:13] SERIAL:OK: SPEED:19
[2026-05-14 13:43:13] SERIAL:OK: SPEED:18
[2026-05-14 13:43:13] SERIAL:OK: LEFT:1
[2026-05-14 13:43:13] SERIAL:OK: RIGHT:1
[2026-05-14 13:43:13] SERIAL:OK: EMERGENCY:1
[2026-05-14 13:43:13] SERIAL:OK: SPEED:17
[2026-05-14 13:43:14] SERIAL:OK: LEFT:0
[2026-05-14 13:43:14] SERIAL:OK: RIGHT:0
[2026-05-14 13:43:14] SERIAL:OK: EMERGENCY:0
[2026-05-14 13:43:14] SERIAL:OK: SPEED:16
[2026-05-14 13:43:14] SERIAL:OK: SPEED:15
[2026-05-14 13:43:14] SERIAL:OK: LEFT:1
[2026-05-14 13:43:14] SERIAL:OK: RIGHT:1
[2026-05-14 13:43:14] SERIAL:OK: EMERGENCY:1
[2026-05-14 13:43:14] SERIAL:OK: SPEED:14
[2026-05-14 13:43:14] SERIAL:OK: LEFT:0
[2026-05-14 13:43:14] SERIAL:OK: RIGHT:0
[2026-05-14 13:43:14] SERIAL:OK: EMERGENCY:0
[2026-05-14 13:43:14] SERIAL:OK: SPEED:13
[2026-05-14 13:43:15] SERIAL:OK: SPEED:12
[2026-05-14 13:43:15] SERIAL:OK: LEFT:1
[2026-05-14 13:43:15] SERIAL:OK: RIGHT:1
[2026-05-14 13:43:15] SERIAL:OK: EMERGENCY:1
[2026-05-14 13:43:15] SERIAL:OK: SPEED:11
[2026-05-14 13:43:15] SERIAL:OK: LEFT:0
[2026-05-14 13:43:15] SERIAL:OK: RIGHT:0
[2026-05-14 13:43:15] SERIAL:OK: EMERGENCY:0
[2026-05-14 13:43:15] SERIAL:OK: SPEED:10
[2026-05-14 13:43:15] SERIAL:OK: SPEED:9
[2026-05-14 13:43:15] SERIAL:OK: LEFT:1
[2026-05-14 13:43:15] SERIAL:OK: RIGHT:1
[2026-05-14 13:43:15] SERIAL:OK: EMERGENCY:1
[2026-05-14 13:43:15] SERIAL:OK: SPEED:8
[2026-05-14 13:43:16] SERIAL:OK: LEFT:0
[2026-05-14 13:43:16] SERIAL:OK: RIGHT:0
[2026-05-14 13:43:16] SERIAL:OK: EMERGENCY:0
[2026-05-14 13:43:16] SERIAL:OK: SPEED:7
[2026-05-14 13:43:16] SERIAL:OK: SPEED:6
[2026-05-14 13:43:16] SERIAL:OK: LEFT:1
[2026-05-14 13:43:16] SERIAL:OK: RIGHT:1
[2026-05-14 13:43:16] SERIAL:OK: EMERGENCY:1
[2026-05-14 13:43:16] SERIAL:OK: SPEED:5
[2026-05-14 13:43:16] SERIAL:OK: LEFT:0
[2026-05-14 13:43:16] SERIAL:OK: RIGHT:0
[2026-05-14 13:43:16] SERIAL:OK: EMERGENCY:0
[2026-05-14 13:43:16] SERIAL:OK: SPEED:4
[2026-05-14 13:43:17] SERIAL:OK: SPEED:3
[2026-05-14 13:43:17] SERIAL:OK: LEFT:1
[2026-05-14 13:43:17] SERIAL:OK: RIGHT:1
[2026-05-14 13:43:17] SERIAL:OK: EMERGENCY:1
[2026-05-14 13:43:17] SERIAL:OK: SPEED:2
[2026-05-14 13:43:17] SERIAL:OK: LEFT:0
[2026-05-14 13:43:17] SERIAL:OK: RIGHT:0
[2026-05-14 13:43:17] SERIAL:OK: EMERGENCY:0
[2026-05-14 13:43:17] SERIAL:OK: SPEED:1
[2026-05-14 13:43:17] SERIAL:OK: SPEED:0
[2026-05-14 13:43:17] SERIAL:OK: LEFT:1
[2026-05-14 13:43:17] SERIAL:OK: RIGHT:1
[2026-05-14 13:43:17] SERIAL:OK: EMERGENCY:1
[2026-05-14 13:43:18] SERIAL:OK: LEFT:0
[2026-05-14 13:43:18] SERIAL:OK: RIGHT:0
[2026-05-14 13:43:18] SERIAL:OK: EMERGENCY:0
[2026-05-14 13:43:18] SERIAL:OK: LEFT:1
[2026-05-14 13:43:18] SERIAL:OK: RIGHT:1
[2026-05-14 13:43:18] SERIAL:OK: EMERGENCY:1
[2026-05-14 13:43:18] Аварійку вимкнено жестом peace
[2026-05-14 13:43:18] SERIAL:OK: ALARM:0
[2026-05-14 13:43:18] SERIAL:OK: LEFT:0
[2026-05-14 13:43:18] SERIAL:OK: RIGHT:0
[2026-05-14 13:43:18] SERIAL:OK: EMERGENCY:0
[2026-05-14 13:43:20] SERIAL:INFO: servo detached (idle)
[2026-05-14 13:43:31] SERIAL:OK: SPEED:14
[2026-05-14 13:43:31] SERIAL:OK: BRAKE:0
[2026-05-14 13:43:32] SERIAL:OK: SPEED:9
[2026-05-14 13:43:32] SERIAL:OK: BRAKE:1
[2026-05-14 13:43:32] SERIAL:OK: SPEED:6
[2026-05-14 13:43:33] SERIAL:OK: SPEED:4
[2026-05-14 13:43:33] SERIAL:OK: SPEED:1
[2026-05-14 13:43:33] SERIAL:OK: SPEED:0
[2026-05-14 13:43:36] SERIAL:INFO: servo detached (idle)
[2026-05-14 13:43:43] SERIAL:OK: BRAKE:0
[2026-05-14 13:43:43] SERIAL:OK: SPEED:7
[2026-05-14 13:43:43] SERIAL:OK: SPEED:14
[2026-05-14 13:43:43] SERIAL:OK: SPEED:23
[2026-05-14 13:43:43] SERIAL:OK: SPEED:33
[2026-05-14 13:43:43] SERIAL:OK: SPEED:43
[2026-05-14 13:43:43] SERIAL:OK: SPEED:47
[2026-05-14 13:43:43] SERIAL:OK: SPEED:51
[2026-05-14 13:43:43] SERIAL:OK: SPEED:53
[2026-05-14 13:43:43] SERIAL:OK: SPEED:54
[2026-05-14 13:43:43] SERIAL:OK: SPEED:55
[2026-05-14 13:43:44] SERIAL:OK: SPEED:56
[2026-05-14 13:43:44] SERIAL:OK: SPEED:57
[2026-05-14 13:43:44] SERIAL:OK: SPEED:59
[2026-05-14 13:43:44] SERIAL:OK: SPEED:63
[2026-05-14 13:43:44] SERIAL:OK: SPEED:70
[2026-05-14 13:43:45] Обличчя зникло
[2026-05-14 13:43:54] SERIAL:OK: SPEED:67
[2026-05-14 13:43:54] SERIAL:OK: BRAKE:1
[2026-05-14 13:43:55] SERIAL:OK: SPEED:61
[2026-05-14 13:43:55] SERIAL:OK: SPEED:55
[2026-05-14 13:43:55] SERIAL:OK: SPEED:40
[2026-05-14 13:43:55] SERIAL:OK: SPEED:22
[2026-05-14 13:43:55] SERIAL:OK: SPEED:13
[2026-05-14 13:43:55] SERIAL:OK: SPEED:7
[2026-05-14 13:43:55] SERIAL:OK: SPEED:0
[2026-05-14 13:43:57] SERIAL:OK: LEFT:0
[2026-05-14 13:43:57] SERIAL:OK: RIGHT:0
[2026-05-14 13:43:57] SERIAL:OK: EMERGENCY:0
[2026-05-14 13:43:57] SERIAL:OK: BRAKE:0
[2026-05-14 13:43:57] SERIAL:OK: LEFT:0
[2026-05-14 13:43:57] SERIAL:OK: RIGHT:0
[2026-05-14 13:43:57] SERIAL:OK: EMERGENCY:0
[2026-05-14 13:43:57] SERIAL:OK: BRAKE:1
[2026-05-14 13:43:58] SERIAL:INFO: servo detached (idle)
[2026-05-14 13:45:14] SERIAL:OK: LEFT:0
[2026-05-14 13:45:14] SERIAL:OK: RIGHT:0
[2026-05-14 13:45:14] SERIAL:OK: EMERGENCY:0
[2026-05-14 13:45:14] SERIAL:OK: BRAKE:0
[2026-05-14 13:45:14] SERIAL:OK: LEFT:0
[2026-05-14 13:45:14] SERIAL:OK: RIGHT:0
[2026-05-14 13:45:14] SERIAL:OK: EMERGENCY:0
[2026-05-14 13:45:14] SERIAL:OK: BRAKE:1
[2026-05-14 13:47:21] Arduino підключено: COM12
[2026-05-14 13:47:22] SERIAL:OK: LEFT:0
[2026-05-14 13:47:22] SERIAL:OK: RIGHT:0
[2026-05-14 13:47:22] SERIAL:OK: EMERGENCY:0
[2026-05-14 13:47:23] SERIAL:OK: BRAKE:1
[2026-05-14 13:47:24] SERIAL:INFO: servo detached (idle)
[2026-05-14 13:47:33] SERIAL:OK: SPEED:0
[2026-05-14 13:47:33] SERIAL:OK: LEFT:0
[2026-05-14 13:47:33] SERIAL:OK: RIGHT:0
[2026-05-14 13:47:33] SERIAL:OK: EMERGENCY:0
[2026-05-14 13:47:33] SERIAL:OK: BRAKE:0
[2026-05-14 13:47:33] SERIAL:OK: ALARM:0
[2026-05-14 13:47:33] SERIAL:OK: BRAKE:1
[2026-05-14 13:47:33] SERIAL:OK: LEFT:0
[2026-05-14 13:47:33] SERIAL:OK: RIGHT:0
[2026-05-14 13:47:33] SERIAL:OK: EMERGENCY:0
[2026-05-15 23:32:09] Arduino не знайдено
[2026-05-15 23:36:25] Arduino не знайдено
[2026-05-15 23:37:47] Arduino не знайдено
[2026-05-15 23:38:28] Автоповоротник ВЛІВО
[2026-05-15 23:38:30] Автоповоротник ВЛІВО
[2026-05-15 23:38:32] Автоповоротник ВЛІВО
[2026-05-15 23:38:36] Автоповоротник ВПРАВО
[2026-05-15 23:38:50] Автоповоротник ВЛІВО
[2026-05-15 23:38:56] Автоповоротники вимкнено
[2026-05-15 23:43:25] Arduino не знайдено
[2026-05-15 23:52:05] Аварійку вимкнено жестом peace
[2026-05-15 23:52:21] Автоповоротник ВЛІВО
[2026-05-15 23:52:23] Автоповоротник ВЛІВО
[2026-05-15 23:52:25] Автоповоротники вимкнено
[2026-05-15 23:52:30] Автоповоротник ВПРАВО
[2026-05-15 23:52:33] Автоповоротники вимкнено
[2026-05-15 23:52:43] НАХИЛ ГОЛОВИ вниз (41.8°)
[2026-05-15 23:52:45] Аварійку вимкнено жестом peace
[2026-05-15 23:56:33] Arduino не знайдено
[2026-05-15 23:57:08] Автоповоротник ВПРАВО
[2026-05-15 23:57:12] Автоповоротники вимкнено
[2026-05-15 23:57:14] Автоповоротник ВЛІВО
[2026-05-15 23:57:17] Автоповоротники вимкнено
[2026-05-18 16:39:00] Arduino підключено: COM12
[2026-05-18 16:39:01] SERIAL:OK: LEFT:0
[2026-05-18 16:39:01] SERIAL:OK: RIGHT:0
[2026-05-18 16:39:01] SERIAL:OK: EMERGENCY:0
[2026-05-18 16:39:02] SERIAL:INFO: servo detached (idle)
[2026-05-18 17:00:25] SERIAL:OK: BRAKE:1
[2026-05-18 17:00:53] SERIAL:OK: SPEED:0
[2026-05-18 17:00:56] SERIAL:INFO: servo detached (idle)
[2026-05-18 17:02:35] SERIAL:OK: ALARM:1
[2026-05-18 17:02:35] НАХИЛ ГОЛОВИ вниз (53.2°)
[2026-05-18 17:02:36] SERIAL:OK: LEFT:1
[2026-05-18 17:02:36] SERIAL:OK: RIGHT:1
[2026-05-18 17:02:36] SERIAL:OK: EMERGENCY:1
[2026-05-18 17:02:36] SERIAL:OK: LEFT:0
[2026-05-18 17:02:36] SERIAL:OK: RIGHT:0
[2026-05-18 17:02:36] SERIAL:OK: EMERGENCY:0
[2026-05-18 17:02:36] SERIAL:OK: LEFT:1
[2026-05-18 17:02:36] SERIAL:OK: RIGHT:1
[2026-05-18 17:02:36] SERIAL:OK: EMERGENCY:1
[2026-05-18 17:02:37] SERIAL:OK: LEFT:0
[2026-05-18 17:02:37] SERIAL:OK: RIGHT:0
[2026-05-18 17:02:37] SERIAL:OK: EMERGENCY:0
[2026-05-18 17:02:37] Аварійку вимкнено жестом peace
[2026-05-18 17:02:37] SERIAL:OK: ALARM:0
[2026-05-18 17:02:41] SERIAL:OK: ALARM:1
[2026-05-18 17:02:42] SERIAL:OK: LEFT:1
[2026-05-18 17:02:42] SERIAL:OK: RIGHT:1
[2026-05-18 17:02:42] SERIAL:OK: EMERGENCY:1
[2026-05-18 17:02:42] SERIAL:OK: LEFT:0
[2026-05-18 17:02:42] SERIAL:OK: RIGHT:0
[2026-05-18 17:02:42] SERIAL:OK: EMERGENCY:0
[2026-05-18 17:02:43] Аварійку вимкнено жестом peace
[2026-05-18 17:02:43] SERIAL:OK: ALARM:0
[2026-05-18 17:02:45] SERIAL:OK: LEFT:0
[2026-05-18 17:02:45] SERIAL:OK: RIGHT:0
[2026-05-18 17:02:45] SERIAL:OK: EMERGENCY:0
[2026-05-18 17:02:45] SERIAL:OK: BRAKE:0
[2026-05-18 17:02:45] SERIAL:OK: LEFT:0
[2026-05-18 17:02:45] SERIAL:OK: RIGHT:0
[2026-05-18 17:02:45] SERIAL:OK: EMERGENCY:0
[2026-05-18 17:02:45] SERIAL:OK: BRAKE:1
[2026-05-18 17:05:38] SERIAL:OK: SPEED:70
[2026-05-18 17:05:38] SERIAL:OK: BRAKE:0
[2026-05-18 17:05:38] SERIAL:OK: SPEED:69
[2026-05-18 17:05:38] SERIAL:OK: SPEED:70
[2026-05-18 17:05:38] SERIAL:OK: SPEED:71
[2026-05-18 17:05:39] SERIAL:OK: SPEED:72
[2026-05-18 17:05:39] SERIAL:OK: SPEED:73
[2026-05-18 17:05:39] SERIAL:OK: SPEED:74
[2026-05-18 17:05:39] SERIAL:OK: SPEED:75
[2026-05-18 17:05:39] SERIAL:OK: SPEED:76
[2026-05-18 17:05:39] SERIAL:OK: SPEED:77
[2026-05-18 17:05:39] SERIAL:OK: SPEED:78
[2026-05-18 17:05:39] SERIAL:OK: SPEED:80
[2026-05-18 17:05:39] SERIAL:OK: SPEED:82
[2026-05-18 17:05:39] SERIAL:OK: SPEED:83
[2026-05-18 17:05:39] SERIAL:OK: SPEED:79
[2026-05-18 17:05:39] SERIAL:OK: BRAKE:1
[2026-05-18 17:05:39] SERIAL:OK: SPEED:72
[2026-05-18 17:05:39] SERIAL:OK: SPEED:62
[2026-05-18 17:05:39] SERIAL:OK: SPEED:48
[2026-05-18 17:05:40] SERIAL:OK: SPEED:34
[2026-05-18 17:05:40] SERIAL:OK: SPEED:22
[2026-05-18 17:05:40] SERIAL:OK: SPEED:12
[2026-05-18 17:05:40] SERIAL:OK: SPEED:6
[2026-05-18 17:05:40] SERIAL:OK: SPEED:2
[2026-05-18 17:05:40] SERIAL:OK: SPEED:0
[2026-05-18 17:05:43] SERIAL:INFO: servo detached (idle)
[2026-05-18 17:05:49] SERIAL:OK: SPEED:2
[2026-05-18 17:05:49] SERIAL:OK: BRAKE:0
[2026-05-18 17:05:50] SERIAL:OK: SPEED:4
[2026-05-18 17:06:06] SERIAL:OK: SPEED:0
[2026-05-18 17:06:06] SERIAL:OK: LEFT:0
[2026-05-18 17:06:06] SERIAL:OK: RIGHT:0
[2026-05-18 17:06:06] SERIAL:OK: EMERGENCY:0
[2026-05-18 17:06:06] SERIAL:OK: BRAKE:1
[2026-05-18 17:06:06] SERIAL:OK: LEFT:0
[2026-05-18 17:06:06] SERIAL:OK: RIGHT:0
[2026-05-18 17:06:06] SERIAL:OK: EMERGENCY:0
[2026-05-18 17:06:09] SERIAL:INFO: servo detached (idle)
[2026-05-18 17:12:39] Arduino підключено: COM12
[2026-05-18 17:12:39] SERIAL:OK: LEFT:0
[2026-05-18 17:12:39] SERIAL:OK: RIGHT:0
[2026-05-18 17:12:39] SERIAL:OK: EMERGENCY:0
[2026-05-18 17:12:41] SERIAL:INFO: servo detached (idle)
[2026-05-18 17:13:25] SERIAL:OK: BRAKE:1
[2026-05-18 17:13:33] SERIAL:OK: SPEED:0
[2026-05-18 17:13:36] SERIAL:OK: SPEED:1
[2026-05-18 17:13:36] SERIAL:OK: BRAKE:0
[2026-05-18 17:14:16] SERIAL:OK: SPEED:0
[2026-05-18 17:14:16] SERIAL:OK: LEFT:0
[2026-05-18 17:14:16] SERIAL:OK: RIGHT:0
[2026-05-18 17:14:16] SERIAL:OK: EMERGENCY:0
[2026-05-18 17:14:16] SERIAL:OK: ALARM:0
[2026-05-18 17:14:16] SERIAL:OK: BRAKE:1
[2026-05-18 17:14:17] SERIAL:OK: LEFT:0
[2026-05-18 17:14:17] SERIAL:OK: RIGHT:0
[2026-05-18 17:14:17] SERIAL:OK: EMERGENCY:0
[2026-05-18 17:14:19] SERIAL:INFO: servo detached (idle)
[2026-05-18 17:46:50] SERIAL:OK: SPEED:80
[2026-05-18 17:46:50] SERIAL:OK: BRAKE:0
[2026-05-18 17:46:50] SERIAL:OK: SPEED:77
[2026-05-18 17:46:50] SERIAL:OK: BRAKE:1
[2026-05-18 17:46:50] SERIAL:OK: SPEED:78
[2026-05-18 17:46:50] SERIAL:OK: SPEED:75
[2026-05-18 17:46:50] SERIAL:OK: SPEED:70
[2026-05-18 17:46:50] SERIAL:OK: SPEED:62
[2026-05-18 17:46:50] SERIAL:OK: SPEED:52
[2026-05-18 17:46:50] SERIAL:OK: SPEED:42
[2026-05-18 17:46:50] SERIAL:OK: SPEED:36
[2026-05-18 17:46:51] SERIAL:OK: SPEED:32
[2026-05-18 17:46:51] SERIAL:OK: SPEED:31
[2026-05-18 17:46:51] SERIAL:OK: SPEED:32
[2026-05-18 17:46:51] SERIAL:OK: SPEED:34
[2026-05-18 17:46:51] SERIAL:OK: SPEED:36
[2026-05-18 17:46:51] SERIAL:OK: SPEED:38
[2026-05-18 17:46:51] SERIAL:OK: SPEED:41
[2026-05-18 17:46:51] SERIAL:OK: SPEED:44
[2026-05-18 17:46:51] SERIAL:OK: SPEED:47
[2026-05-18 17:46:51] SERIAL:OK: SPEED:49
[2026-05-18 17:46:51] SERIAL:OK: SPEED:52
[2026-05-18 17:46:51] SERIAL:OK: SPEED:53
[2026-05-18 17:46:51] SERIAL:OK: BRAKE:0
[2026-05-18 17:46:51] SERIAL:OK: SPEED:54
[2026-05-18 17:46:52] SERIAL:OK: SPEED:55
[2026-05-18 17:46:52] SERIAL:OK: SPEED:54
[2026-05-18 17:46:52] SERIAL:OK: SPEED:55
[2026-05-18 17:46:52] SERIAL:OK: SPEED:54
[2026-05-18 17:46:53] SERIAL:OK: SPEED:55
[2026-05-18 17:46:53] SERIAL:OK: SPEED:56
[2026-05-18 17:46:53] SERIAL:OK: SPEED:55
[2026-05-18 17:46:53] SERIAL:OK: SPEED:54
[2026-05-18 17:46:53] SERIAL:OK: SPEED:53
[2026-05-18 17:46:54] SERIAL:OK: SPEED:52
[2026-05-18 17:46:54] SERIAL:OK: SPEED:51
[2026-05-18 17:46:54] SERIAL:OK: SPEED:50
[2026-05-18 17:46:54] SERIAL:OK: SPEED:49
[2026-05-18 17:46:55] SERIAL:OK: SPEED:48
[2026-05-18 17:46:55] SERIAL:OK: SPEED:47
[2026-05-18 17:46:55] SERIAL:OK: SPEED:48
[2026-05-18 17:46:56] SERIAL:OK: SPEED:49
[2026-05-18 17:46:56] SERIAL:OK: SPEED:48
[2026-05-18 17:46:56] SERIAL:OK: SPEED:49
[2026-05-18 17:46:56] SERIAL:OK: SPEED:50
[2026-05-18 17:46:56] SERIAL:OK: SPEED:49
[2026-05-18 17:46:56] SERIAL:OK: SPEED:50
[2026-05-18 17:46:56] SERIAL:OK: SPEED:49
[2026-05-18 17:46:57] SERIAL:OK: SPEED:50
[2026-05-18 17:46:57] SERIAL:OK: SPEED:51
[2026-05-18 17:46:58] SERIAL:OK: SPEED:50
[2026-05-18 17:46:58] SERIAL:OK: SPEED:49
[2026-05-18 17:46:59] SERIAL:OK: SPEED:50
[2026-05-18 17:47:00] SERIAL:OK: SPEED:51
[2026-05-18 17:47:00] SERIAL:OK: SPEED:50
[2026-05-18 17:47:00] SERIAL:OK: BRAKE:1
[2026-05-18 17:47:00] SERIAL:OK: SPEED:51
[2026-05-18 17:47:00] SERIAL:OK: SPEED:50
[2026-05-18 17:47:00] SERIAL:OK: SPEED:51
[2026-05-18 17:47:00] SERIAL:OK: BRAKE:0
[2026-05-18 17:47:01] SERIAL:OK: SPEED:50
[2026-05-18 17:47:01] SERIAL:OK: SPEED:51
[2026-05-18 17:47:01] SERIAL:OK: SPEED:52
[2026-05-18 17:47:01] SERIAL:OK: SPEED:50
[2026-05-18 17:47:01] SERIAL:OK: BRAKE:1
[2026-05-18 17:47:02] SERIAL:OK: BRAKE:0
[2026-05-18 17:47:10] SERIAL:OK: SPEED:59
[2026-05-18 17:47:10] SERIAL:OK: SPEED:69
[2026-05-18 17:47:10] SERIAL:OK: SPEED:78
[2026-05-18 17:47:10] SERIAL:OK: SPEED:88
[2026-05-18 17:47:10] SERIAL:OK: SPEED:100
[2026-05-18 17:47:16] Обличчя зникло
[2026-05-18 17:47:47] SERIAL:OK: SPEED:0
[2026-05-18 17:47:47] SERIAL:OK: LEFT:0
[2026-05-18 17:47:47] SERIAL:OK: RIGHT:0
[2026-05-18 17:47:47] SERIAL:OK: EMERGENCY:0
[2026-05-18 17:47:47] SERIAL:OK: LEFT:0
[2026-05-18 17:47:47] SERIAL:OK: RIGHT:0
[2026-05-18 17:47:47] SERIAL:OK: EMERGENCY:0
[2026-05-18 17:47:48] SERIAL:OK: BRAKE:1
[2026-05-18 17:47:50] SERIAL:OK: SPEED:100
[2026-05-18 17:47:50] SERIAL:OK: BRAKE:0
[2026-05-18 17:49:07] SERIAL:OK: SPEED:98
[2026-05-18 17:49:07] SERIAL:OK: BRAKE:1
[2026-05-18 17:49:07] SERIAL:OK: SPEED:95
[2026-05-18 17:49:07] SERIAL:OK: SPEED:93
[2026-05-18 17:49:07] SERIAL:OK: SPEED:88
[2026-05-18 17:49:07] SERIAL:OK: SPEED:83
[2026-05-18 17:49:07] SERIAL:OK: SPEED:77
[2026-05-18 17:49:07] SERIAL:OK: SPEED:72
[2026-05-18 17:49:07] SERIAL:OK: SPEED:67
[2026-05-18 17:49:07] SERIAL:OK: SPEED:63
[2026-05-18 17:49:07] SERIAL:OK: SPEED:59
[2026-05-18 17:49:07] SERIAL:OK: SPEED:57
[2026-05-18 17:49:07] SERIAL:OK: SPEED:56
[2026-05-18 17:49:07] SERIAL:OK: SPEED:55
[2026-05-18 17:49:08] SERIAL:OK: SPEED:56
[2026-05-18 17:49:08] SERIAL:OK: SPEED:55
[2026-05-18 17:49:08] SERIAL:OK: BRAKE:0
[2026-05-18 17:49:08] SERIAL:OK: SPEED:56
[2026-05-18 17:49:08] SERIAL:OK: SPEED:57
[2026-05-18 17:49:08] SERIAL:OK: SPEED:58
[2026-05-18 17:49:08] SERIAL:OK: SPEED:60
[2026-05-18 17:49:08] SERIAL:OK: SPEED:63
[2026-05-18 17:49:08] SERIAL:OK: SPEED:67
[2026-05-18 17:49:08] SERIAL:OK: SPEED:70
[2026-05-18 17:49:08] SERIAL:OK: SPEED:72
[2026-05-18 17:49:08] SERIAL:OK: SPEED:74
[2026-05-18 17:49:08] SERIAL:OK: SPEED:73
[2026-05-18 17:49:08] SERIAL:OK: BRAKE:1
[2026-05-18 17:49:08] SERIAL:OK: SPEED:72
[2026-05-18 17:49:08] SERIAL:OK: SPEED:71
[2026-05-18 17:49:08] SERIAL:OK: SPEED:70
[2026-05-18 17:49:08] SERIAL:OK: SPEED:69
[2026-05-18 17:49:09] SERIAL:OK: SPEED:68
[2026-05-18 17:49:09] SERIAL:OK: SPEED:67
[2026-05-18 17:49:09] SERIAL:OK: SPEED:66
[2026-05-18 17:49:09] SERIAL:OK: SPEED:65
[2026-05-18 17:49:09] SERIAL:OK: SPEED:64
[2026-05-18 17:49:09] SERIAL:OK: SPEED:63
[2026-05-18 17:49:09] SERIAL:OK: SPEED:62
[2026-05-18 17:49:09] SERIAL:OK: SPEED:61
[2026-05-18 17:49:09] SERIAL:OK: SPEED:60
[2026-05-18 17:49:09] SERIAL:OK: SPEED:59
[2026-05-18 17:49:10] SERIAL:OK: SPEED:58
[2026-05-18 17:49:10] SERIAL:OK: SPEED:57
[2026-05-18 17:49:10] SERIAL:OK: BRAKE:0
[2026-05-18 17:49:10] SERIAL:OK: SPEED:56
[2026-05-18 17:49:10] SERIAL:OK: SPEED:55
[2026-05-18 17:49:10] SERIAL:OK: SPEED:54
[2026-05-18 17:49:10] SERIAL:OK: SPEED:55
[2026-05-18 17:49:11] SERIAL:OK: SPEED:56
[2026-05-18 17:49:11] SERIAL:OK: SPEED:55
[2026-05-18 17:49:11] SERIAL:OK: BRAKE:1
[2026-05-18 17:49:11] SERIAL:OK: BRAKE:0
[2026-05-18 17:49:16] SERIAL:OK: SPEED:57
[2026-05-18 17:49:16] SERIAL:OK: SPEED:58
[2026-05-18 17:49:16] SERIAL:OK: SPEED:59
[2026-05-18 17:49:16] SERIAL:OK: SPEED:60
[2026-05-18 17:49:16] SERIAL:OK: SPEED:58
[2026-05-18 17:49:16] SERIAL:OK: BRAKE:1
[2026-05-18 17:49:16] SERIAL:OK: SPEED:57
[2026-05-18 17:49:16] SERIAL:OK: SPEED:56
[2026-05-18 17:49:16] SERIAL:OK: SPEED:55
[2026-05-18 17:49:16] SERIAL:OK: SPEED:54
[2026-05-18 17:49:16] SERIAL:OK: SPEED:53
[2026-05-18 17:49:16] SERIAL:OK: SPEED:52
[2026-05-18 17:49:17] SERIAL:OK: SPEED:51
[2026-05-18 17:49:17] SERIAL:OK: SPEED:50
[2026-05-18 17:49:17] SERIAL:OK: SPEED:49
[2026-05-18 17:49:17] SERIAL:OK: SPEED:48
[2026-05-18 17:49:17] SERIAL:OK: SPEED:47
[2026-05-18 17:49:17] SERIAL:OK: SPEED:46
[2026-05-18 17:49:17] SERIAL:OK: SPEED:45
[2026-05-18 17:49:17] SERIAL:OK: SPEED:44
[2026-05-18 17:49:17] SERIAL:OK: SPEED:43
[2026-05-18 17:49:17] SERIAL:OK: SPEED:42
[2026-05-18 17:49:17] SERIAL:OK: SPEED:43
[2026-05-18 17:49:17] SERIAL:OK: SPEED:42
[2026-05-18 17:49:17] SERIAL:OK: SPEED:43
[2026-05-18 17:49:18] SERIAL:OK: SPEED:42
[2026-05-18 17:49:18] SERIAL:OK: BRAKE:0
[2026-05-18 17:49:18] SERIAL:OK: SPEED:41
[2026-05-18 17:49:19] SERIAL:OK: SPEED:40
[2026-05-18 17:49:19] SERIAL:OK: SPEED:41
[2026-05-18 17:49:19] SERIAL:OK: SPEED:42
[2026-05-18 17:49:19] SERIAL:OK: SPEED:43
[2026-05-18 17:49:19] SERIAL:OK: SPEED:44
[2026-05-18 17:49:20] SERIAL:OK: SPEED:45
[2026-05-18 17:49:20] SERIAL:OK: SPEED:47
[2026-05-18 17:49:20] SERIAL:OK: SPEED:50
[2026-05-18 17:49:20] SERIAL:OK: SPEED:53
[2026-05-18 17:49:20] SERIAL:OK: SPEED:56
[2026-05-18 17:49:20] SERIAL:OK: SPEED:59
[2026-05-18 17:49:20] SERIAL:OK: SPEED:61
[2026-05-18 17:49:20] SERIAL:OK: SPEED:62
[2026-05-18 17:49:20] SERIAL:OK: SPEED:64
[2026-05-18 17:49:20] SERIAL:OK: SPEED:65
[2026-05-18 17:49:20] SERIAL:OK: SPEED:66
[2026-05-18 17:49:20] SERIAL:OK: SPEED:67
[2026-05-18 17:49:20] SERIAL:OK: SPEED:66
[2026-05-18 17:49:20] SERIAL:OK: SPEED:65
[2026-05-18 17:49:20] SERIAL:OK: BRAKE:1
[2026-05-18 17:49:20] SERIAL:OK: SPEED:64
[2026-05-18 17:49:20] SERIAL:OK: SPEED:63
[2026-05-18 17:49:20] SERIAL:OK: SPEED:62
[2026-05-18 17:49:21] SERIAL:OK: SPEED:61
[2026-05-18 17:49:21] SERIAL:OK: SPEED:59
[2026-05-18 17:49:21] SERIAL:OK: SPEED:58
[2026-05-18 17:49:21] SERIAL:OK: SPEED:57
[2026-05-18 17:49:21] SERIAL:OK: SPEED:56
[2026-05-18 17:49:21] SERIAL:OK: SPEED:55
[2026-05-18 17:49:21] SERIAL:OK: SPEED:54
[2026-05-18 17:49:21] SERIAL:OK: SPEED:53
[2026-05-18 17:49:21] SERIAL:OK: SPEED:52
[2026-05-18 17:49:21] SERIAL:OK: SPEED:51
[2026-05-18 17:49:21] SERIAL:OK: SPEED:50
[2026-05-18 17:49:21] SERIAL:OK: SPEED:49
[2026-05-18 17:49:21] SERIAL:OK: SPEED:48
[2026-05-18 17:49:22] SERIAL:OK: SPEED:47
[2026-05-18 17:49:22] SERIAL:OK: SPEED:46
[2026-05-18 17:49:22] SERIAL:OK: SPEED:45
[2026-05-18 17:49:22] SERIAL:OK: SPEED:44
[2026-05-18 17:49:22] SERIAL:OK: SPEED:43
[2026-05-18 17:49:22] SERIAL:OK: BRAKE:0
[2026-05-18 17:49:22] SERIAL:OK: SPEED:42
[2026-05-18 17:49:22] SERIAL:OK: BRAKE:1
[2026-05-18 17:49:22] SERIAL:OK: SPEED:41
[2026-05-18 17:49:22] SERIAL:OK: SPEED:40
[2026-05-18 17:49:23] SERIAL:OK: SPEED:39
[2026-05-18 17:49:23] SERIAL:OK: BRAKE:0
[2026-05-18 17:49:24] SERIAL:OK: SPEED:40
[2026-05-18 17:49:24] SERIAL:OK: SPEED:41
[2026-05-18 17:49:24] SERIAL:OK: SPEED:42
[2026-05-18 17:49:24] SERIAL:OK: SPEED:43
[2026-05-18 17:49:24] SERIAL:OK: SPEED:44
[2026-05-18 17:49:25] SERIAL:OK: SPEED:45
[2026-05-18 17:49:25] SERIAL:OK: SPEED:46
[2026-05-18 17:49:25] SERIAL:OK: SPEED:48
[2026-05-18 17:49:25] SERIAL:OK: SPEED:52
[2026-05-18 17:49:25] SERIAL:OK: SPEED:57
[2026-05-18 17:49:25] SERIAL:OK: SPEED:61
[2026-05-18 17:49:25] SERIAL:OK: SPEED:66
[2026-05-18 17:49:25] SERIAL:OK: SPEED:69
[2026-05-18 17:49:25] SERIAL:OK: SPEED:70
[2026-05-18 17:49:25] SERIAL:OK: SPEED:69
[2026-05-18 17:49:25] SERIAL:OK: SPEED:68
[2026-05-18 17:49:25] SERIAL:OK: BRAKE:1
[2026-05-18 17:49:25] SERIAL:OK: SPEED:67
[2026-05-18 17:49:25] SERIAL:OK: SPEED:68
[2026-05-18 17:49:26] SERIAL:OK: SPEED:69
[2026-05-18 17:49:26] SERIAL:OK: SPEED:68
[2026-05-18 17:49:26] SERIAL:OK: SPEED:67
[2026-05-18 17:49:26] SERIAL:OK: SPEED:65
[2026-05-18 17:49:26] SERIAL:OK: SPEED:64
[2026-05-18 17:49:26] SERIAL:OK: SPEED:62
[2026-05-18 17:49:26] SERIAL:OK: SPEED:61
[2026-05-18 17:49:26] SERIAL:OK: SPEED:59
[2026-05-18 17:49:26] SERIAL:OK: SPEED:58
[2026-05-18 17:49:26] SERIAL:OK: SPEED:57
[2026-05-18 17:49:26] SERIAL:OK: SPEED:56
[2026-05-18 17:49:26] SERIAL:OK: SPEED:55
[2026-05-18 17:49:26] SERIAL:OK: SPEED:54
[2026-05-18 17:49:26] SERIAL:OK: SPEED:53
[2026-05-18 17:49:26] SERIAL:OK: SPEED:52
[2026-05-18 17:49:26] SERIAL:OK: SPEED:51
[2026-05-18 17:49:27] SERIAL:OK: SPEED:50
[2026-05-18 17:49:27] SERIAL:OK: SPEED:49
[2026-05-18 17:49:27] SERIAL:OK: SPEED:47
[2026-05-18 17:49:27] SERIAL:OK: SPEED:45
[2026-05-18 17:49:27] SERIAL:OK: SPEED:44
[2026-05-18 17:49:27] SERIAL:OK: SPEED:42
[2026-05-18 17:49:27] SERIAL:OK: SPEED:41
[2026-05-18 17:49:27] SERIAL:OK: SPEED:40
[2026-05-18 17:49:27] SERIAL:OK: SPEED:39
[2026-05-18 17:49:28] SERIAL:OK: SPEED:40
[2026-05-18 17:49:28] SERIAL:OK: SPEED:41
[2026-05-18 17:49:28] SERIAL:OK: SPEED:43
[2026-05-18 17:49:28] SERIAL:OK: SPEED:44
[2026-05-18 17:49:28] SERIAL:OK: SPEED:46
[2026-05-18 17:49:28] SERIAL:OK: BRAKE:0
[2026-05-18 17:49:28] SERIAL:OK: SPEED:45
[2026-05-18 17:49:28] SERIAL:OK: BRAKE:1
[2026-05-18 17:49:28] SERIAL:OK: BRAKE:0
[2026-05-18 17:50:16] SERIAL:OK: SPEED:50
[2026-05-18 17:50:16] SERIAL:OK: SPEED:56
[2026-05-18 17:50:16] SERIAL:OK: SPEED:62
[2026-05-18 17:50:16] SERIAL:OK: SPEED:72
[2026-05-18 17:50:16] SERIAL:OK: SPEED:83
[2026-05-18 17:50:16] SERIAL:OK: SPEED:87
[2026-05-18 17:50:16] SERIAL:OK: SPEED:90
[2026-05-18 17:50:16] SERIAL:OK: SPEED:92
[2026-05-18 17:50:16] SERIAL:OK: SPEED:91
[2026-05-18 17:50:16] SERIAL:OK: BRAKE:1
[2026-05-18 17:50:16] SERIAL:OK: SPEED:90
[2026-05-18 17:50:16] SERIAL:OK: SPEED:87
[2026-05-18 17:50:16] SERIAL:OK: SPEED:83
[2026-05-18 17:50:16] SERIAL:OK: SPEED:80
[2026-05-18 17:50:16] SERIAL:OK: SPEED:77
[2026-05-18 17:50:16] SERIAL:OK: SPEED:73
[2026-05-18 17:50:17] SERIAL:OK: SPEED:71
[2026-05-18 17:50:17] SERIAL:OK: SPEED:70
[2026-05-18 17:50:17] SERIAL:OK: SPEED:68
[2026-05-18 17:50:17] SERIAL:OK: SPEED:67
[2026-05-18 17:50:17] SERIAL:OK: SPEED:66
[2026-05-18 17:50:17] SERIAL:OK: SPEED:65
[2026-05-18 17:50:17] SERIAL:OK: SPEED:64
[2026-05-18 17:50:17] SERIAL:OK: SPEED:63
[2026-05-18 17:50:17] SERIAL:OK: SPEED:62
[2026-05-18 17:50:17] SERIAL:OK: SPEED:61
[2026-05-18 17:50:17] SERIAL:OK: SPEED:60
[2026-05-18 17:50:17] SERIAL:OK: SPEED:59
[2026-05-18 17:50:17] SERIAL:OK: SPEED:58
[2026-05-18 17:50:18] SERIAL:OK: SPEED:57
[2026-05-18 17:50:18] SERIAL:OK: SPEED:56
[2026-05-18 17:50:18] SERIAL:OK: SPEED:55
[2026-05-18 17:50:18] SERIAL:OK: BRAKE:0
[2026-05-18 17:50:18] SERIAL:OK: SPEED:54
[2026-05-18 17:50:18] SERIAL:OK: SPEED:53
[2026-05-18 17:50:19] SERIAL:OK: SPEED:52
[2026-05-18 17:50:19] SERIAL:OK: BRAKE:1
[2026-05-18 17:50:19] SERIAL:OK: SPEED:51
[2026-05-18 17:50:19] SERIAL:OK: SPEED:50
[2026-05-18 17:50:19] SERIAL:OK: SPEED:49
[2026-05-18 17:50:19] SERIAL:OK: SPEED:48
[2026-05-18 17:50:19] SERIAL:OK: SPEED:47
[2026-05-18 17:50:19] SERIAL:OK: SPEED:46
[2026-05-18 17:50:19] SERIAL:OK: SPEED:45
[2026-05-18 17:50:19] SERIAL:OK: SPEED:44
[2026-05-18 17:50:19] SERIAL:OK: SPEED:43
[2026-05-18 17:50:19] SERIAL:OK: SPEED:42
[2026-05-18 17:50:19] SERIAL:OK: SPEED:41
[2026-05-18 17:50:19] SERIAL:OK: SPEED:40
[2026-05-18 17:50:20] SERIAL:OK: SPEED:41
[2026-05-18 17:50:20] SERIAL:OK: SPEED:42
[2026-05-18 17:50:20] SERIAL:OK: SPEED:43
[2026-05-18 17:50:20] SERIAL:OK: BRAKE:0
[2026-05-18 17:50:20] SERIAL:OK: SPEED:44
[2026-05-18 17:50:20] SERIAL:OK: SPEED:45
[2026-05-18 17:50:20] SERIAL:OK: SPEED:47
[2026-05-18 17:50:20] SERIAL:OK: SPEED:48
[2026-05-18 17:50:20] SERIAL:OK: SPEED:50
[2026-05-18 17:50:20] SERIAL:OK: SPEED:51
[2026-05-18 17:50:20] SERIAL:OK: SPEED:53
[2026-05-18 17:50:20] SERIAL:OK: SPEED:54
[2026-05-18 17:50:21] SERIAL:OK: SPEED:53
[2026-05-18 17:50:21] SERIAL:OK: BRAKE:1
[2026-05-18 17:50:21] SERIAL:OK: SPEED:52
[2026-05-18 17:50:21] SERIAL:OK: SPEED:50
[2026-05-18 17:50:21] SERIAL:OK: SPEED:49
[2026-05-18 17:50:21] SERIAL:OK: SPEED:48
[2026-05-18 17:50:21] SERIAL:OK: SPEED:47
[2026-05-18 17:50:21] SERIAL:OK: SPEED:46
[2026-05-18 17:50:21] SERIAL:OK: SPEED:45
[2026-05-18 17:50:22] SERIAL:OK: SPEED:44
[2026-05-18 17:50:22] SERIAL:OK: SPEED:43
[2026-05-18 17:50:22] SERIAL:OK: SPEED:42
[2026-05-18 17:50:22] SERIAL:OK: SPEED:43
[2026-05-18 17:50:22] SERIAL:OK: SPEED:44
[2026-05-18 17:50:22] SERIAL:OK: SPEED:45
[2026-05-18 17:50:22] SERIAL:OK: BRAKE:0
[2026-05-18 17:50:23] SERIAL:OK: SPEED:46
[2026-05-18 17:50:23] SERIAL:OK: SPEED:48
[2026-05-18 17:50:23] SERIAL:OK: SPEED:49
[2026-05-18 17:50:26] SERIAL:OK: SPEED:55
[2026-05-18 17:50:26] SERIAL:OK: SPEED:61
[2026-05-18 17:50:26] SERIAL:OK: SPEED:68
[2026-05-18 17:50:26] SERIAL:OK: SPEED:75
[2026-05-18 17:50:26] SERIAL:OK: SPEED:83
[2026-05-18 17:50:26] SERIAL:OK: SPEED:85
[2026-05-18 17:50:26] SERIAL:OK: SPEED:86
[2026-05-18 17:50:26] SERIAL:OK: SPEED:87
[2026-05-18 17:50:26] SERIAL:OK: SPEED:84
[2026-05-18 17:50:26] SERIAL:OK: BRAKE:1
[2026-05-18 17:50:26] SERIAL:OK: SPEED:81
[2026-05-18 17:50:26] SERIAL:OK: SPEED:78
[2026-05-18 17:50:26] SERIAL:OK: SPEED:74
[2026-05-18 17:50:26] SERIAL:OK: SPEED:70
[2026-05-18 17:50:26] SERIAL:OK: SPEED:68
[2026-05-18 17:50:26] SERIAL:OK: SPEED:67
[2026-05-18 17:50:26] SERIAL:OK: SPEED:65
[2026-05-18 17:50:26] SERIAL:OK: SPEED:63
[2026-05-18 17:50:26] SERIAL:OK: SPEED:62
[2026-05-18 17:50:27] SERIAL:OK: SPEED:60
[2026-05-18 17:50:27] SERIAL:OK: SPEED:59
[2026-05-18 17:50:27] SERIAL:OK: SPEED:57
[2026-05-18 17:50:27] SERIAL:OK: SPEED:56
[2026-05-18 17:50:27] SERIAL:OK: SPEED:55
[2026-05-18 17:50:27] SERIAL:OK: SPEED:54
[2026-05-18 17:50:27] SERIAL:OK: BRAKE:0
[2026-05-18 17:50:28] SERIAL:OK: SPEED:53
[2026-05-18 17:50:28] SERIAL:OK: SPEED:52
[2026-05-18 17:50:28] SERIAL:OK: BRAKE:1
[2026-05-18 17:50:28] SERIAL:OK: SPEED:51
[2026-05-18 17:50:28] SERIAL:OK: SPEED:50
[2026-05-18 17:50:28] SERIAL:OK: SPEED:49
[2026-05-18 17:50:28] SERIAL:OK: SPEED:48
[2026-05-18 17:50:28] SERIAL:OK: SPEED:47
[2026-05-18 17:50:28] SERIAL:OK: SPEED:46
[2026-05-18 17:50:28] SERIAL:OK: SPEED:45
[2026-05-18 17:50:28] SERIAL:OK: SPEED:44
[2026-05-18 17:50:28] SERIAL:OK: SPEED:43
[2026-05-18 17:50:28] SERIAL:OK: SPEED:42
[2026-05-18 17:50:28] SERIAL:OK: SPEED:41
[2026-05-18 17:50:29] SERIAL:OK: SPEED:40
[2026-05-18 17:50:29] SERIAL:OK: SPEED:39
[2026-05-18 17:50:29] SERIAL:OK: SPEED:40
[2026-05-18 17:50:29] SERIAL:OK: BRAKE:0
[2026-05-18 17:50:30] SERIAL:OK: SPEED:42
[2026-05-18 17:50:30] SERIAL:OK: SPEED:44
[2026-05-18 17:50:30] SERIAL:OK: SPEED:47
[2026-05-18 17:50:30] SERIAL:OK: SPEED:50
[2026-05-18 17:50:30] SERIAL:OK: SPEED:55
[2026-05-18 17:50:30] SERIAL:OK: SPEED:58
[2026-05-18 17:50:30] SERIAL:OK: SPEED:61
[2026-05-18 17:50:30] SERIAL:OK: SPEED:64
[2026-05-18 17:50:30] SERIAL:OK: SPEED:67
[2026-05-18 17:50:30] SERIAL:OK: SPEED:66
[2026-05-18 17:50:30] SERIAL:OK: BRAKE:1
[2026-05-18 17:50:30] SERIAL:OK: SPEED:65
[2026-05-18 17:50:30] SERIAL:OK: SPEED:62
[2026-05-18 17:50:30] SERIAL:OK: SPEED:59
[2026-05-18 17:50:30] SERIAL:OK: SPEED:56
[2026-05-18 17:50:30] SERIAL:OK: SPEED:54
[2026-05-18 17:50:30] SERIAL:OK: SPEED:53
[2026-05-18 17:50:31] SERIAL:OK: SPEED:52
[2026-05-18 17:50:31] SERIAL:OK: SPEED:51
[2026-05-18 17:50:31] SERIAL:OK: SPEED:50
[2026-05-18 17:50:31] SERIAL:OK: SPEED:48
[2026-05-18 17:50:31] SERIAL:OK: SPEED:47
[2026-05-18 17:50:31] SERIAL:OK: SPEED:45
[2026-05-18 17:50:31] SERIAL:OK: SPEED:42
[2026-05-18 17:50:31] SERIAL:OK: SPEED:40
[2026-05-18 17:50:31] SERIAL:OK: SPEED:39
[2026-05-18 17:50:31] SERIAL:OK: SPEED:38
[2026-05-18 17:50:31] SERIAL:OK: SPEED:37
[2026-05-18 17:50:31] SERIAL:OK: SPEED:36
[2026-05-18 17:50:31] SERIAL:OK: SPEED:35
[2026-05-18 17:50:31] SERIAL:OK: SPEED:34
[2026-05-18 17:50:32] SERIAL:OK: SPEED:35
[2026-05-18 17:50:32] SERIAL:OK: SPEED:36
[2026-05-18 17:50:32] SERIAL:OK: SPEED:37
[2026-05-18 17:50:32] SERIAL:OK: SPEED:39
[2026-05-18 17:50:32] SERIAL:OK: BRAKE:0
[2026-05-18 17:50:32] SERIAL:OK: SPEED:41
[2026-05-18 17:50:32] SERIAL:OK: SPEED:43
[2026-05-18 17:50:56] SERIAL:OK: SPEED:55
[2026-05-18 17:50:56] SERIAL:OK: SPEED:67
[2026-05-18 17:50:56] SERIAL:OK: SPEED:78
[2026-05-18 17:50:56] SERIAL:OK: SPEED:89
[2026-05-18 17:50:56] SERIAL:OK: SPEED:100
[2026-05-18 17:50:57] SERIAL:OK: SPEED:99
[2026-05-18 17:50:57] SERIAL:OK: BRAKE:1
[2026-05-18 17:50:57] SERIAL:OK: SPEED:98
[2026-05-18 17:50:57] SERIAL:OK: SPEED:97
[2026-05-18 17:50:58] SERIAL:OK: SPEED:96
[2026-05-18 17:50:58] SERIAL:OK: SPEED:95
[2026-05-18 17:50:58] SERIAL:OK: SPEED:93
[2026-05-18 17:50:58] SERIAL:OK: SPEED:92
[2026-05-18 17:50:58] SERIAL:OK: SPEED:91
[2026-05-18 17:50:58] SERIAL:OK: SPEED:89
[2026-05-18 17:50:58] SERIAL:OK: SPEED:87
[2026-05-18 17:50:58] SERIAL:OK: SPEED:85
[2026-05-18 17:50:58] SERIAL:OK: SPEED:84
[2026-05-18 17:50:58] SERIAL:OK: SPEED:82
[2026-05-18 17:50:58] SERIAL:OK: SPEED:81
[2026-05-18 17:50:58] SERIAL:OK: SPEED:80
[2026-05-18 17:50:58] SERIAL:OK: SPEED:79
[2026-05-18 17:50:58] SERIAL:OK: SPEED:78
[2026-05-18 17:50:58] SERIAL:OK: SPEED:76
[2026-05-18 17:50:58] SERIAL:OK: SPEED:75
[2026-05-18 17:50:58] SERIAL:OK: SPEED:74
[2026-05-18 17:50:58] SERIAL:OK: SPEED:72
[2026-05-18 17:50:58] SERIAL:OK: SPEED:70
[2026-05-18 17:50:59] SERIAL:OK: SPEED:69
[2026-05-18 17:50:59] SERIAL:OK: SPEED:67
[2026-05-18 17:50:59] SERIAL:OK: SPEED:66
[2026-05-18 17:50:59] SERIAL:OK: SPEED:65
[2026-05-18 17:50:59] SERIAL:OK: SPEED:64
[2026-05-18 17:50:59] SERIAL:OK: SPEED:63
[2026-05-18 17:50:59] SERIAL:OK: SPEED:62
[2026-05-18 17:50:59] SERIAL:OK: SPEED:61
[2026-05-18 17:50:59] SERIAL:OK: SPEED:59
[2026-05-18 17:50:59] SERIAL:OK: SPEED:58
[2026-05-18 17:50:59] SERIAL:OK: SPEED:57
[2026-05-18 17:50:59] SERIAL:OK: SPEED:56
[2026-05-18 17:50:59] SERIAL:OK: SPEED:55
[2026-05-18 17:50:59] SERIAL:OK: SPEED:53
[2026-05-18 17:50:59] SERIAL:OK: SPEED:52
[2026-05-18 17:50:59] SERIAL:OK: SPEED:50
[2026-05-18 17:50:59] SERIAL:OK: SPEED:48
[2026-05-18 17:50:59] SERIAL:OK: SPEED:47
[2026-05-18 17:50:59] SERIAL:OK: SPEED:45
[2026-05-18 17:50:59] SERIAL:OK: SPEED:44
[2026-05-18 17:50:59] SERIAL:OK: SPEED:42
[2026-05-18 17:51:00] SERIAL:OK: SPEED:41
[2026-05-18 17:51:00] SERIAL:OK: SPEED:40
[2026-05-18 17:51:00] SERIAL:OK: SPEED:39
[2026-05-18 17:51:00] SERIAL:OK: SPEED:38
[2026-05-18 17:51:00] SERIAL:OK: SPEED:37
[2026-05-18 17:51:00] SERIAL:OK: SPEED:36
[2026-05-18 17:51:00] SERIAL:OK: SPEED:35
[2026-05-18 17:51:00] SERIAL:OK: SPEED:34
[2026-05-18 17:51:00] SERIAL:OK: SPEED:33
[2026-05-18 17:51:01] SERIAL:OK: SPEED:31
[2026-05-18 17:51:01] SERIAL:OK: SPEED:30
[2026-05-18 17:51:01] SERIAL:OK: SPEED:29
[2026-05-18 17:51:01] SERIAL:OK: SPEED:27
[2026-05-18 17:51:01] SERIAL:OK: SPEED:26
[2026-05-18 17:51:01] SERIAL:OK: SPEED:25
[2026-05-18 17:51:01] SERIAL:OK: SPEED:24
[2026-05-18 17:51:01] SERIAL:OK: SPEED:23
[2026-05-18 17:51:01] SERIAL:OK: SPEED:22
[2026-05-18 17:51:01] SERIAL:OK: SPEED:21
[2026-05-18 17:51:01] SERIAL:OK: SPEED:20
[2026-05-18 17:51:01] SERIAL:OK: SPEED:19
[2026-05-18 17:51:01] SERIAL:OK: SPEED:18
[2026-05-18 17:51:01] SERIAL:OK: SPEED:17
[2026-05-18 17:51:01] SERIAL:OK: SPEED:16
[2026-05-18 17:51:02] SERIAL:OK: SPEED:15
[2026-05-18 17:51:02] SERIAL:OK: SPEED:14
[2026-05-18 17:51:02] SERIAL:OK: SPEED:12
[2026-05-18 17:51:02] SERIAL:OK: SPEED:11
[2026-05-18 17:51:02] SERIAL:OK: SPEED:10
[2026-05-18 17:51:02] SERIAL:OK: SPEED:9
[2026-05-18 17:51:02] SERIAL:OK: SPEED:8
[2026-05-18 17:51:02] SERIAL:OK: SPEED:7
[2026-05-18 17:51:02] SERIAL:OK: SPEED:8
[2026-05-18 17:51:02] SERIAL:OK: SPEED:7
[2026-05-18 17:51:02] SERIAL:OK: SPEED:6
[2026-05-18 17:51:02] SERIAL:OK: SPEED:5
[2026-05-18 17:51:02] SERIAL:OK: SPEED:3
[2026-05-18 17:51:02] SERIAL:OK: SPEED:2
[2026-05-18 17:51:02] SERIAL:OK: SPEED:1
[2026-05-18 17:51:02] SERIAL:OK: SPEED:0
[2026-05-18 17:51:03] SERIAL:OK: SPEED:3
[2026-05-18 17:51:03] SERIAL:OK: BRAKE:0
[2026-05-18 17:51:04] SERIAL:OK: SPEED:6
[2026-05-18 17:51:04] SERIAL:OK: SPEED:11
[2026-05-18 17:51:04] SERIAL:OK: SPEED:15
[2026-05-18 17:51:04] SERIAL:OK: SPEED:21
[2026-05-18 17:51:04] SERIAL:OK: SPEED:24
[2026-05-18 17:51:04] SERIAL:OK: SPEED:27
[2026-05-18 17:51:04] SERIAL:OK: SPEED:30
[2026-05-18 17:51:04] SERIAL:OK: SPEED:34
[2026-05-18 17:51:04] SERIAL:OK: SPEED:38
[2026-05-18 17:51:04] SERIAL:OK: SPEED:41
[2026-05-18 17:51:04] SERIAL:OK: SPEED:43
[2026-05-18 17:51:04] SERIAL:OK: SPEED:46
[2026-05-18 17:51:04] SERIAL:OK: SPEED:47
[2026-05-18 17:51:04] SERIAL:OK: SPEED:48
[2026-05-18 17:51:04] SERIAL:OK: SPEED:49
[2026-05-18 17:51:04] SERIAL:OK: SPEED:50
[2026-05-18 17:51:04] SERIAL:OK: SPEED:51
[2026-05-18 17:51:04] SERIAL:OK: SPEED:52
[2026-05-18 17:51:05] SERIAL:OK: SPEED:53
[2026-05-18 17:51:05] SERIAL:OK: SPEED:55
[2026-05-18 17:51:05] SERIAL:OK: SPEED:56
[2026-05-18 17:51:05] SERIAL:OK: SPEED:58
[2026-05-18 17:51:05] SERIAL:OK: SPEED:59
[2026-05-18 17:51:05] SERIAL:OK: SPEED:60
[2026-05-18 17:51:05] SERIAL:OK: SPEED:61
[2026-05-18 17:51:05] SERIAL:OK: SPEED:62
[2026-05-18 17:51:05] SERIAL:OK: SPEED:63
[2026-05-18 17:51:05] SERIAL:OK: SPEED:64
[2026-05-18 17:51:05] SERIAL:OK: SPEED:65
[2026-05-18 17:51:05] SERIAL:OK: SPEED:66
[2026-05-18 17:51:05] SERIAL:OK: SPEED:67
[2026-05-18 17:51:05] SERIAL:OK: SPEED:68
[2026-05-18 17:51:05] SERIAL:OK: SPEED:69
[2026-05-18 17:51:05] SERIAL:OK: SPEED:70
[2026-05-18 17:51:05] SERIAL:OK: SPEED:72
[2026-05-18 17:51:05] SERIAL:OK: SPEED:74
[2026-05-18 17:51:06] SERIAL:OK: SPEED:76
[2026-05-18 17:51:06] SERIAL:OK: SPEED:79
[2026-05-18 17:51:06] SERIAL:OK: SPEED:81
[2026-05-18 17:51:06] SERIAL:OK: SPEED:83
[2026-05-18 17:51:06] SERIAL:OK: SPEED:85
[2026-05-18 17:51:06] SERIAL:OK: SPEED:87
[2026-05-18 17:51:06] SERIAL:OK: SPEED:89
[2026-05-18 17:51:06] SERIAL:OK: SPEED:91
[2026-05-18 17:51:06] SERIAL:OK: SPEED:93
[2026-05-18 17:51:06] SERIAL:OK: SPEED:95
[2026-05-18 17:51:06] SERIAL:OK: SPEED:97
[2026-05-18 17:51:06] SERIAL:OK: SPEED:98
[2026-05-18 17:51:06] SERIAL:OK: SPEED:99
[2026-05-18 17:51:06] SERIAL:OK: SPEED:100
[2026-05-18 17:51:07] SERIAL:OK: SPEED:97
[2026-05-18 17:51:07] SERIAL:OK: BRAKE:1
[2026-05-18 17:51:07] SERIAL:OK: SPEED:92
[2026-05-18 17:51:07] SERIAL:OK: SPEED:88
[2026-05-18 17:51:07] SERIAL:OK: SPEED:81
[2026-05-18 17:51:07] SERIAL:OK: SPEED:75
[2026-05-18 17:51:07] SERIAL:OK: SPEED:71
[2026-05-18 17:51:07] SERIAL:OK: SPEED:67
[2026-05-18 17:51:07] SERIAL:OK: SPEED:64
[2026-05-18 17:51:07] SERIAL:OK: SPEED:61
[2026-05-18 17:51:08] SERIAL:OK: SPEED:59
[2026-05-18 17:51:08] SERIAL:OK: SPEED:56
[2026-05-18 17:51:08] SERIAL:OK: SPEED:54
[2026-05-18 17:51:08] SERIAL:OK: SPEED:51
[2026-05-18 17:51:08] SERIAL:OK: SPEED:50
[2026-05-18 17:51:08] SERIAL:OK: SPEED:49
[2026-05-18 17:51:08] SERIAL:OK: SPEED:50
[2026-05-18 17:51:08] SERIAL:OK: SPEED:51
[2026-05-18 17:51:08] SERIAL:OK: SPEED:53
[2026-05-18 17:51:08] SERIAL:OK: SPEED:55
[2026-05-18 17:51:08] SERIAL:OK: SPEED:59
[2026-05-18 17:51:08] SERIAL:OK: SPEED:64
[2026-05-18 17:51:08] SERIAL:OK: SPEED:70
[2026-05-18 17:51:08] SERIAL:OK: BRAKE:0
[2026-05-18 17:51:12] SERIAL:OK: SPEED:60
[2026-05-18 17:51:12] SERIAL:OK: BRAKE:1
[2026-05-18 17:51:12] SERIAL:OK: SPEED:52
[2026-05-18 17:51:12] SERIAL:OK: SPEED:43
[2026-05-18 17:51:13] SERIAL:OK: SPEED:38
[2026-05-18 17:51:13] SERIAL:OK: SPEED:33
[2026-05-18 17:51:13] SERIAL:OK: SPEED:51
[2026-05-18 17:51:13] SERIAL:OK: SPEED:67
[2026-05-18 17:51:13] SERIAL:OK: SPEED:81
[2026-05-18 17:51:13] SERIAL:OK: SPEED:91
[2026-05-18 17:51:13] SERIAL:OK: SPEED:99
[2026-05-18 17:51:13] SERIAL:OK: SPEED:100
[2026-05-18 17:51:13] SERIAL:OK: BRAKE:0
[2026-05-18 17:51:13] SERIAL:OK: SPEED:98
[2026-05-18 17:51:13] SERIAL:OK: BRAKE:1
[2026-05-18 17:51:14] SERIAL:OK: SPEED:96
[2026-05-18 17:51:14] SERIAL:OK: SPEED:94
[2026-05-18 17:51:14] SERIAL:OK: SPEED:91
[2026-05-18 17:51:14] SERIAL:OK: SPEED:87
[2026-05-18 17:51:14] SERIAL:OK: SPEED:85
[2026-05-18 17:51:14] SERIAL:OK: SPEED:83
[2026-05-18 17:51:14] SERIAL:OK: SPEED:80
[2026-05-18 17:51:14] SERIAL:OK: SPEED:77
[2026-05-18 17:51:14] SERIAL:OK: SPEED:74
[2026-05-18 17:51:14] SERIAL:OK: SPEED:72
[2026-05-18 17:51:14] SERIAL:OK: SPEED:68
[2026-05-18 17:51:14] SERIAL:OK: SPEED:65
[2026-05-18 17:51:14] SERIAL:OK: SPEED:62
[2026-05-18 17:51:14] SERIAL:OK: SPEED:59
[2026-05-18 17:51:14] SERIAL:OK: SPEED:56
[2026-05-18 17:51:14] SERIAL:OK: SPEED:55
[2026-05-18 17:51:14] SERIAL:OK: SPEED:53
[2026-05-18 17:51:14] SERIAL:OK: SPEED:52
[2026-05-18 17:51:14] SERIAL:OK: SPEED:51
[2026-05-18 17:51:14] SERIAL:OK: SPEED:49
[2026-05-18 17:51:14] SERIAL:OK: SPEED:47
[2026-05-18 17:51:14] SERIAL:OK: SPEED:44
[2026-05-18 17:51:14] SERIAL:OK: SPEED:42
[2026-05-18 17:51:14] SERIAL:OK: SPEED:40
[2026-05-18 17:51:15] SERIAL:OK: SPEED:39
[2026-05-18 17:51:15] SERIAL:OK: SPEED:38
[2026-05-18 17:51:15] SERIAL:OK: SPEED:37
[2026-05-18 17:51:15] SERIAL:OK: SPEED:36
[2026-05-18 17:51:15] SERIAL:OK: SPEED:35
[2026-05-18 17:51:15] SERIAL:OK: SPEED:34
[2026-05-18 17:51:15] SERIAL:OK: SPEED:33
[2026-05-18 17:51:15] SERIAL:OK: SPEED:31
[2026-05-18 17:51:15] SERIAL:OK: SPEED:29
[2026-05-18 17:51:15] SERIAL:OK: SPEED:27
[2026-05-18 17:51:15] SERIAL:OK: SPEED:25
[2026-05-18 17:51:15] SERIAL:OK: SPEED:23
[2026-05-18 17:51:15] SERIAL:OK: SPEED:22
[2026-05-18 17:51:15] SERIAL:OK: SPEED:20
[2026-05-18 17:51:15] SERIAL:OK: SPEED:19
[2026-05-18 17:51:15] SERIAL:OK: SPEED:17
[2026-05-18 17:51:15] SERIAL:OK: SPEED:16
[2026-05-18 17:51:15] SERIAL:OK: SPEED:14
[2026-05-18 17:51:15] SERIAL:OK: SPEED:13
[2026-05-18 17:51:15] SERIAL:OK: SPEED:11
[2026-05-18 17:51:15] SERIAL:OK: SPEED:10
[2026-05-18 17:51:15] SERIAL:OK: SPEED:9
[2026-05-18 17:51:15] SERIAL:OK: SPEED:8
[2026-05-18 17:51:16] SERIAL:OK: SPEED:7
[2026-05-18 17:51:16] SERIAL:OK: SPEED:6
[2026-05-18 17:51:16] SERIAL:OK: SPEED:5
[2026-05-18 17:51:16] SERIAL:OK: SPEED:4
[2026-05-18 17:51:16] SERIAL:OK: SPEED:2
[2026-05-18 17:51:16] SERIAL:OK: SPEED:1
[2026-05-18 17:51:16] SERIAL:OK: SPEED:0
[2026-05-18 17:51:17] SERIAL:OK: SPEED:1
[2026-05-18 17:51:17] SERIAL:OK: BRAKE:0
[2026-05-18 17:51:17] SERIAL:OK: SPEED:2
[2026-05-18 17:51:17] SERIAL:OK: SPEED:3
[2026-05-18 17:51:17] SERIAL:OK: SPEED:5
[2026-05-18 17:51:17] SERIAL:OK: SPEED:6
[2026-05-18 17:51:17] SERIAL:OK: SPEED:7
[2026-05-18 17:51:17] SERIAL:OK: SPEED:8
[2026-05-18 17:51:17] SERIAL:OK: SPEED:9
[2026-05-18 17:51:18] SERIAL:OK: SPEED:10
[2026-05-18 17:51:18] SERIAL:OK: SPEED:11
[2026-05-18 17:51:18] SERIAL:OK: SPEED:10
[2026-05-18 17:51:18] SERIAL:OK: BRAKE:1
[2026-05-18 17:51:18] SERIAL:OK: SPEED:8
[2026-05-18 17:51:18] SERIAL:OK: SPEED:6
[2026-05-18 17:51:18] SERIAL:OK: SPEED:4
[2026-05-18 17:51:18] SERIAL:OK: SPEED:1
[2026-05-18 17:51:18] SERIAL:OK: SPEED:0
[2026-05-18 17:51:18] SERIAL:OK: BRAKE:0
[2026-05-18 17:51:21] SERIAL:INFO: servo detached (idle)
[2026-05-18 17:51:21] SERIAL:OK: LEFT:0
[2026-05-18 17:51:21] SERIAL:OK: RIGHT:0
[2026-05-18 17:51:21] SERIAL:OK: EMERGENCY:0
[2026-05-18 17:51:21] SERIAL:OK: BRAKE:1
[2026-05-18 17:51:22] SERIAL:OK: LEFT:0
[2026-05-18 17:51:22] SERIAL:OK: RIGHT:0
[2026-05-18 17:51:22] SERIAL:OK: EMERGENCY:0
[2026-05-18 17:54:08] Arduino підключено: COM12
[2026-05-18 17:54:08] SERIAL:OK: LEFT:0
[2026-05-18 17:54:08] SERIAL:OK: RIGHT:0
[2026-05-18 17:54:08] SERIAL:OK: EMERGENCY:0
[2026-05-18 17:54:09] SERIAL:OK: BRAKE:1
[2026-05-18 17:54:10] SERIAL:INFO: servo detached (idle)
[2026-05-18 17:54:10] SERIAL:OK: SPEED:43
[2026-05-18 17:54:10] SERIAL:OK: BRAKE:0
[2026-05-18 17:54:11] SERIAL:OK: SPEED:49
[2026-05-18 17:54:11] SERIAL:OK: SPEED:51
[2026-05-18 17:54:11] SERIAL:OK: SPEED:54
[2026-05-18 17:54:11] SERIAL:OK: SPEED:56
[2026-05-18 17:54:11] SERIAL:OK: SPEED:61
[2026-05-18 17:54:11] SERIAL:OK: SPEED:64
[2026-05-18 17:54:11] SERIAL:OK: SPEED:66
[2026-05-18 17:54:11] SERIAL:OK: SPEED:68
[2026-05-18 17:54:11] SERIAL:OK: SPEED:70
[2026-05-18 17:54:11] SERIAL:OK: SPEED:72
[2026-05-18 17:54:11] SERIAL:OK: SPEED:74
[2026-05-18 17:54:11] SERIAL:OK: SPEED:75
[2026-05-18 17:54:11] SERIAL:OK: SPEED:76
[2026-05-18 17:54:11] SERIAL:OK: SPEED:78
[2026-05-18 17:54:11] SERIAL:OK: SPEED:80
[2026-05-18 17:54:11] SERIAL:OK: SPEED:82
[2026-05-18 17:54:11] SERIAL:OK: SPEED:83
[2026-05-18 17:54:11] SERIAL:OK: SPEED:82
[2026-05-18 17:54:11] SERIAL:OK: BRAKE:1
[2026-05-18 17:54:11] SERIAL:OK: SPEED:81
[2026-05-18 17:54:11] SERIAL:OK: SPEED:79
[2026-05-18 17:54:11] SERIAL:OK: SPEED:77
[2026-05-18 17:54:11] SERIAL:OK: SPEED:76
[2026-05-18 17:54:11] SERIAL:OK: SPEED:75
[2026-05-18 17:54:12] SERIAL:OK: SPEED:78
[2026-05-18 17:54:12] SERIAL:OK: SPEED:80
[2026-05-18 17:54:12] SERIAL:OK: SPEED:84
[2026-05-18 17:54:12] SERIAL:OK: SPEED:87
[2026-05-18 17:54:12] SERIAL:OK: SPEED:91
[2026-05-18 17:54:12] SERIAL:OK: SPEED:92
[2026-05-18 17:54:12] SERIAL:OK: SPEED:94
[2026-05-18 17:54:12] SERIAL:OK: SPEED:96
[2026-05-18 17:54:12] SERIAL:OK: SPEED:97
[2026-05-18 17:54:12] SERIAL:OK: SPEED:98
[2026-05-18 17:54:12] SERIAL:OK: SPEED:97
[2026-05-18 17:54:12] SERIAL:OK: SPEED:91
[2026-05-18 17:54:12] SERIAL:OK: SPEED:84
[2026-05-18 17:54:12] SERIAL:OK: SPEED:77
[2026-05-18 17:54:12] SERIAL:OK: SPEED:69
[2026-05-18 17:54:12] SERIAL:OK: SPEED:62
[2026-05-18 17:54:12] SERIAL:OK: SPEED:59
[2026-05-18 17:54:12] SERIAL:OK: SPEED:57
[2026-05-18 17:54:12] SERIAL:OK: SPEED:55
[2026-05-18 17:54:12] SERIAL:OK: SPEED:53
[2026-05-18 17:54:12] SERIAL:OK: SPEED:52
[2026-05-18 17:54:12] SERIAL:OK: SPEED:50
[2026-05-18 17:54:12] SERIAL:OK: SPEED:48
[2026-05-18 17:54:13] SERIAL:OK: SPEED:46
[2026-05-18 17:54:13] SERIAL:OK: SPEED:45
[2026-05-18 17:54:13] SERIAL:OK: SPEED:44
[2026-05-18 17:54:13] SERIAL:OK: SPEED:42
[2026-05-18 17:54:13] SERIAL:OK: SPEED:40
[2026-05-18 17:54:13] SERIAL:OK: SPEED:39
[2026-05-18 17:54:13] SERIAL:OK: SPEED:38
[2026-05-18 17:54:13] SERIAL:OK: SPEED:37
[2026-05-18 17:54:13] SERIAL:OK: SPEED:36
[2026-05-18 17:54:13] SERIAL:OK: SPEED:35
[2026-05-18 17:54:13] SERIAL:OK: SPEED:34
[2026-05-18 17:54:13] SERIAL:OK: SPEED:32
[2026-05-18 17:54:13] SERIAL:OK: SPEED:30
[2026-05-18 17:54:13] SERIAL:OK: SPEED:28
[2026-05-18 17:54:13] SERIAL:OK: SPEED:26
[2026-05-18 17:54:13] SERIAL:OK: SPEED:24
[2026-05-18 17:54:13] SERIAL:OK: SPEED:23
[2026-05-18 17:54:13] SERIAL:OK: SPEED:22
[2026-05-18 17:54:14] SERIAL:OK: SPEED:21
[2026-05-18 17:54:14] SERIAL:OK: SPEED:20
[2026-05-18 17:54:14] SERIAL:OK: SPEED:19
[2026-05-18 17:54:14] SERIAL:OK: SPEED:18
[2026-05-18 17:54:14] SERIAL:OK: SPEED:17
[2026-05-18 17:54:14] SERIAL:OK: SPEED:16
[2026-05-18 17:54:14] SERIAL:OK: SPEED:15
[2026-05-18 17:54:14] SERIAL:OK: SPEED:13
[2026-05-18 17:54:14] SERIAL:OK: SPEED:12
[2026-05-18 17:54:14] SERIAL:OK: SPEED:10
[2026-05-18 17:54:14] SERIAL:OK: SPEED:9
[2026-05-18 17:54:14] SERIAL:OK: SPEED:8
[2026-05-18 17:54:14] SERIAL:OK: SPEED:7
[2026-05-18 17:54:14] SERIAL:OK: SPEED:5
[2026-05-18 17:54:14] SERIAL:OK: SPEED:4
[2026-05-18 17:54:14] SERIAL:OK: SPEED:3
[2026-05-18 17:54:14] SERIAL:OK: SPEED:2
[2026-05-18 17:54:14] SERIAL:OK: SPEED:1
[2026-05-18 17:54:14] SERIAL:OK: SPEED:0
[2026-05-18 17:54:15] SERIAL:OK: BRAKE:0
[2026-05-18 17:54:15] SERIAL:OK: SPEED:1
[2026-05-18 17:54:15] SERIAL:OK: SPEED:2
[2026-05-18 17:54:15] SERIAL:OK: SPEED:4
[2026-05-18 17:54:15] SERIAL:OK: SPEED:6
[2026-05-18 17:54:15] SERIAL:OK: SPEED:8
[2026-05-18 17:54:15] SERIAL:OK: SPEED:10
[2026-05-18 17:54:15] SERIAL:OK: SPEED:12
[2026-05-18 17:54:15] SERIAL:OK: SPEED:13
[2026-05-18 17:54:15] SERIAL:OK: SPEED:15
[2026-05-18 17:54:15] SERIAL:OK: SPEED:17
[2026-05-18 17:54:15] SERIAL:OK: SPEED:19
[2026-05-18 17:54:15] SERIAL:OK: SPEED:21
[2026-05-18 17:54:16] SERIAL:OK: SPEED:25
[2026-05-18 17:54:16] SERIAL:OK: SPEED:27
[2026-05-18 17:54:16] SERIAL:OK: SPEED:30
[2026-05-18 17:54:16] SERIAL:OK: SPEED:32
[2026-05-18 17:54:16] SERIAL:OK: SPEED:33
[2026-05-18 17:54:16] SERIAL:OK: SPEED:34
[2026-05-18 17:54:16] SERIAL:OK: SPEED:35
[2026-05-18 17:54:16] SERIAL:OK: SPEED:36
[2026-05-18 17:54:16] SERIAL:OK: SPEED:38
[2026-05-18 17:54:16] SERIAL:OK: SPEED:39
[2026-05-18 17:54:16] SERIAL:OK: SPEED:40
[2026-05-18 17:54:16] SERIAL:OK: SPEED:41
[2026-05-18 17:54:16] SERIAL:OK: SPEED:42
[2026-05-18 17:54:16] SERIAL:OK: SPEED:44
[2026-05-18 17:54:16] SERIAL:OK: SPEED:47
[2026-05-18 17:54:16] SERIAL:OK: SPEED:49
[2026-05-18 17:54:16] SERIAL:OK: SPEED:53
[2026-05-18 17:54:16] SERIAL:OK: SPEED:56
[2026-05-18 17:54:16] SERIAL:OK: SPEED:58
[2026-05-18 17:54:16] SERIAL:OK: SPEED:60
[2026-05-18 17:54:16] SERIAL:OK: SPEED:62
[2026-05-18 17:54:16] SERIAL:OK: SPEED:63
[2026-05-18 17:54:16] SERIAL:OK: SPEED:65
[2026-05-18 17:54:16] SERIAL:OK: SPEED:66
[2026-05-18 17:54:16] SERIAL:OK: SPEED:68
[2026-05-18 17:54:17] SERIAL:OK: SPEED:70
[2026-05-18 17:54:17] SERIAL:OK: SPEED:72
[2026-05-18 17:54:17] SERIAL:OK: SPEED:73
[2026-05-18 17:54:17] SERIAL:OK: SPEED:74
[2026-05-18 17:54:17] SERIAL:OK: SPEED:75
[2026-05-18 17:54:17] SERIAL:OK: SPEED:76
[2026-05-18 17:54:17] SERIAL:OK: SPEED:77
[2026-05-18 17:54:17] SERIAL:OK: SPEED:79
[2026-05-18 17:54:17] SERIAL:OK: SPEED:81
[2026-05-18 17:54:17] SERIAL:OK: SPEED:82
[2026-05-18 17:54:17] SERIAL:OK: SPEED:84
[2026-05-18 17:54:17] SERIAL:OK: SPEED:86
[2026-05-18 17:54:17] SERIAL:OK: SPEED:87
[2026-05-18 17:54:17] SERIAL:OK: SPEED:89
[2026-05-18 17:54:17] SERIAL:OK: SPEED:90
[2026-05-18 17:54:17] SERIAL:OK: SPEED:92
[2026-05-18 17:54:17] SERIAL:OK: SPEED:94
[2026-05-18 17:54:17] SERIAL:OK: SPEED:96
[2026-05-18 17:54:17] SERIAL:OK: SPEED:98
[2026-05-18 17:54:17] SERIAL:OK: SPEED:99
[2026-05-18 17:54:17] SERIAL:OK: SPEED:100
[2026-05-18 17:54:19] SERIAL:OK: SPEED:0
[2026-05-18 17:54:19] SERIAL:OK: LEFT:0
[2026-05-18 17:54:19] SERIAL:OK: RIGHT:0
[2026-05-18 17:54:19] SERIAL:OK: EMERGENCY:0
[2026-05-18 17:54:19] SERIAL:OK: ALARM:0
[2026-05-18 17:54:19] SERIAL:OK: BRAKE:1
[2026-05-18 17:54:19] SERIAL:OK: LEFT:0
[2026-05-18 17:54:19] SERIAL:OK: RIGHT:0
[2026-05-18 17:54:19] SERIAL:OK: EMERGENCY:0
[2026-05-18 17:56:57] Arduino підключено: COM12
[2026-05-18 17:56:57] SERIAL:OK: LEFT:0
[2026-05-18 17:56:57] SERIAL:OK: RIGHT:0
[2026-05-18 17:56:57] SERIAL:OK: EMERGENCY:0
[2026-05-18 17:56:59] SERIAL:INFO: servo detached (idle)
[2026-05-18 17:57:00] SERIAL:OK: BRAKE:1
[2026-05-18 17:57:01] SERIAL:OK: SPEED:0
[2026-05-18 17:57:01] SERIAL:OK: SPEED:2
[2026-05-18 17:57:01] SERIAL:OK: BRAKE:0
[2026-05-18 17:57:02] SERIAL:OK: SPEED:6
[2026-05-18 17:57:02] SERIAL:OK: SPEED:9
[2026-05-18 17:57:02] SERIAL:OK: SPEED:16
[2026-05-18 17:57:02] SERIAL:OK: SPEED:24
[2026-05-18 17:57:02] SERIAL:OK: SPEED:31
[2026-05-18 17:57:02] SERIAL:OK: SPEED:37
[2026-05-18 17:57:02] SERIAL:OK: SPEED:41
[2026-05-18 17:57:02] SERIAL:OK: SPEED:42
[2026-05-18 17:57:02] SERIAL:OK: SPEED:43
[2026-05-18 17:57:02] SERIAL:OK: SPEED:45
[2026-05-18 17:57:02] SERIAL:OK: SPEED:46
[2026-05-18 17:57:02] SERIAL:OK: SPEED:47
[2026-05-18 17:57:02] SERIAL:OK: SPEED:49
[2026-05-18 17:57:02] SERIAL:OK: SPEED:50
[2026-05-18 17:57:02] SERIAL:OK: SPEED:51
[2026-05-18 17:57:02] SERIAL:OK: SPEED:52
[2026-05-18 17:57:02] SERIAL:OK: SPEED:54
[2026-05-18 17:57:02] SERIAL:OK: SPEED:56
[2026-05-18 17:57:02] SERIAL:OK: SPEED:58
[2026-05-18 17:57:02] SERIAL:OK: SPEED:60
[2026-05-18 17:57:02] SERIAL:OK: SPEED:63
[2026-05-18 17:57:02] SERIAL:OK: SPEED:65
[2026-05-18 17:57:02] SERIAL:OK: SPEED:67
[2026-05-18 17:57:02] SERIAL:OK: SPEED:69
[2026-05-18 17:57:02] SERIAL:OK: SPEED:71
[2026-05-18 17:57:03] SERIAL:OK: SPEED:72
[2026-05-18 17:57:03] SERIAL:OK: SPEED:74
[2026-05-18 17:57:03] SERIAL:OK: SPEED:75
[2026-05-18 17:57:03] SERIAL:OK: SPEED:77
[2026-05-18 17:57:03] SERIAL:OK: SPEED:78
[2026-05-18 17:57:03] SERIAL:OK: SPEED:80
[2026-05-18 17:57:03] SERIAL:OK: SPEED:82
[2026-05-18 17:57:03] SERIAL:OK: SPEED:83
[2026-05-18 17:57:03] SERIAL:OK: SPEED:84
[2026-05-18 17:57:03] SERIAL:OK: SPEED:85
[2026-05-18 17:57:03] SERIAL:OK: SPEED:86
[2026-05-18 17:57:03] SERIAL:OK: SPEED:87
[2026-05-18 17:57:03] SERIAL:OK: SPEED:88
[2026-05-18 17:57:03] SERIAL:OK: SPEED:89
[2026-05-18 17:57:04] SERIAL:OK: SPEED:90
[2026-05-18 17:57:04] SERIAL:OK: SPEED:91
[2026-05-18 17:57:04] SERIAL:OK: SPEED:92
[2026-05-18 17:57:04] SERIAL:OK: SPEED:93
[2026-05-18 17:57:04] SERIAL:OK: SPEED:94
[2026-05-18 17:57:04] SERIAL:OK: SPEED:95
[2026-05-18 17:57:04] SERIAL:OK: SPEED:96
[2026-05-18 17:57:04] SERIAL:OK: SPEED:97
[2026-05-18 17:57:04] SERIAL:OK: SPEED:98
[2026-05-18 17:57:04] SERIAL:OK: SPEED:99
[2026-05-18 17:57:04] SERIAL:OK: SPEED:100
[2026-05-18 17:57:08] SERIAL:OK: SPEED:92
[2026-05-18 17:57:08] SERIAL:OK: BRAKE:1
[2026-05-18 17:57:08] SERIAL:OK: SPEED:84
[2026-05-18 17:57:08] SERIAL:OK: SPEED:76
[2026-05-18 17:57:08] SERIAL:OK: SPEED:68
[2026-05-18 17:57:08] SERIAL:OK: SPEED:60
[2026-05-18 17:57:08] SERIAL:OK: SPEED:61
[2026-05-18 17:57:08] SERIAL:OK: SPEED:60
[2026-05-18 17:57:08] SERIAL:OK: SPEED:59
[2026-05-18 17:57:08] SERIAL:OK: SPEED:58
[2026-05-18 17:57:09] SERIAL:OK: SPEED:59
[2026-05-18 17:57:09] SERIAL:OK: SPEED:61
[2026-05-18 17:57:09] SERIAL:OK: SPEED:62
[2026-05-18 17:57:09] SERIAL:OK: SPEED:63
[2026-05-18 17:57:09] SERIAL:OK: BRAKE:0
[2026-05-18 17:57:09] SERIAL:OK: SPEED:65
[2026-05-18 17:57:09] SERIAL:OK: SPEED:66
[2026-05-18 17:57:09] SERIAL:OK: SPEED:67
[2026-05-18 17:57:09] SERIAL:OK: SPEED:68
[2026-05-18 17:57:09] SERIAL:OK: SPEED:69
[2026-05-18 17:57:09] SERIAL:OK: SPEED:70
[2026-05-18 17:57:09] SERIAL:OK: SPEED:71
[2026-05-18 17:57:09] SERIAL:OK: SPEED:72
[2026-05-18 17:57:09] SERIAL:OK: SPEED:73
[2026-05-18 17:57:09] SERIAL:OK: SPEED:74
[2026-05-18 17:57:09] SERIAL:OK: SPEED:75
[2026-05-18 17:57:09] SERIAL:OK: SPEED:76
[2026-05-18 17:57:09] SERIAL:OK: SPEED:77
[2026-05-18 17:57:10] SERIAL:OK: SPEED:78
[2026-05-18 17:57:10] SERIAL:OK: SPEED:79
[2026-05-18 17:57:10] SERIAL:OK: SPEED:80
[2026-05-18 17:57:10] SERIAL:OK: SPEED:81
[2026-05-18 17:57:10] SERIAL:OK: SPEED:82
[2026-05-18 17:57:10] SERIAL:OK: SPEED:83
[2026-05-18 17:57:10] SERIAL:OK: SPEED:84
[2026-05-18 17:57:10] SERIAL:OK: SPEED:83
[2026-05-18 17:57:10] SERIAL:OK: SPEED:82
[2026-05-18 17:57:11] SERIAL:OK: SPEED:81
[2026-05-18 17:57:11] SERIAL:OK: SPEED:80
[2026-05-18 17:57:11] SERIAL:OK: BRAKE:1
[2026-05-18 17:57:11] SERIAL:OK: SPEED:79
[2026-05-18 17:57:12] SERIAL:OK: BRAKE:0
[2026-05-18 17:57:12] SERIAL:OK: SPEED:80
[2026-05-18 17:57:13] SERIAL:OK: SPEED:79
[2026-05-18 17:57:14] SERIAL:OK: SPEED:78
[2026-05-18 17:57:14] SERIAL:OK: SPEED:79
[2026-05-18 17:57:14] SERIAL:OK: SPEED:78
[2026-05-18 17:57:14] SERIAL:OK: SPEED:79
[2026-05-18 17:57:15] SERIAL:OK: SPEED:80
[2026-05-18 17:57:16] SERIAL:OK: SPEED:81
[2026-05-18 17:57:17] SERIAL:OK: SPEED:80
[2026-05-18 17:57:17] SERIAL:OK: SPEED:79
[2026-05-18 17:57:17] SERIAL:OK: BRAKE:1
[2026-05-18 17:57:17] SERIAL:OK: SPEED:78
[2026-05-18 17:57:17] SERIAL:OK: SPEED:77
[2026-05-18 17:57:17] SERIAL:OK: SPEED:76
[2026-05-18 17:57:17] SERIAL:OK: SPEED:75
[2026-05-18 17:57:17] SERIAL:OK: SPEED:74
[2026-05-18 17:57:17] SERIAL:OK: SPEED:73
[2026-05-18 17:57:17] SERIAL:OK: SPEED:72
[2026-05-18 17:57:18] SERIAL:OK: SPEED:71
[2026-05-18 17:57:18] SERIAL:OK: SPEED:70
[2026-05-18 17:57:18] SERIAL:OK: SPEED:69
[2026-05-18 17:57:18] SERIAL:OK: SPEED:68
[2026-05-18 17:57:18] SERIAL:OK: SPEED:67
[2026-05-18 17:57:18] SERIAL:OK: SPEED:66
[2026-05-18 17:57:18] SERIAL:OK: SPEED:65
[2026-05-18 17:57:18] SERIAL:OK: SPEED:64
[2026-05-18 17:57:18] SERIAL:OK: SPEED:63
[2026-05-18 17:57:18] SERIAL:OK: SPEED:62
[2026-05-18 17:57:18] SERIAL:OK: SPEED:61
[2026-05-18 17:57:18] SERIAL:OK: SPEED:60
[2026-05-18 17:57:18] SERIAL:OK: SPEED:59
[2026-05-18 17:57:18] SERIAL:OK: SPEED:57
[2026-05-18 17:57:18] SERIAL:OK: SPEED:55
[2026-05-18 17:57:18] SERIAL:OK: SPEED:54
[2026-05-18 17:57:18] SERIAL:OK: SPEED:53
[2026-05-18 17:57:18] SERIAL:OK: SPEED:52
[2026-05-18 17:57:18] SERIAL:OK: SPEED:51
[2026-05-18 17:57:19] SERIAL:OK: SPEED:50
[2026-05-18 17:57:19] SERIAL:OK: SPEED:49
[2026-05-18 17:57:19] SERIAL:OK: SPEED:48
[2026-05-18 17:57:19] SERIAL:OK: SPEED:47
[2026-05-18 17:57:19] SERIAL:OK: SPEED:46
[2026-05-18 17:57:19] SERIAL:OK: SPEED:45
[2026-05-18 17:57:19] SERIAL:OK: SPEED:44
[2026-05-18 17:57:19] SERIAL:OK: SPEED:42
[2026-05-18 17:57:19] SERIAL:OK: SPEED:41
[2026-05-18 17:57:19] SERIAL:OK: SPEED:42
[2026-05-18 17:57:19] SERIAL:OK: SPEED:43
[2026-05-18 17:57:20] SERIAL:OK: SPEED:44
[2026-05-18 17:57:20] SERIAL:OK: SPEED:45
[2026-05-18 17:57:20] SERIAL:OK: SPEED:46
[2026-05-18 17:57:20] SERIAL:OK: SPEED:47
[2026-05-18 17:57:20] SERIAL:OK: SPEED:48
[2026-05-18 17:57:20] SERIAL:OK: SPEED:49
[2026-05-18 17:57:20] SERIAL:OK: BRAKE:0
[2026-05-18 17:57:20] SERIAL:OK: SPEED:50
[2026-05-18 17:57:21] SERIAL:OK: SPEED:51
[2026-05-18 17:57:21] SERIAL:OK: SPEED:52
[2026-05-18 17:57:21] SERIAL:OK: SPEED:53
[2026-05-18 17:57:21] SERIAL:OK: SPEED:54
[2026-05-18 17:57:21] SERIAL:OK: SPEED:55
[2026-05-18 17:57:21] SERIAL:OK: SPEED:56
[2026-05-18 17:57:21] SERIAL:OK: SPEED:57
[2026-05-18 17:57:21] SERIAL:OK: SPEED:58
[2026-05-18 17:57:22] SERIAL:OK: SPEED:59
[2026-05-18 17:57:22] SERIAL:OK: SPEED:60
[2026-05-18 17:57:22] SERIAL:OK: SPEED:61
[2026-05-18 17:57:22] SERIAL:OK: SPEED:62
[2026-05-18 17:57:22] SERIAL:OK: SPEED:63
[2026-05-18 17:57:22] SERIAL:OK: SPEED:64
[2026-05-18 17:57:22] SERIAL:OK: SPEED:65
[2026-05-18 17:57:22] SERIAL:OK: SPEED:66
[2026-05-18 17:57:23] SERIAL:OK: SPEED:68
[2026-05-18 17:57:24] SERIAL:OK: SPEED:69
[2026-05-18 17:57:24] SERIAL:OK: SPEED:72
[2026-05-18 17:57:30] SERIAL:OK: SPEED:66
[2026-05-18 17:57:30] SERIAL:OK: BRAKE:1
[2026-05-18 17:57:31] SERIAL:OK: SPEED:59
[2026-05-18 17:57:31] SERIAL:OK: SPEED:52
[2026-05-18 17:57:31] SERIAL:OK: SPEED:43
[2026-05-18 17:57:31] SERIAL:OK: SPEED:33
[2026-05-18 17:57:31] SERIAL:OK: SPEED:30
[2026-05-18 17:57:31] SERIAL:OK: SPEED:27
[2026-05-18 17:57:31] SERIAL:OK: SPEED:24
[2026-05-18 17:57:31] SERIAL:OK: SPEED:21
[2026-05-18 17:57:31] SERIAL:OK: SPEED:18
[2026-05-18 17:57:31] SERIAL:OK: SPEED:16
[2026-05-18 17:57:31] SERIAL:OK: SPEED:15
[2026-05-18 17:57:31] SERIAL:OK: SPEED:16
[2026-05-18 17:57:31] SERIAL:OK: SPEED:17
[2026-05-18 17:57:31] SERIAL:OK: SPEED:18
[2026-05-18 17:57:31] SERIAL:OK: SPEED:19
[2026-05-18 17:57:31] SERIAL:OK: SPEED:20
[2026-05-18 17:57:31] SERIAL:OK: SPEED:21
[2026-05-18 17:57:31] SERIAL:OK: SPEED:22
[2026-05-18 17:57:31] SERIAL:OK: SPEED:24
[2026-05-18 17:57:31] SERIAL:OK: SPEED:25
[2026-05-18 17:57:32] SERIAL:OK: SPEED:27
[2026-05-18 17:57:32] SERIAL:OK: SPEED:28
[2026-05-18 17:57:32] SERIAL:OK: SPEED:30
[2026-05-18 17:57:32] SERIAL:OK: BRAKE:0
[2026-05-18 17:57:32] SERIAL:OK: SPEED:32
[2026-05-18 17:57:32] SERIAL:OK: SPEED:33
[2026-05-18 17:57:32] SERIAL:OK: SPEED:34
[2026-05-18 17:57:32] SERIAL:OK: SPEED:35
[2026-05-18 17:57:32] SERIAL:OK: SPEED:36
[2026-05-18 17:57:32] SERIAL:OK: SPEED:37
[2026-05-18 17:57:32] SERIAL:OK: SPEED:38
[2026-05-18 17:57:32] SERIAL:OK: SPEED:39
[2026-05-18 17:57:32] SERIAL:OK: SPEED:40
[2026-05-18 17:57:32] SERIAL:OK: SPEED:41
[2026-05-18 17:57:32] SERIAL:OK: SPEED:40
[2026-05-18 17:57:33] SERIAL:OK: SPEED:41
[2026-05-18 17:57:33] SERIAL:OK: SPEED:42
[2026-05-18 17:57:33] SERIAL:OK: SPEED:43
[2026-05-18 17:57:33] SERIAL:OK: SPEED:44
[2026-05-18 17:57:33] SERIAL:OK: SPEED:45
[2026-05-18 17:57:34] SERIAL:OK: SPEED:46
[2026-05-18 17:57:34] SERIAL:OK: SPEED:47
[2026-05-18 17:57:34] SERIAL:OK: SPEED:48
[2026-05-18 17:57:34] SERIAL:OK: SPEED:47
[2026-05-18 17:57:34] SERIAL:OK: SPEED:48
[2026-05-18 17:57:35] SERIAL:OK: SPEED:49
[2026-05-18 17:57:35] SERIAL:OK: SPEED:50
[2026-05-18 17:57:35] SERIAL:OK: SPEED:51
[2026-05-18 17:57:35] SERIAL:OK: SPEED:52
[2026-05-18 17:57:35] SERIAL:OK: SPEED:53
[2026-05-18 17:57:35] SERIAL:OK: SPEED:52
[2026-05-18 17:57:36] SERIAL:OK: SPEED:51
[2026-05-18 17:57:36] SERIAL:OK: SPEED:50
[2026-05-18 17:57:36] SERIAL:OK: SPEED:51
[2026-05-18 17:57:37] SERIAL:OK: SPEED:52
[2026-05-18 17:57:37] SERIAL:OK: SPEED:53
[2026-05-18 17:57:37] SERIAL:OK: SPEED:54
[2026-05-18 17:57:40] SERIAL:OK: SPEED:0
[2026-05-18 17:57:40] SERIAL:OK: LEFT:0
[2026-05-18 17:57:40] SERIAL:OK: RIGHT:0
[2026-05-18 17:57:40] SERIAL:OK: EMERGENCY:0
[2026-05-18 17:57:40] SERIAL:OK: ALARM:0
[2026-05-18 17:57:40] SERIAL:OK: BRAKE:1
[2026-05-18 17:57:40] SERIAL:OK: LEFT:0
[2026-05-18 17:57:40] SERIAL:OK: RIGHT:0
[2026-05-18 17:57:40] SERIAL:OK: EMERGENCY:0
[2026-05-18 17:57:43] SERIAL:INFO: servo detached (idle)
[2026-05-18 17:58:39] SERIAL:OK: SPEED:45
[2026-05-18 17:58:39] SERIAL:OK: BRAKE:0
[2026-05-18 17:58:39] SERIAL:OK: SPEED:46
[2026-05-18 17:58:39] SERIAL:OK: SPEED:49
[2026-05-18 17:58:39] SERIAL:OK: SPEED:53
[2026-05-18 17:58:39] SERIAL:OK: SPEED:57
[2026-05-18 17:58:39] SERIAL:OK: SPEED:63
[2026-05-18 17:58:39] SERIAL:OK: SPEED:69
[2026-05-18 17:58:39] SERIAL:OK: SPEED:73
[2026-05-18 17:58:40] SERIAL:OK: SPEED:77
[2026-05-18 17:58:40] SERIAL:OK: SPEED:80
[2026-05-18 17:58:40] SERIAL:OK: SPEED:83
[2026-05-18 17:58:40] SERIAL:OK: SPEED:85
[2026-05-18 17:58:40] SERIAL:OK: SPEED:86
[2026-05-18 17:58:40] SERIAL:OK: SPEED:87
[2026-05-18 17:58:40] SERIAL:OK: SPEED:84
[2026-05-18 17:58:40] SERIAL:OK: BRAKE:1
[2026-05-18 17:58:40] SERIAL:OK: SPEED:82
[2026-05-18 17:58:40] SERIAL:OK: SPEED:78
[2026-05-18 17:58:40] SERIAL:OK: SPEED:74
[2026-05-18 17:58:40] SERIAL:OK: SPEED:70
[2026-05-18 17:58:40] SERIAL:OK: SPEED:68
[2026-05-18 17:58:40] SERIAL:OK: SPEED:66
[2026-05-18 17:58:40] SERIAL:OK: SPEED:65
[2026-05-18 17:58:40] SERIAL:OK: SPEED:63
[2026-05-18 17:58:40] SERIAL:OK: SPEED:62
[2026-05-18 17:58:40] SERIAL:OK: SPEED:60
[2026-05-18 17:58:40] SERIAL:OK: SPEED:59
[2026-05-18 17:58:40] SERIAL:OK: SPEED:58
[2026-05-18 17:58:40] SERIAL:OK: SPEED:57
[2026-05-18 17:58:41] SERIAL:OK: BRAKE:0
[2026-05-18 17:58:54] Arduino підключено: COM12
[2026-05-18 17:58:55] SERIAL:OK: LEFT:0
[2026-05-18 17:58:55] SERIAL:OK: RIGHT:0
[2026-05-18 17:58:55] SERIAL:OK: EMERGENCY:0
[2026-05-18 17:58:57] SERIAL:INFO: servo detached (idle)
[2026-05-18 17:58:57] SERIAL:OK: BRAKE:1
[2026-05-18 17:59:00] SERIAL:OK: SPEED:87
[2026-05-18 17:59:00] SERIAL:OK: BRAKE:0
[2026-05-18 17:59:00] SERIAL:OK: SPEED:86
[2026-05-18 17:59:00] SERIAL:OK: BRAKE:1
[2026-05-18 17:59:00] SERIAL:OK: SPEED:85
[2026-05-18 17:59:00] SERIAL:OK: SPEED:84
[2026-05-18 17:59:01] SERIAL:OK: SPEED:83
[2026-05-18 17:59:01] SERIAL:OK: SPEED:82
[2026-05-18 17:59:01] SERIAL:OK: SPEED:81
[2026-05-18 17:59:01] SERIAL:OK: SPEED:80
[2026-05-18 17:59:01] SERIAL:OK: SPEED:78
[2026-05-18 17:59:01] SERIAL:OK: SPEED:75
[2026-05-18 17:59:01] SERIAL:OK: SPEED:74
[2026-05-18 17:59:01] SERIAL:OK: SPEED:73
[2026-05-18 17:59:01] SERIAL:OK: SPEED:74
[2026-05-18 17:59:01] SERIAL:OK: SPEED:77
[2026-05-18 17:59:01] SERIAL:OK: SPEED:81
[2026-05-18 17:59:01] SERIAL:OK: SPEED:84
[2026-05-18 17:59:01] SERIAL:OK: SPEED:88
[2026-05-18 17:59:01] SERIAL:OK: SPEED:91
[2026-05-18 17:59:01] SERIAL:OK: SPEED:94
[2026-05-18 17:59:01] SERIAL:OK: SPEED:97
[2026-05-18 17:59:01] SERIAL:OK: SPEED:99
[2026-05-18 17:59:01] SERIAL:OK: SPEED:100
[2026-05-18 17:59:01] SERIAL:OK: BRAKE:0
[2026-05-18 17:59:01] SERIAL:OK: SPEED:99
[2026-05-18 17:59:01] SERIAL:OK: BRAKE:1
[2026-05-18 17:59:01] SERIAL:OK: SPEED:98
[2026-05-18 17:59:02] SERIAL:OK: SPEED:97
[2026-05-18 17:59:02] SERIAL:OK: SPEED:96
[2026-05-18 17:59:02] SERIAL:OK: SPEED:95
[2026-05-18 17:59:02] SERIAL:OK: SPEED:94
[2026-05-18 17:59:02] SERIAL:OK: SPEED:93
[2026-05-18 17:59:02] SERIAL:OK: SPEED:92
[2026-05-18 17:59:02] SERIAL:OK: SPEED:91
[2026-05-18 17:59:02] SERIAL:OK: SPEED:90
[2026-05-18 17:59:02] SERIAL:OK: SPEED:89
[2026-05-18 17:59:02] SERIAL:OK: SPEED:88
[2026-05-18 17:59:02] SERIAL:OK: SPEED:87
[2026-05-18 17:59:02] SERIAL:OK: SPEED:86
[2026-05-18 17:59:02] SERIAL:OK: SPEED:85
[2026-05-18 17:59:02] SERIAL:OK: SPEED:84
[2026-05-18 17:59:02] SERIAL:OK: SPEED:83
[2026-05-18 17:59:02] SERIAL:OK: SPEED:82
[2026-05-18 17:59:03] SERIAL:OK: SPEED:81
[2026-05-18 17:59:03] SERIAL:OK: SPEED:80
[2026-05-18 17:59:03] SERIAL:OK: SPEED:79
[2026-05-18 17:59:03] SERIAL:OK: SPEED:78
[2026-05-18 17:59:03] SERIAL:OK: SPEED:77
[2026-05-18 17:59:03] SERIAL:OK: SPEED:76
[2026-05-18 17:59:03] SERIAL:OK: SPEED:75
[2026-05-18 17:59:03] SERIAL:OK: SPEED:74
[2026-05-18 17:59:03] SERIAL:OK: SPEED:75
[2026-05-18 17:59:04] SERIAL:OK: BRAKE:0
[2026-05-18 17:59:04] SERIAL:OK: SPEED:76
[2026-05-18 17:59:04] SERIAL:OK: SPEED:77
[2026-05-18 17:59:04] SERIAL:OK: SPEED:78
[2026-05-18 17:59:04] SERIAL:OK: SPEED:79
[2026-05-18 17:59:04] SERIAL:OK: SPEED:80
[2026-05-18 17:59:05] SERIAL:OK: SPEED:79
[2026-05-18 17:59:05] SERIAL:OK: SPEED:78
[2026-05-18 17:59:05] SERIAL:OK: SPEED:79
[2026-05-18 17:59:06] SERIAL:OK: SPEED:80
[2026-05-18 17:59:06] SERIAL:OK: SPEED:81
[2026-05-18 17:59:06] SERIAL:OK: SPEED:80
[2026-05-18 17:59:06] SERIAL:OK: SPEED:79
[2026-05-18 17:59:06] SERIAL:OK: BRAKE:1
[2026-05-18 17:59:06] SERIAL:OK: SPEED:78
[2026-05-18 17:59:06] SERIAL:OK: SPEED:77
[2026-05-18 17:59:06] SERIAL:OK: SPEED:78
[2026-05-18 17:59:07] SERIAL:OK: BRAKE:0
[2026-05-18 17:59:07] SERIAL:OK: SPEED:77
[2026-05-18 17:59:07] SERIAL:OK: SPEED:78
[2026-05-18 17:59:08] SERIAL:OK: SPEED:79
[2026-05-18 17:59:08] SERIAL:OK: SPEED:80
[2026-05-18 17:59:08] SERIAL:OK: SPEED:81
[2026-05-18 17:59:08] SERIAL:OK: SPEED:80
[2026-05-18 17:59:08] SERIAL:OK: SPEED:81
[2026-05-18 17:59:09] SERIAL:OK: SPEED:82
[2026-05-18 17:59:09] SERIAL:OK: SPEED:83
[2026-05-18 17:59:09] SERIAL:OK: SPEED:84
[2026-05-18 17:59:09] SERIAL:OK: SPEED:85
[2026-05-18 17:59:09] SERIAL:OK: SPEED:84
[2026-05-18 17:59:09] SERIAL:OK: SPEED:85
[2026-05-18 17:59:10] SERIAL:OK: SPEED:86
[2026-05-18 17:59:10] SERIAL:OK: SPEED:87
[2026-05-18 17:59:10] SERIAL:OK: SPEED:88
[2026-05-18 17:59:10] SERIAL:OK: SPEED:89
[2026-05-18 17:59:11] SERIAL:OK: SPEED:90
[2026-05-18 17:59:11] SERIAL:OK: SPEED:91
[2026-05-18 17:59:11] SERIAL:OK: SPEED:92
[2026-05-18 17:59:11] SERIAL:OK: SPEED:93
[2026-05-18 17:59:12] SERIAL:OK: SPEED:94
[2026-05-18 17:59:12] SERIAL:OK: SPEED:95
[2026-05-18 17:59:12] SERIAL:OK: SPEED:96
[2026-05-18 17:59:12] SERIAL:OK: SPEED:97
[2026-05-18 17:59:12] SERIAL:OK: SPEED:98
[2026-05-18 17:59:12] SERIAL:OK: SPEED:99
[2026-05-18 17:59:15] SERIAL:OK: SPEED:87
[2026-05-18 17:59:15] SERIAL:OK: BRAKE:1
[2026-05-18 17:59:15] SERIAL:OK: SPEED:75
[2026-05-18 17:59:15] SERIAL:OK: SPEED:62
[2026-05-18 17:59:15] SERIAL:OK: SPEED:49
[2026-05-18 17:59:15] SERIAL:OK: SPEED:37
[2026-05-18 17:59:15] SERIAL:OK: SPEED:36
[2026-05-18 17:59:15] SERIAL:OK: SPEED:37
[2026-05-18 17:59:15] SERIAL:OK: SPEED:38
[2026-05-18 17:59:15] SERIAL:OK: SPEED:39
[2026-05-18 17:59:15] SERIAL:OK: SPEED:40
[2026-05-18 17:59:15] SERIAL:OK: SPEED:42
[2026-05-18 17:59:16] SERIAL:OK: SPEED:44
[2026-05-18 17:59:16] SERIAL:OK: BRAKE:0
[2026-05-18 17:59:16] SERIAL:OK: SPEED:45
[2026-05-18 17:59:16] SERIAL:OK: SPEED:47
[2026-05-18 17:59:16] SERIAL:OK: SPEED:49
[2026-05-18 17:59:16] SERIAL:OK: SPEED:50
[2026-05-18 17:59:16] SERIAL:OK: SPEED:51
[2026-05-18 17:59:16] SERIAL:OK: SPEED:52
[2026-05-18 17:59:16] SERIAL:OK: SPEED:53
[2026-05-18 17:59:16] SERIAL:OK: SPEED:54
[2026-05-18 17:59:16] SERIAL:OK: SPEED:55
[2026-05-18 17:59:16] SERIAL:OK: SPEED:56
[2026-05-18 17:59:16] SERIAL:OK: SPEED:57
[2026-05-18 17:59:16] SERIAL:OK: SPEED:58
[2026-05-18 17:59:17] SERIAL:OK: SPEED:59
[2026-05-18 17:59:17] SERIAL:OK: SPEED:60
[2026-05-18 17:59:17] SERIAL:OK: SPEED:61
[2026-05-18 17:59:17] SERIAL:OK: SPEED:62
[2026-05-18 17:59:17] SERIAL:OK: SPEED:63
[2026-05-18 17:59:17] SERIAL:OK: SPEED:65
[2026-05-18 17:59:17] SERIAL:OK: SPEED:66
[2026-05-18 17:59:17] SERIAL:OK: SPEED:67
[2026-05-18 17:59:17] SERIAL:OK: SPEED:68
[2026-05-18 17:59:17] SERIAL:OK: SPEED:69
[2026-05-18 17:59:17] SERIAL:OK: SPEED:70
[2026-05-18 17:59:17] SERIAL:OK: SPEED:71
[2026-05-18 17:59:18] SERIAL:OK: SPEED:72
[2026-05-18 17:59:18] SERIAL:OK: SPEED:73
[2026-05-18 17:59:18] SERIAL:OK: SPEED:74
[2026-05-18 17:59:18] SERIAL:OK: SPEED:75
[2026-05-18 17:59:18] SERIAL:OK: SPEED:76
[2026-05-18 17:59:18] SERIAL:OK: SPEED:77
[2026-05-18 17:59:18] SERIAL:OK: SPEED:78
[2026-05-18 17:59:19] SERIAL:OK: SPEED:79
[2026-05-18 17:59:19] SERIAL:OK: SPEED:80
[2026-05-18 17:59:19] SERIAL:OK: SPEED:81
[2026-05-18 17:59:19] SERIAL:OK: SPEED:82
[2026-05-18 17:59:19] SERIAL:OK: SPEED:83
[2026-05-18 17:59:20] SERIAL:OK: SPEED:84
[2026-05-18 17:59:20] SERIAL:OK: SPEED:83
[2026-05-18 17:59:20] SERIAL:OK: SPEED:82
[2026-05-18 17:59:20] SERIAL:OK: SPEED:81
[2026-05-18 17:59:21] SERIAL:OK: SPEED:80
[2026-05-18 17:59:21] SERIAL:OK: SPEED:79
[2026-05-18 17:59:21] SERIAL:OK: SPEED:78
[2026-05-18 17:59:22] SERIAL:OK: SPEED:79
[2026-05-18 17:59:22] SERIAL:OK: SPEED:81
[2026-05-18 17:59:22] SERIAL:OK: SPEED:84
[2026-05-18 17:59:52] SERIAL:OK: SPEED:76
[2026-05-18 17:59:52] SERIAL:OK: BRAKE:1
[2026-05-18 17:59:52] SERIAL:OK: SPEED:67
[2026-05-18 17:59:52] SERIAL:OK: SPEED:58
[2026-05-18 17:59:52] SERIAL:OK: SPEED:47
[2026-05-18 17:59:52] SERIAL:OK: SPEED:35
[2026-05-18 17:59:53] SERIAL:OK: SPEED:34
[2026-05-18 17:59:53] SERIAL:OK: SPEED:33
[2026-05-18 17:59:53] SERIAL:OK: SPEED:34
[2026-05-18 17:59:53] SERIAL:OK: SPEED:35
[2026-05-18 17:59:53] SERIAL:OK: SPEED:37
[2026-05-18 17:59:53] SERIAL:OK: SPEED:38
[2026-05-18 17:59:53] SERIAL:OK: SPEED:40
[2026-05-18 17:59:53] SERIAL:OK: SPEED:42
[2026-05-18 17:59:53] SERIAL:OK: SPEED:43
[2026-05-18 17:59:53] SERIAL:OK: SPEED:45
[2026-05-18 17:59:53] SERIAL:OK: SPEED:47
[2026-05-18 17:59:53] SERIAL:OK: SPEED:48
[2026-05-18 17:59:53] SERIAL:OK: SPEED:49
[2026-05-18 17:59:53] SERIAL:OK: SPEED:50
[2026-05-18 17:59:53] SERIAL:OK: BRAKE:0
[2026-05-18 17:59:53] SERIAL:OK: SPEED:51
[2026-05-18 17:59:53] SERIAL:OK: SPEED:52
[2026-05-18 17:59:54] SERIAL:OK: SPEED:53
[2026-05-18 17:59:54] SERIAL:OK: SPEED:54
[2026-05-18 17:59:54] SERIAL:OK: SPEED:55
[2026-05-18 17:59:54] SERIAL:OK: SPEED:56
[2026-05-18 17:59:54] SERIAL:OK: SPEED:57
[2026-05-18 17:59:54] SERIAL:OK: SPEED:58
[2026-05-18 17:59:54] SERIAL:OK: SPEED:59
[2026-05-18 17:59:54] SERIAL:OK: SPEED:60
[2026-05-18 17:59:54] SERIAL:OK: SPEED:61
[2026-05-18 17:59:54] SERIAL:OK: SPEED:62
[2026-05-18 17:59:54] SERIAL:OK: SPEED:63
[2026-05-18 17:59:55] SERIAL:OK: SPEED:64
[2026-05-18 17:59:55] SERIAL:OK: SPEED:65
[2026-05-18 17:59:55] SERIAL:OK: SPEED:66
[2026-05-18 17:59:55] SERIAL:OK: SPEED:67
[2026-05-18 17:59:55] SERIAL:OK: SPEED:68
[2026-05-18 17:59:55] SERIAL:OK: SPEED:69
[2026-05-18 17:59:55] SERIAL:OK: SPEED:70
[2026-05-18 17:59:55] SERIAL:OK: SPEED:71
[2026-05-18 17:59:55] SERIAL:OK: SPEED:72
[2026-05-18 17:59:55] SERIAL:OK: SPEED:73
[2026-05-18 17:59:55] SERIAL:OK: SPEED:74
[2026-05-18 17:59:55] SERIAL:OK: SPEED:75
[2026-05-18 17:59:55] SERIAL:OK: SPEED:76
[2026-05-18 17:59:55] SERIAL:OK: SPEED:77
[2026-05-18 17:59:55] SERIAL:OK: SPEED:78
[2026-05-18 17:59:57] SERIAL:OK: SPEED:79
[2026-05-18 17:59:57] SERIAL:OK: SPEED:80
[2026-05-18 17:59:57] SERIAL:OK: SPEED:81
[2026-05-18 17:59:57] SERIAL:OK: SPEED:82
[2026-05-18 17:59:58] SERIAL:OK: SPEED:83
[2026-05-18 17:59:58] SERIAL:OK: SPEED:84
[2026-05-18 17:59:58] SERIAL:OK: SPEED:85
[2026-05-18 17:59:58] SERIAL:OK: SPEED:86
[2026-05-18 17:59:59] SERIAL:OK: SPEED:87
[2026-05-18 17:59:59] SERIAL:OK: SPEED:88
[2026-05-18 17:59:59] SERIAL:OK: SPEED:89
[2026-05-18 18:00:00] SERIAL:OK: SPEED:90
[2026-05-18 18:00:00] SERIAL:OK: SPEED:91
[2026-05-18 18:00:01] SERIAL:OK: SPEED:90
[2026-05-18 18:00:01] SERIAL:OK: SPEED:89
[2026-05-18 18:00:02] SERIAL:OK: SPEED:88
[2026-05-18 18:00:02] SERIAL:OK: SPEED:89
[2026-05-18 18:00:02] SERIAL:OK: SPEED:90
[2026-05-18 18:00:02] SERIAL:OK: SPEED:91
[2026-05-18 18:00:02] SERIAL:OK: SPEED:90
[2026-05-18 18:00:03] SERIAL:OK: SPEED:91
[2026-05-18 18:00:03] SERIAL:OK: SPEED:90
[2026-05-18 18:00:03] SERIAL:OK: SPEED:91
[2026-05-18 18:00:03] SERIAL:OK: SPEED:92
[2026-05-18 18:00:03] SERIAL:OK: SPEED:93
[2026-05-18 18:00:06] SERIAL:OK: SPEED:91
[2026-05-18 18:00:06] SERIAL:OK: BRAKE:1
[2026-05-18 18:00:06] SERIAL:OK: SPEED:88
[2026-05-18 18:00:06] SERIAL:OK: SPEED:85
[2026-05-18 18:00:06] SERIAL:OK: SPEED:82
[2026-05-18 18:00:06] SERIAL:OK: SPEED:79
[2026-05-18 18:00:06] SERIAL:OK: SPEED:80
[2026-05-18 18:00:07] SERIAL:OK: SPEED:79
[2026-05-18 18:00:07] SERIAL:OK: SPEED:80
[2026-05-18 18:00:07] SERIAL:OK: SPEED:81
[2026-05-18 18:00:07] SERIAL:OK: SPEED:82
[2026-05-18 18:00:07] SERIAL:OK: SPEED:83
[2026-05-18 18:00:07] SERIAL:OK: BRAKE:0
[2026-05-18 18:00:07] SERIAL:OK: SPEED:84
[2026-05-18 18:00:07] SERIAL:OK: SPEED:85
[2026-05-18 18:00:07] SERIAL:OK: SPEED:86
[2026-05-18 18:00:07] SERIAL:OK: SPEED:87
[2026-05-18 18:00:08] SERIAL:OK: SPEED:88
[2026-05-18 18:00:08] SERIAL:OK: SPEED:89
[2026-05-18 18:00:08] SERIAL:OK: SPEED:90
[2026-05-18 18:00:08] SERIAL:OK: SPEED:91
[2026-05-18 18:00:08] SERIAL:OK: SPEED:90
[2026-05-18 18:00:08] SERIAL:OK: SPEED:91
[2026-05-18 18:00:08] SERIAL:OK: SPEED:90
[2026-05-18 18:00:09] SERIAL:OK: SPEED:89
[2026-05-18 18:00:09] SERIAL:OK: BRAKE:1
[2026-05-18 18:00:09] SERIAL:OK: SPEED:88
[2026-05-18 18:00:09] SERIAL:OK: SPEED:89
[2026-05-18 18:00:10] SERIAL:OK: SPEED:90
[2026-05-18 18:00:10] SERIAL:OK: BRAKE:0
[2026-05-18 18:00:10] SERIAL:OK: SPEED:91
[2026-05-18 18:00:10] SERIAL:OK: SPEED:92
[2026-05-18 18:00:10] SERIAL:OK: SPEED:93
[2026-05-18 18:00:11] SERIAL:OK: SPEED:94
[2026-05-18 18:00:11] SERIAL:OK: SPEED:95
[2026-05-18 18:00:11] SERIAL:OK: SPEED:96
[2026-05-18 18:00:11] SERIAL:OK: SPEED:97
[2026-05-18 18:00:11] SERIAL:OK: SPEED:98
[2026-05-18 18:00:11] SERIAL:OK: SPEED:99
[2026-05-18 18:00:11] SERIAL:OK: SPEED:100
[2026-05-18 18:00:11] SERIAL:OK: SPEED:91
[2026-05-18 18:00:11] SERIAL:OK: BRAKE:1
[2026-05-18 18:00:12] SERIAL:OK: BRAKE:0
[2026-05-18 18:01:44] Arduino підключено: COM12
[2026-05-18 18:01:45] SERIAL:OK: LEFT:0
[2026-05-18 18:01:45] SERIAL:OK: RIGHT:0
[2026-05-18 18:01:45] SERIAL:OK: EMERGENCY:0
[2026-05-18 18:01:47] SERIAL:INFO: servo detached (idle)
[2026-05-18 18:02:21] SERIAL:OK: BRAKE:1
[2026-05-18 18:03:17] SERIAL:OK: SPEED:100
[2026-05-18 18:03:17] SERIAL:OK: BRAKE:0
[2026-05-18 18:04:17] SERIAL:OK: SPEED:93
[2026-05-18 18:04:17] SERIAL:OK: BRAKE:1
[2026-05-18 18:04:17] SERIAL:OK: SPEED:85
[2026-05-18 18:04:17] SERIAL:OK: SPEED:76
[2026-05-18 18:04:17] SERIAL:OK: SPEED:68
[2026-05-18 18:04:17] SERIAL:OK: SPEED:59
[2026-05-18 18:04:17] SERIAL:OK: SPEED:58
[2026-05-18 18:04:17] SERIAL:OK: SPEED:57
[2026-05-18 18:04:17] SERIAL:OK: SPEED:56
[2026-05-18 18:04:17] SERIAL:OK: SPEED:55
[2026-05-18 18:04:17] SERIAL:OK: SPEED:54
[2026-05-18 18:04:17] SERIAL:OK: SPEED:53
[2026-05-18 18:04:17] SERIAL:OK: SPEED:52
[2026-05-18 18:04:17] SERIAL:OK: SPEED:51
[2026-05-18 18:04:17] SERIAL:OK: SPEED:52
[2026-05-18 18:04:17] SERIAL:OK: SPEED:53
[2026-05-18 18:04:17] SERIAL:OK: SPEED:52
[2026-05-18 18:04:17] SERIAL:OK: SPEED:51
[2026-05-18 18:04:18] SERIAL:OK: SPEED:50
[2026-05-18 18:04:18] SERIAL:OK: SPEED:49
[2026-05-18 18:04:18] SERIAL:OK: BRAKE:0
[2026-05-18 18:04:18] SERIAL:OK: SPEED:48
[2026-05-18 18:04:19] SERIAL:OK: SPEED:49
[2026-05-18 18:04:19] SERIAL:OK: SPEED:50
[2026-05-18 18:04:19] SERIAL:OK: SPEED:51
[2026-05-18 18:04:36] SERIAL:OK: BRAKE:1
[2026-05-18 18:04:36] SERIAL:OK: SPEED:50
[2026-05-18 18:04:36] SERIAL:OK: SPEED:49
[2026-05-18 18:04:36] SERIAL:OK: SPEED:50
[2026-05-18 18:04:36] SERIAL:OK: SPEED:52
[2026-05-18 18:04:36] SERIAL:OK: SPEED:56
[2026-05-18 18:04:37] SERIAL:OK: SPEED:59
[2026-05-18 18:04:37] SERIAL:OK: SPEED:63
[2026-05-18 18:04:37] SERIAL:OK: SPEED:66
[2026-05-18 18:04:37] SERIAL:OK: SPEED:69
[2026-05-18 18:04:37] SERIAL:OK: SPEED:70
[2026-05-18 18:04:37] SERIAL:OK: SPEED:72
[2026-05-18 18:04:37] SERIAL:OK: SPEED:74
[2026-05-18 18:04:37] SERIAL:OK: SPEED:76
[2026-05-18 18:04:37] SERIAL:OK: SPEED:77
[2026-05-18 18:04:37] SERIAL:OK: SPEED:78
[2026-05-18 18:04:37] SERIAL:OK: BRAKE:0
[2026-05-18 18:04:37] SERIAL:OK: SPEED:77
[2026-05-18 18:04:37] SERIAL:OK: BRAKE:1
[2026-05-18 18:04:37] SERIAL:OK: SPEED:75
[2026-05-18 18:04:37] SERIAL:OK: SPEED:73
[2026-05-18 18:04:37] SERIAL:OK: SPEED:70
[2026-05-18 18:04:37] SERIAL:OK: SPEED:69
[2026-05-18 18:04:37] SERIAL:OK: SPEED:68
[2026-05-18 18:04:37] SERIAL:OK: SPEED:67
[2026-05-18 18:04:37] SERIAL:OK: SPEED:66
[2026-05-18 18:04:37] SERIAL:OK: SPEED:65
[2026-05-18 18:04:37] SERIAL:OK: SPEED:64
[2026-05-18 18:04:37] SERIAL:OK: SPEED:63
[2026-05-18 18:04:38] SERIAL:OK: SPEED:62
[2026-05-18 18:04:38] SERIAL:OK: SPEED:61
[2026-05-18 18:04:38] SERIAL:OK: SPEED:60
[2026-05-18 18:04:38] SERIAL:OK: SPEED:59
[2026-05-18 18:04:38] SERIAL:OK: SPEED:58
[2026-05-18 18:04:38] SERIAL:OK: SPEED:57
[2026-05-18 18:04:38] SERIAL:OK: SPEED:56
[2026-05-18 18:04:38] SERIAL:OK: SPEED:55
[2026-05-18 18:04:38] SERIAL:OK: SPEED:54
[2026-05-18 18:04:39] SERIAL:OK: SPEED:53
[2026-05-18 18:04:39] SERIAL:OK: SPEED:52
[2026-05-18 18:04:39] SERIAL:OK: SPEED:51
[2026-05-18 18:04:39] SERIAL:OK: SPEED:50
[2026-05-18 18:04:39] SERIAL:OK: SPEED:49
[2026-05-18 18:04:39] SERIAL:OK: SPEED:48
[2026-05-18 18:04:39] SERIAL:OK: SPEED:47
[2026-05-18 18:04:39] SERIAL:OK: BRAKE:0
[2026-05-18 18:04:40] SERIAL:OK: SPEED:48
[2026-05-18 18:04:41] SERIAL:OK: SPEED:47
[2026-05-18 18:04:41] SERIAL:OK: BRAKE:1
[2026-05-18 18:04:41] SERIAL:OK: SPEED:48
[2026-05-18 18:04:41] SERIAL:OK: SPEED:47
[2026-05-18 18:04:41] SERIAL:OK: BRAKE:0
[2026-05-18 18:05:39] Автоповоротник ВЛІВО
[2026-05-18 18:05:39] SERIAL:OK: LEFT:1
[2026-05-18 18:05:40] SERIAL:OK: LEFT:0
[2026-05-18 18:05:40] SERIAL:OK: LEFT:1
[2026-05-18 18:05:40] SERIAL:OK: LEFT:0
[2026-05-18 18:05:41] SERIAL:OK: LEFT:1
[2026-05-18 18:05:41] SERIAL:OK: LEFT:0
[2026-05-18 18:05:41] Автоповоротник ВЛІВО
[2026-05-18 18:05:41] SERIAL:OK: LEFT:1
[2026-05-18 18:05:42] SERIAL:OK: LEFT:0
[2026-05-18 18:05:42] SERIAL:OK: LEFT:1
[2026-05-18 18:05:42] SERIAL:OK: LEFT:0
[2026-05-18 18:05:43] SERIAL:OK: LEFT:1
[2026-05-18 18:05:43] SERIAL:OK: LEFT:0
[2026-05-18 18:05:43] Автоповоротник ВЛІВО
[2026-05-18 18:05:43] SERIAL:OK: LEFT:1
[2026-05-18 18:05:44] SERIAL:OK: LEFT:0
[2026-05-18 18:05:44] SERIAL:OK: LEFT:1
[2026-05-18 18:05:44] SERIAL:OK: LEFT:0
[2026-05-18 18:05:45] SERIAL:OK: LEFT:1
[2026-05-18 18:05:45] SERIAL:OK: LEFT:0
[2026-05-18 18:05:46] SERIAL:OK: LEFT:1
[2026-05-18 18:05:46] SERIAL:OK: LEFT:0
[2026-05-18 18:05:46] SERIAL:OK: LEFT:1
[2026-05-18 18:05:46] Автоповоротники вимкнено
[2026-05-18 18:05:47] SERIAL:OK: LEFT:0
[2026-05-18 18:06:11] Автоповоротник ВЛІВО
[2026-05-18 18:06:11] SERIAL:OK: LEFT:1
[2026-05-18 18:06:12] SERIAL:OK: LEFT:0
[2026-05-18 18:06:12] SERIAL:OK: LEFT:1
[2026-05-18 18:06:12] SERIAL:OK: LEFT:0
[2026-05-18 18:06:13] SERIAL:OK: LEFT:1
[2026-05-18 18:06:13] SERIAL:OK: LEFT:0
[2026-05-18 18:06:13] Автоповоротник ВЛІВО
[2026-05-18 18:06:13] SERIAL:OK: LEFT:1
[2026-05-18 18:06:14] SERIAL:OK: LEFT:0
[2026-05-18 18:06:14] SERIAL:OK: LEFT:1
[2026-05-18 18:06:14] SERIAL:OK: LEFT:0
[2026-05-18 18:06:15] SERIAL:OK: LEFT:1
[2026-05-18 18:06:15] SERIAL:OK: LEFT:0
[2026-05-18 18:06:16] SERIAL:OK: LEFT:1
[2026-05-18 18:06:16] SERIAL:OK: LEFT:0
[2026-05-18 18:06:16] SERIAL:OK: LEFT:1
[2026-05-18 18:06:16] Автоповоротники вимкнено
[2026-05-18 18:06:17] SERIAL:OK: LEFT:0
[2026-05-18 18:07:04] SERIAL:OK: SPEED:37
[2026-05-18 18:07:04] SERIAL:OK: BRAKE:1
[2026-05-18 18:07:04] SERIAL:OK: SPEED:28
[2026-05-18 18:07:04] SERIAL:OK: SPEED:19
[2026-05-18 18:07:04] SERIAL:OK: BRAKE:0
[2026-05-18 18:07:08] SERIAL:OK: SPEED:10
[2026-05-18 18:07:08] SERIAL:OK: BRAKE:1
[2026-05-18 18:07:08] SERIAL:OK: SPEED:1
[2026-05-18 18:07:08] SERIAL:OK: SPEED:2
[2026-05-18 18:07:08] SERIAL:OK: SPEED:3
[2026-05-18 18:07:08] SERIAL:OK: SPEED:2
[2026-05-18 18:07:08] SERIAL:OK: SPEED:1
[2026-05-18 18:07:09] SERIAL:OK: BRAKE:0
[2026-05-18 18:07:33] SERIAL:OK: SPEED:8
[2026-05-18 18:07:33] SERIAL:OK: SPEED:16
[2026-05-18 18:07:33] SERIAL:OK: SPEED:24
[2026-05-18 18:07:33] SERIAL:OK: SPEED:29
[2026-05-18 18:07:33] SERIAL:OK: SPEED:31
[2026-05-18 18:07:34] SERIAL:OK: SPEED:25
[2026-05-18 18:07:34] SERIAL:OK: BRAKE:1
[2026-05-18 18:07:34] SERIAL:OK: SPEED:17
[2026-05-18 18:07:34] SERIAL:OK: SPEED:10
[2026-05-18 18:07:34] SERIAL:OK: SPEED:8
[2026-05-18 18:07:34] SERIAL:OK: SPEED:9
[2026-05-18 18:07:34] SERIAL:OK: SPEED:7
[2026-05-18 18:07:34] SERIAL:OK: SPEED:4
[2026-05-18 18:07:34] SERIAL:OK: SPEED:2
[2026-05-18 18:07:34] SERIAL:OK: SPEED:0
[2026-05-18 18:07:35] SERIAL:OK: BRAKE:0
[2026-05-18 18:07:35] SERIAL:OK: SPEED:1
[2026-05-18 18:07:35] SERIAL:OK: SPEED:2
[2026-05-18 18:07:35] SERIAL:OK: SPEED:1
[2026-05-18 18:07:35] SERIAL:OK: SPEED:2
[2026-05-18 18:07:36] SERIAL:OK: SPEED:3
[2026-05-18 18:07:36] SERIAL:OK: SPEED:2
[2026-05-18 18:07:36] SERIAL:OK: BRAKE:1
[2026-05-18 18:07:36] SERIAL:OK: SPEED:1
[2026-05-18 18:07:36] SERIAL:OK: SPEED:0
[2026-05-18 18:07:37] SERIAL:OK: SPEED:6
[2026-05-18 18:07:37] SERIAL:OK: BRAKE:0
[2026-05-18 18:07:37] SERIAL:OK: SPEED:9
[2026-05-18 18:07:37] SERIAL:OK: SPEED:13
[2026-05-18 18:07:37] SERIAL:OK: SPEED:22
[2026-05-18 18:07:37] SERIAL:OK: SPEED:33
[2026-05-18 18:07:37] SERIAL:OK: SPEED:37
[2026-05-18 18:07:37] SERIAL:OK: SPEED:47
[2026-05-18 18:07:38] SERIAL:OK: SPEED:55
[2026-05-18 18:07:38] SERIAL:OK: SPEED:58
[2026-05-18 18:07:38] SERIAL:OK: SPEED:60
[2026-05-18 18:07:38] SERIAL:OK: SPEED:61
[2026-05-18 18:07:38] SERIAL:OK: SPEED:60
[2026-05-18 18:07:38] SERIAL:OK: BRAKE:1
[2026-05-18 18:07:38] SERIAL:OK: SPEED:61
[2026-05-18 18:07:38] SERIAL:OK: SPEED:62
[2026-05-18 18:07:38] SERIAL:OK: SPEED:64
[2026-05-18 18:07:38] SERIAL:OK: SPEED:63
[2026-05-18 18:07:38] SERIAL:OK: SPEED:61
[2026-05-18 18:07:38] SERIAL:OK: SPEED:60
[2026-05-18 18:07:38] SERIAL:OK: SPEED:58
[2026-05-18 18:07:38] SERIAL:OK: SPEED:56
[2026-05-18 18:07:38] SERIAL:OK: SPEED:52
[2026-05-18 18:07:38] SERIAL:OK: SPEED:49
[2026-05-18 18:07:38] SERIAL:OK: SPEED:37
[2026-05-18 18:07:38] SERIAL:OK: SPEED:28
[2026-05-18 18:07:39] SERIAL:OK: SPEED:20
[2026-05-18 18:07:39] SERIAL:OK: SPEED:16
[2026-05-18 18:07:39] SERIAL:OK: SPEED:14
[2026-05-18 18:07:39] SERIAL:OK: SPEED:15
[2026-05-18 18:07:39] SERIAL:OK: SPEED:13
[2026-05-18 18:07:39] SERIAL:OK: SPEED:6
[2026-05-18 18:07:39] SERIAL:OK: SPEED:5
[2026-05-18 18:07:39] SERIAL:OK: SPEED:2
[2026-05-18 18:07:39] SERIAL:OK: SPEED:0
[2026-05-18 18:07:39] SERIAL:OK: SPEED:1
[2026-05-18 18:07:39] SERIAL:OK: BRAKE:0
[2026-05-18 18:07:39] SERIAL:OK: SPEED:2
[2026-05-18 18:07:40] SERIAL:OK: SPEED:0
[2026-05-18 18:07:40] SERIAL:OK: BRAKE:1
[2026-05-18 18:07:42] SERIAL:OK: SPEED:1
[2026-05-18 18:07:42] SERIAL:OK: BRAKE:0
[2026-05-18 18:07:42] SERIAL:OK: SPEED:3
[2026-05-18 18:07:42] SERIAL:OK: SPEED:7
[2026-05-18 18:07:42] SERIAL:OK: SPEED:10
[2026-05-18 18:07:42] SERIAL:OK: SPEED:9
[2026-05-18 18:07:42] SERIAL:OK: BRAKE:1
[2026-05-18 18:07:42] SERIAL:OK: SPEED:7
[2026-05-18 18:07:42] SERIAL:OK: SPEED:3
[2026-05-18 18:07:42] SERIAL:OK: SPEED:0
[2026-05-18 18:07:45] SERIAL:INFO: servo detached (idle)
[2026-05-18 18:07:50] SERIAL:OK: BRAKE:0
[2026-05-18 18:07:51] SERIAL:OK: SPEED:7
[2026-05-18 18:07:56] SERIAL:OK: SPEED:15
[2026-05-18 18:07:56] SERIAL:OK: SPEED:18
[2026-05-18 18:07:56] SERIAL:OK: SPEED:17
[2026-05-18 18:07:56] SERIAL:OK: SPEED:10
[2026-05-18 18:07:56] SERIAL:OK: BRAKE:1
[2026-05-18 18:07:56] SERIAL:OK: SPEED:3
[2026-05-18 18:07:57] SERIAL:OK: SPEED:0
[2026-05-18 18:08:00] SERIAL:INFO: servo detached (idle)
[2026-05-18 18:09:02] Автоповоротник ВЛІВО
[2026-05-18 18:09:03] SERIAL:OK: LEFT:1
[2026-05-18 18:09:03] SERIAL:OK: LEFT:0
[2026-05-18 18:09:03] SERIAL:OK: LEFT:1
[2026-05-18 18:09:04] SERIAL:OK: LEFT:0
[2026-05-18 18:09:04] SERIAL:OK: LEFT:1
[2026-05-18 18:09:04] SERIAL:OK: LEFT:0
[2026-05-18 18:09:04] Автоповоротник ВЛІВО
[2026-05-18 18:09:05] SERIAL:OK: LEFT:1
[2026-05-18 18:09:05] SERIAL:OK: LEFT:0
[2026-05-18 18:09:05] SERIAL:OK: LEFT:1
[2026-05-18 18:09:06] SERIAL:OK: LEFT:0
[2026-05-18 18:09:06] SERIAL:OK: LEFT:1
[2026-05-18 18:09:06] SERIAL:OK: LEFT:0
[2026-05-18 18:09:06] Автоповоротник ВЛІВО
[2026-05-18 18:09:07] SERIAL:OK: LEFT:1
[2026-05-18 18:09:07] SERIAL:OK: LEFT:0
[2026-05-18 18:09:07] SERIAL:OK: LEFT:1
[2026-05-18 18:09:08] SERIAL:OK: LEFT:0
[2026-05-18 18:09:08] SERIAL:OK: LEFT:1
[2026-05-18 18:09:08] SERIAL:OK: LEFT:0
[2026-05-18 18:09:08] Автоповоротник ВЛІВО
[2026-05-18 18:09:09] SERIAL:OK: LEFT:1
[2026-05-18 18:09:09] SERIAL:OK: LEFT:0
[2026-05-18 18:09:09] SERIAL:OK: LEFT:1
[2026-05-18 18:09:10] SERIAL:OK: LEFT:0
[2026-05-18 18:09:10] SERIAL:OK: LEFT:1
[2026-05-18 18:09:10] Автоповоротник ВЛІВО
[2026-05-18 18:09:10] SERIAL:OK: LEFT:0
[2026-05-18 18:09:11] SERIAL:OK: LEFT:1
[2026-05-18 18:09:11] SERIAL:OK: LEFT:0
[2026-05-18 18:09:11] SERIAL:OK: LEFT:1
[2026-05-18 18:09:12] SERIAL:OK: LEFT:0
[2026-05-18 18:09:12] SERIAL:OK: LEFT:1
[2026-05-18 18:09:12] Автоповоротник ВЛІВО
[2026-05-18 18:09:12] SERIAL:OK: LEFT:0
[2026-05-18 18:09:13] SERIAL:OK: LEFT:1
[2026-05-18 18:09:13] SERIAL:OK: LEFT:0
[2026-05-18 18:09:14] SERIAL:OK: LEFT:1
[2026-05-18 18:09:14] SERIAL:OK: LEFT:0
[2026-05-18 18:09:14] SERIAL:OK: LEFT:1
[2026-05-18 18:09:14] Автоповоротник ВЛІВО
[2026-05-18 18:09:15] SERIAL:OK: LEFT:0
[2026-05-18 18:09:15] SERIAL:OK: LEFT:1
[2026-05-18 18:09:15] SERIAL:OK: LEFT:0
[2026-05-18 18:09:16] SERIAL:OK: LEFT:1
[2026-05-18 18:09:16] SERIAL:OK: LEFT:0
[2026-05-18 18:09:16] SERIAL:OK: LEFT:1
[2026-05-18 18:09:16] Автоповоротник ВЛІВО
[2026-05-18 18:09:17] SERIAL:OK: LEFT:0
[2026-05-18 18:09:17] SERIAL:OK: LEFT:1
[2026-05-18 18:09:17] SERIAL:OK: LEFT:0
[2026-05-18 18:09:18] SERIAL:OK: LEFT:1
[2026-05-18 18:09:18] SERIAL:OK: LEFT:0
[2026-05-18 18:09:18] SERIAL:OK: LEFT:1
[2026-05-18 18:09:19] Автоповоротник ВЛІВО
[2026-05-18 18:09:19] SERIAL:OK: LEFT:0
[2026-05-18 18:09:19] SERIAL:OK: LEFT:1
[2026-05-18 18:09:19] SERIAL:OK: LEFT:0
[2026-05-18 18:09:20] SERIAL:OK: LEFT:1
[2026-05-18 18:09:20] SERIAL:OK: LEFT:0
[2026-05-18 18:09:20] SERIAL:OK: LEFT:1
[2026-05-18 18:09:21] SERIAL:OK: LEFT:0
[2026-05-18 18:09:21] SERIAL:OK: LEFT:1
[2026-05-18 18:09:21] SERIAL:OK: LEFT:0
[2026-05-18 18:09:22] SERIAL:OK: LEFT:1
[2026-05-18 18:09:22] SERIAL:OK: LEFT:0
[2026-05-18 18:09:22] SERIAL:OK: LEFT:1
[2026-05-18 18:09:23] SERIAL:OK: LEFT:0
[2026-05-18 18:09:23] SERIAL:OK: LEFT:1
[2026-05-18 18:09:23] SERIAL:OK: LEFT:0
[2026-05-18 18:09:24] SERIAL:OK: LEFT:1
[2026-05-18 18:09:24] SERIAL:OK: LEFT:0
[2026-05-18 18:09:24] SERIAL:OK: LEFT:1
[2026-05-18 18:09:25] SERIAL:OK: LEFT:0
[2026-05-18 18:09:25] SERIAL:OK: LEFT:1
[2026-05-18 18:09:25] Автоповоротник ВЛІВО
[2026-05-18 18:09:25] SERIAL:OK: LEFT:0
[2026-05-18 18:09:26] SERIAL:OK: LEFT:1
[2026-05-18 18:09:26] SERIAL:OK: LEFT:0
[2026-05-18 18:09:26] SERIAL:OK: LEFT:1
[2026-05-18 18:09:27] SERIAL:OK: LEFT:0
[2026-05-18 18:09:27] SERIAL:OK: LEFT:1
[2026-05-18 18:09:27] SERIAL:OK: LEFT:0
[2026-05-18 18:09:28] SERIAL:OK: LEFT:1
[2026-05-18 18:09:28] SERIAL:OK: LEFT:0
[2026-05-18 18:09:28] SERIAL:OK: LEFT:1
[2026-05-18 18:09:29] SERIAL:OK: LEFT:0
[2026-05-18 18:09:29] SERIAL:OK: LEFT:1
[2026-05-18 18:09:29] SERIAL:OK: LEFT:0
[2026-05-18 18:09:30] SERIAL:OK: LEFT:1
[2026-05-18 18:09:30] SERIAL:OK: LEFT:0
[2026-05-18 18:09:30] Автоповоротники вимкнено
[2026-05-18 18:09:32] SERIAL:OK: LEFT:0
[2026-05-18 18:09:32] SERIAL:OK: RIGHT:0
[2026-05-18 18:09:32] SERIAL:OK: EMERGENCY:0
[2026-05-18 18:09:32] SERIAL:OK: BRAKE:0
[2026-05-18 18:09:32] SERIAL:OK: ALARM:0
[2026-05-18 18:09:32] SERIAL:OK: BRAKE:1
[2026-05-18 18:09:32] SERIAL:OK: LEFT:0
[2026-05-18 18:09:32] SERIAL:OK: RIGHT:0
[2026-05-18 18:09:32] SERIAL:OK: EMERGENCY:0
[2026-05-18 18:09:50] Автоповоротник ВЛІВО
[2026-05-18 18:09:50] SERIAL:OK: LEFT:1
[2026-05-18 18:09:51] SERIAL:OK: LEFT:0
[2026-05-18 18:09:51] SERIAL:OK: LEFT:1
[2026-05-18 18:09:51] SERIAL:OK: LEFT:0
[2026-05-18 18:09:52] SERIAL:OK: LEFT:1
[2026-05-18 18:09:52] Автоповоротник ВЛІВО
[2026-05-18 18:09:52] SERIAL:OK: LEFT:0
[2026-05-18 18:09:52] SERIAL:OK: LEFT:1
[2026-05-18 18:09:53] SERIAL:OK: LEFT:0
[2026-05-18 18:09:53] SERIAL:OK: LEFT:1
[2026-05-18 18:09:53] SERIAL:OK: LEFT:0
[2026-05-18 18:09:54] SERIAL:OK: LEFT:1
[2026-05-18 18:09:54] Автоповоротник ВЛІВО
[2026-05-18 18:09:54] SERIAL:OK: LEFT:0
[2026-05-18 18:09:54] SERIAL:OK: LEFT:1
[2026-05-18 18:09:55] SERIAL:OK: LEFT:0
[2026-05-18 18:09:55] SERIAL:OK: LEFT:1
[2026-05-18 18:09:55] SERIAL:OK: LEFT:0
[2026-05-18 18:09:56] SERIAL:OK: LEFT:1
[2026-05-18 18:09:56] Автоповоротник ВЛІВО
[2026-05-18 18:09:56] SERIAL:OK: LEFT:0
[2026-05-18 18:09:56] SERIAL:OK: LEFT:1
[2026-05-18 18:09:57] SERIAL:OK: LEFT:0
[2026-05-18 18:09:57] SERIAL:OK: LEFT:1
[2026-05-18 18:09:57] SERIAL:OK: LEFT:0
[2026-05-18 18:09:58] SERIAL:OK: LEFT:1
[2026-05-18 18:09:58] Автоповоротник ВЛІВО
[2026-05-18 18:09:58] SERIAL:OK: LEFT:0
[2026-05-18 18:09:58] SERIAL:OK: LEFT:1
[2026-05-18 18:09:59] SERIAL:OK: LEFT:0
[2026-05-18 18:09:59] SERIAL:OK: LEFT:1
[2026-05-18 18:09:59] SERIAL:OK: LEFT:0
[2026-05-18 18:10:00] SERIAL:OK: LEFT:1
[2026-05-18 18:10:00] Автоповоротник ВЛІВО
[2026-05-18 18:10:00] SERIAL:OK: LEFT:0
[2026-05-18 18:10:01] SERIAL:OK: LEFT:1
[2026-05-18 18:10:01] SERIAL:OK: LEFT:0
[2026-05-18 18:10:01] SERIAL:OK: LEFT:1
[2026-05-18 18:10:02] SERIAL:OK: LEFT:0
[2026-05-18 18:10:02] SERIAL:OK: LEFT:1
[2026-05-18 18:10:02] SERIAL:OK: LEFT:0
[2026-05-18 18:10:03] SERIAL:OK: LEFT:1
[2026-05-18 18:10:03] SERIAL:OK: LEFT:0
[2026-05-18 18:10:03] SERIAL:OK: LEFT:0
[2026-05-18 18:10:03] SERIAL:OK: RIGHT:0
[2026-05-18 18:10:03] SERIAL:OK: EMERGENCY:0
[2026-05-18 18:10:03] SERIAL:OK: BRAKE:0
[2026-05-18 18:10:03] SERIAL:OK: BRAKE:1
[2026-05-18 18:10:03] SERIAL:OK: LEFT:0
[2026-05-18 18:10:03] SERIAL:OK: RIGHT:0
[2026-05-18 18:10:03] SERIAL:OK: EMERGENCY:0
[2026-05-18 18:12:15] SERIAL:OK: LEFT:0
[2026-05-18 18:12:15] SERIAL:OK: RIGHT:0
[2026-05-18 18:12:15] SERIAL:OK: EMERGENCY:0
[2026-05-18 18:12:15] SERIAL:OK: BRAKE:0
[2026-05-18 18:12:15] SERIAL:OK: BRAKE:1
[2026-05-18 18:12:16] SERIAL:OK: LEFT:0
[2026-05-18 18:12:16] SERIAL:OK: RIGHT:0
[2026-05-18 18:12:16] SERIAL:OK: EMERGENCY:0
[2026-05-18 18:16:41] Обличчя зникло
[2026-05-18 18:17:32] Обличчя зникло
[2026-05-18 18:18:27] SERIAL:OK: LEFT:0
[2026-05-18 18:18:27] SERIAL:OK: RIGHT:0
[2026-05-18 18:18:27] SERIAL:OK: EMERGENCY:0
[2026-05-18 18:18:27] SERIAL:OK: BRAKE:0
[2026-05-18 18:18:27] SERIAL:OK: BRAKE:1
[2026-05-18 18:18:27] SERIAL:OK: LEFT:0
[2026-05-18 18:18:27] SERIAL:OK: RIGHT:0
[2026-05-18 18:18:27] SERIAL:OK: EMERGENCY:0
[2026-05-18 18:19:12] Автоповоротник ВЛІВО
[2026-05-18 18:19:12] SERIAL:OK: LEFT:1
[2026-05-18 18:19:13] SERIAL:OK: LEFT:0
[2026-05-18 18:19:13] SERIAL:OK: LEFT:1
[2026-05-18 18:19:13] SERIAL:OK: LEFT:0
[2026-05-18 18:19:14] SERIAL:OK: LEFT:1
[2026-05-18 18:19:14] SERIAL:OK: LEFT:0
[2026-05-18 18:19:14] SERIAL:OK: LEFT:1
[2026-05-18 18:19:15] SERIAL:OK: LEFT:0
[2026-05-18 18:19:15] SERIAL:OK: LEFT:1
[2026-05-18 18:19:15] SERIAL:OK: LEFT:0
[2026-05-18 18:19:16] SERIAL:OK: LEFT:1
[2026-05-18 18:19:16] SERIAL:OK: LEFT:0
[2026-05-18 18:19:16] Автоповоротники вимкнено
[2026-05-18 18:19:23] Автоповоротник ВЛІВО
[2026-05-18 18:19:23] SERIAL:OK: LEFT:1
[2026-05-18 18:19:23] SERIAL:OK: LEFT:0
[2026-05-18 18:19:24] SERIAL:OK: LEFT:1
[2026-05-18 18:19:24] SERIAL:OK: LEFT:0
[2026-05-18 18:19:24] SERIAL:OK: LEFT:1
[2026-05-18 18:19:25] Автоповоротник ВЛІВО
[2026-05-18 18:19:25] SERIAL:OK: LEFT:0
[2026-05-18 18:19:25] SERIAL:OK: LEFT:1
[2026-05-18 18:19:25] SERIAL:OK: LEFT:0
[2026-05-18 18:19:26] SERIAL:OK: LEFT:1
[2026-05-18 18:19:26] SERIAL:OK: LEFT:0
[2026-05-18 18:19:26] SERIAL:OK: LEFT:1
[2026-05-18 18:19:27] Автоповоротник ВЛІВО
[2026-05-18 18:19:27] SERIAL:OK: LEFT:0
[2026-05-18 18:19:27] SERIAL:OK: LEFT:1
[2026-05-18 18:19:27] SERIAL:OK: LEFT:0
[2026-05-18 18:19:28] SERIAL:OK: LEFT:1
[2026-05-18 18:19:28] SERIAL:OK: LEFT:0
[2026-05-18 18:19:29] SERIAL:OK: LEFT:1
[2026-05-18 18:19:29] Автоповоротник ВЛІВО
[2026-05-18 18:19:29] SERIAL:OK: LEFT:0
[2026-05-18 18:19:29] SERIAL:OK: LEFT:1
[2026-05-18 18:19:30] SERIAL:OK: LEFT:0
[2026-05-18 18:19:30] SERIAL:OK: LEFT:1
[2026-05-18 18:19:30] SERIAL:OK: LEFT:0
[2026-05-18 18:19:31] SERIAL:OK: LEFT:1
[2026-05-18 18:19:31] Автоповоротник ВЛІВО
[2026-05-18 18:19:31] SERIAL:OK: LEFT:0
[2026-05-18 18:19:31] SERIAL:OK: LEFT:1
[2026-05-18 18:19:32] SERIAL:OK: LEFT:0
[2026-05-18 18:19:32] SERIAL:OK: LEFT:1
[2026-05-18 18:19:32] SERIAL:OK: LEFT:0
[2026-05-18 18:19:33] SERIAL:OK: LEFT:1
[2026-05-18 18:19:33] SERIAL:OK: LEFT:0
[2026-05-18 18:19:33] SERIAL:OK: LEFT:1
[2026-05-18 18:19:34] SERIAL:OK: LEFT:0
[2026-05-18 18:19:34] SERIAL:OK: LEFT:1
[2026-05-18 18:19:34] SERIAL:OK: LEFT:0
[2026-05-18 18:19:35] SERIAL:OK: LEFT:1
[2026-05-18 18:19:35] SERIAL:OK: LEFT:0
[2026-05-18 18:19:35] SERIAL:OK: LEFT:1
[2026-05-18 18:19:36] SERIAL:OK: LEFT:0
[2026-05-18 18:19:36] SERIAL:OK: LEFT:1
[2026-05-18 18:19:36] SERIAL:OK: LEFT:0
[2026-05-18 18:19:37] SERIAL:OK: LEFT:1
[2026-05-18 18:19:37] SERIAL:OK: LEFT:0
[2026-05-18 18:19:37] SERIAL:OK: LEFT:1
[2026-05-18 18:19:37] Автоповоротник ВПРАВО
[2026-05-18 18:19:38] SERIAL:OK: LEFT:0
[2026-05-18 18:19:38] SERIAL:OK: RIGHT:1
[2026-05-18 18:19:38] SERIAL:OK: RIGHT:0
[2026-05-18 18:19:39] SERIAL:OK: RIGHT:1
[2026-05-18 18:19:39] SERIAL:OK: RIGHT:0
[2026-05-18 18:19:39] SERIAL:OK: RIGHT:1
[2026-05-18 18:19:40] Автоповоротник ВПРАВО
[2026-05-18 18:19:40] SERIAL:OK: RIGHT:0
[2026-05-18 18:19:40] SERIAL:OK: RIGHT:1
[2026-05-18 18:19:40] SERIAL:OK: RIGHT:0
[2026-05-18 18:19:41] SERIAL:OK: RIGHT:1
[2026-05-18 18:19:41] SERIAL:OK: RIGHT:0
[2026-05-18 18:19:41] SERIAL:OK: RIGHT:1
[2026-05-18 18:19:42] Автоповоротник ВПРАВО
[2026-05-18 18:19:42] SERIAL:OK: RIGHT:0
[2026-05-18 18:19:42] SERIAL:OK: RIGHT:1
[2026-05-18 18:19:42] SERIAL:OK: RIGHT:0
[2026-05-18 18:19:43] SERIAL:OK: RIGHT:1
[2026-05-18 18:19:43] SERIAL:OK: RIGHT:0
[2026-05-18 18:19:43] SERIAL:OK: RIGHT:1
[2026-05-18 18:19:44] Автоповоротник ВПРАВО
[2026-05-18 18:19:44] SERIAL:OK: RIGHT:0
[2026-05-18 18:19:44] SERIAL:OK: RIGHT:1
[2026-05-18 18:19:44] SERIAL:OK: RIGHT:0
[2026-05-18 18:19:45] SERIAL:OK: RIGHT:1
[2026-05-18 18:19:45] SERIAL:OK: RIGHT:0
[2026-05-18 18:19:45] SERIAL:OK: RIGHT:1
[2026-05-18 18:19:46] Автоповоротник ВПРАВО
[2026-05-18 18:19:46] SERIAL:OK: RIGHT:0
[2026-05-18 18:19:46] SERIAL:OK: RIGHT:1
[2026-05-18 18:19:46] SERIAL:OK: RIGHT:0
[2026-05-18 18:19:47] SERIAL:OK: RIGHT:1
[2026-05-18 18:19:47] SERIAL:OK: RIGHT:0
[2026-05-18 18:19:48] SERIAL:OK: RIGHT:1
[2026-05-18 18:19:48] Автоповоротник ВПРАВО
[2026-05-18 18:19:48] SERIAL:OK: RIGHT:0
[2026-05-18 18:19:48] SERIAL:OK: RIGHT:1
[2026-05-18 18:19:49] SERIAL:OK: RIGHT:0
[2026-05-18 18:19:49] SERIAL:OK: RIGHT:1
[2026-05-18 18:19:49] SERIAL:OK: RIGHT:0
[2026-05-18 18:19:50] SERIAL:OK: RIGHT:1
[2026-05-18 18:19:50] SERIAL:OK: RIGHT:0
[2026-05-18 18:19:50] SERIAL:OK: RIGHT:1
[2026-05-18 18:19:51] SERIAL:OK: RIGHT:0
[2026-05-18 18:19:51] SERIAL:OK: RIGHT:1
[2026-05-18 18:19:51] SERIAL:OK: RIGHT:0
[2026-05-18 18:19:52] SERIAL:OK: RIGHT:1
[2026-05-18 18:19:52] SERIAL:OK: RIGHT:0
[2026-05-18 18:19:52] SERIAL:OK: RIGHT:1
[2026-05-18 18:19:53] SERIAL:OK: RIGHT:0
[2026-05-18 18:19:53] SERIAL:OK: RIGHT:1
[2026-05-18 18:19:53] Автоповоротники вимкнено
[2026-05-18 18:19:53] SERIAL:OK: RIGHT:0
[2026-05-18 18:20:05] Автоповоротник ВПРАВО
[2026-05-18 18:20:05] SERIAL:OK: RIGHT:1
[2026-05-18 18:20:05] SERIAL:OK: RIGHT:0
[2026-05-18 18:20:06] SERIAL:OK: RIGHT:1
[2026-05-18 18:20:06] SERIAL:OK: RIGHT:0
[2026-05-18 18:20:07] SERIAL:OK: RIGHT:1
[2026-05-18 18:20:07] Автоповоротник ВПРАВО
[2026-05-18 18:20:07] SERIAL:OK: RIGHT:0
[2026-05-18 18:20:07] SERIAL:OK: RIGHT:1
[2026-05-18 18:20:08] SERIAL:OK: RIGHT:0
[2026-05-18 18:20:08] SERIAL:OK: RIGHT:1
[2026-05-18 18:20:08] SERIAL:OK: RIGHT:0
[2026-05-18 18:20:09] SERIAL:OK: RIGHT:1
[2026-05-18 18:20:09] Автоповоротник ВПРАВО
[2026-05-18 18:20:09] SERIAL:OK: RIGHT:0
[2026-05-18 18:20:09] SERIAL:OK: RIGHT:1
[2026-05-18 18:20:10] SERIAL:OK: RIGHT:0
[2026-05-18 18:20:10] SERIAL:OK: RIGHT:1
[2026-05-18 18:20:10] SERIAL:OK: RIGHT:0
[2026-05-18 18:20:11] SERIAL:OK: RIGHT:1
[2026-05-18 18:20:11] Автоповоротник ВПРАВО
[2026-05-18 18:20:11] SERIAL:OK: RIGHT:0
[2026-05-18 18:20:11] SERIAL:OK: RIGHT:1
[2026-05-18 18:20:12] SERIAL:OK: RIGHT:0
[2026-05-18 18:20:12] SERIAL:OK: RIGHT:1
[2026-05-18 18:20:12] SERIAL:OK: RIGHT:0
[2026-05-18 18:20:13] Автоповоротник ВПРАВО
[2026-05-18 18:20:13] SERIAL:OK: RIGHT:1
[2026-05-18 18:20:13] SERIAL:OK: RIGHT:0
[2026-05-18 18:20:13] SERIAL:OK: RIGHT:1
[2026-05-18 18:20:14] SERIAL:OK: RIGHT:0
[2026-05-18 18:20:14] SERIAL:OK: RIGHT:1
[2026-05-18 18:20:14] SERIAL:OK: RIGHT:0
[2026-05-18 18:20:15] Автоповоротник ВПРАВО
[2026-05-18 18:20:15] SERIAL:OK: RIGHT:1
[2026-05-18 18:20:15] SERIAL:OK: RIGHT:0
[2026-05-18 18:20:15] SERIAL:OK: RIGHT:1
[2026-05-18 18:20:16] SERIAL:OK: RIGHT:0
[2026-05-18 18:20:16] SERIAL:OK: RIGHT:1
[2026-05-18 18:20:16] SERIAL:OK: RIGHT:0
[2026-05-18 18:20:17] Автоповоротник ВПРАВО
[2026-05-18 18:20:17] SERIAL:OK: RIGHT:1
[2026-05-18 18:20:17] SERIAL:OK: RIGHT:0
[2026-05-18 18:20:17] SERIAL:OK: RIGHT:1
[2026-05-18 18:20:18] SERIAL:OK: RIGHT:0
[2026-05-18 18:20:18] SERIAL:OK: RIGHT:1
[2026-05-18 18:20:18] SERIAL:OK: RIGHT:0
[2026-05-18 18:20:19] Автоповоротник ВПРАВО
[2026-05-18 18:20:19] SERIAL:OK: RIGHT:1
[2026-05-18 18:20:19] SERIAL:OK: RIGHT:0
[2026-05-18 18:20:20] SERIAL:OK: RIGHT:1
[2026-05-18 18:20:20] SERIAL:OK: RIGHT:0
[2026-05-18 18:20:20] SERIAL:OK: RIGHT:1
[2026-05-18 18:20:21] SERIAL:OK: RIGHT:0
[2026-05-18 18:20:21] Автоповоротник ВПРАВО
[2026-05-18 18:20:21] SERIAL:OK: RIGHT:1
[2026-05-18 18:20:21] SERIAL:OK: RIGHT:0
[2026-05-18 18:20:22] SERIAL:OK: RIGHT:1
[2026-05-18 18:20:22] SERIAL:OK: RIGHT:0
[2026-05-18 18:20:22] SERIAL:OK: RIGHT:1
[2026-05-18 18:20:23] SERIAL:OK: RIGHT:0
[2026-05-18 18:20:23] Автоповоротник ВПРАВО
[2026-05-18 18:20:23] SERIAL:OK: RIGHT:1
[2026-05-18 18:20:23] SERIAL:OK: RIGHT:0
[2026-05-18 18:20:24] SERIAL:OK: RIGHT:1
[2026-05-18 18:20:24] SERIAL:OK: RIGHT:0
[2026-05-18 18:20:24] SERIAL:OK: RIGHT:1
[2026-05-18 18:20:25] SERIAL:OK: RIGHT:0
[2026-05-18 18:20:25] Автоповоротник ВПРАВО
[2026-05-18 18:20:25] SERIAL:OK: RIGHT:1
[2026-05-18 18:20:25] SERIAL:OK: RIGHT:0
[2026-05-18 18:20:26] SERIAL:OK: RIGHT:1
[2026-05-18 18:20:26] SERIAL:OK: RIGHT:0
[2026-05-18 18:20:26] SERIAL:OK: RIGHT:1
[2026-05-18 18:20:27] SERIAL:OK: RIGHT:0
[2026-05-18 18:20:27] Автоповоротник ВПРАВО
[2026-05-18 18:20:27] SERIAL:OK: RIGHT:1
[2026-05-18 18:20:27] SERIAL:OK: RIGHT:0
[2026-05-18 18:20:28] SERIAL:OK: RIGHT:1
[2026-05-18 18:20:28] SERIAL:OK: RIGHT:0
[2026-05-18 18:20:28] SERIAL:OK: RIGHT:1
[2026-05-18 18:20:29] SERIAL:OK: RIGHT:0
[2026-05-18 18:20:29] Автоповоротник ВПРАВО
[2026-05-18 18:20:29] SERIAL:OK: RIGHT:1
[2026-05-18 18:20:29] SERIAL:OK: RIGHT:0
[2026-05-18 18:20:30] SERIAL:OK: RIGHT:1
[2026-05-18 18:20:30] SERIAL:OK: RIGHT:0
[2026-05-18 18:20:30] SERIAL:OK: RIGHT:1
[2026-05-18 18:20:31] SERIAL:OK: RIGHT:0
[2026-05-18 18:20:31] Автоповоротник ВПРАВО
[2026-05-18 18:20:31] SERIAL:OK: RIGHT:1
[2026-05-18 18:20:31] SERIAL:OK: RIGHT:0
[2026-05-18 18:20:32] SERIAL:OK: RIGHT:1
[2026-05-18 18:20:32] SERIAL:OK: RIGHT:0
[2026-05-18 18:20:32] SERIAL:OK: RIGHT:1
[2026-05-18 18:20:33] SERIAL:OK: RIGHT:0
[2026-05-18 18:20:33] Автоповоротник ВПРАВО
[2026-05-18 18:20:33] SERIAL:OK: RIGHT:1
[2026-05-18 18:20:33] SERIAL:OK: RIGHT:0
[2026-05-18 18:20:34] SERIAL:OK: RIGHT:1
[2026-05-18 18:20:34] SERIAL:OK: RIGHT:0
[2026-05-18 18:20:34] SERIAL:OK: RIGHT:1
[2026-05-18 18:20:35] SERIAL:OK: RIGHT:0
[2026-05-18 18:20:35] Автоповоротник ВПРАВО
[2026-05-18 18:20:35] SERIAL:OK: RIGHT:1
[2026-05-18 18:20:35] SERIAL:OK: RIGHT:0
[2026-05-18 18:20:36] SERIAL:OK: RIGHT:1
[2026-05-18 18:20:36] SERIAL:OK: RIGHT:0
[2026-05-18 18:20:36] SERIAL:OK: RIGHT:1
[2026-05-18 18:20:37] SERIAL:OK: RIGHT:0
[2026-05-18 18:20:37] SERIAL:OK: RIGHT:1
[2026-05-18 18:20:37] SERIAL:OK: RIGHT:0
[2026-05-18 18:20:38] SERIAL:OK: RIGHT:1
[2026-05-18 18:20:38] SERIAL:OK: RIGHT:0
[2026-05-18 18:20:38] SERIAL:OK: RIGHT:1
[2026-05-18 18:20:39] SERIAL:OK: RIGHT:0
[2026-05-18 18:20:39] Автоповоротники вимкнено
[2026-05-18 18:20:50] SERIAL:OK: BRAKE:0
[2026-05-18 18:20:51] SERIAL:OK: SPEED:1
[2026-05-18 18:20:51] SERIAL:OK: SPEED:2
[2026-05-18 18:20:51] SERIAL:OK: SPEED:3
[2026-05-18 18:20:51] SERIAL:OK: SPEED:4
[2026-05-18 18:20:51] SERIAL:OK: SPEED:3
[2026-05-18 18:20:51] SERIAL:OK: BRAKE:1
[2026-05-18 18:20:51] SERIAL:OK: SPEED:2
[2026-05-18 18:20:51] SERIAL:OK: SPEED:1
[2026-05-18 18:20:51] SERIAL:OK: SPEED:0
[2026-05-18 18:20:54] SERIAL:INFO: servo detached (idle)
[2026-05-18 18:23:01] SERIAL:OK: LEFT:0
[2026-05-18 18:23:01] SERIAL:OK: RIGHT:0
[2026-05-18 18:23:01] SERIAL:OK: EMERGENCY:0
[2026-05-18 18:23:01] SERIAL:OK: BRAKE:0
[2026-05-18 18:23:02] SERIAL:OK: LEFT:0
[2026-05-18 18:23:02] SERIAL:OK: RIGHT:0
[2026-05-18 18:23:02] SERIAL:OK: EMERGENCY:0
[2026-05-18 18:25:08] Arduino підключено: COM12
[2026-05-18 18:25:08] SERIAL:OK: LEFT:0
[2026-05-18 18:25:08] SERIAL:OK: RIGHT:0
[2026-05-18 18:25:08] SERIAL:OK: EMERGENCY:0
[2026-05-18 18:25:09] SERIAL:OK: BRAKE:1
[2026-05-18 18:25:10] SERIAL:INFO: servo detached (idle)
[2026-05-18 18:25:14] Автоповоротник ВЛІВО
[2026-05-18 18:25:14] SERIAL:OK: LEFT:1
[2026-05-18 18:25:14] SERIAL:OK: LEFT:0
[2026-05-18 18:25:14] SERIAL:OK: LEFT:1
[2026-05-18 18:25:15] SERIAL:OK: LEFT:0
[2026-05-18 18:25:15] SERIAL:OK: LEFT:1
[2026-05-18 18:25:15] SERIAL:OK: LEFT:0
[2026-05-18 18:25:16] SERIAL:OK: LEFT:1
[2026-05-18 18:25:16] SERIAL:OK: LEFT:0
[2026-05-18 18:25:16] SERIAL:OK: LEFT:1
[2026-05-18 18:25:17] SERIAL:OK: LEFT:0
[2026-05-18 18:25:17] SERIAL:OK: LEFT:1
[2026-05-18 18:25:17] SERIAL:OK: LEFT:0
[2026-05-18 18:25:18] SERIAL:OK: LEFT:1
[2026-05-18 18:25:18] SERIAL:OK: LEFT:0
[2026-05-18 18:25:18] SERIAL:OK: LEFT:1
[2026-05-18 18:25:19] Автоповоротники вимкнено
[2026-05-18 18:25:19] SERIAL:OK: LEFT:0
[2026-05-18 18:25:39] Автоповоротник ВЛІВО
[2026-05-18 18:25:39] SERIAL:OK: LEFT:1
[2026-05-18 18:25:40] SERIAL:OK: LEFT:0
[2026-05-18 18:25:40] SERIAL:OK: LEFT:1
[2026-05-18 18:25:40] SERIAL:OK: LEFT:0
[2026-05-18 18:25:41] SERIAL:OK: LEFT:1
[2026-05-18 18:25:41] SERIAL:OK: LEFT:0
[2026-05-18 18:25:41] SERIAL:OK: LEFT:1
[2026-05-18 18:25:42] SERIAL:OK: LEFT:0
[2026-05-18 18:25:42] Автоповоротники вимкнено
[2026-05-18 18:26:06] Обличчя зникло
[2026-05-18 18:27:24] SERIAL:OK: SPEED:38
[2026-05-18 18:27:24] SERIAL:OK: BRAKE:0
[2026-05-18 18:27:24] SERIAL:OK: SPEED:39
[2026-05-18 18:27:24] SERIAL:OK: SPEED:40
[2026-05-18 18:27:24] SERIAL:OK: SPEED:41
[2026-05-18 18:27:24] SERIAL:OK: SPEED:42
[2026-05-18 18:27:25] SERIAL:OK: SPEED:44
[2026-05-18 18:27:25] SERIAL:OK: SPEED:45
[2026-05-18 18:27:25] SERIAL:OK: SPEED:46
[2026-05-18 18:27:25] SERIAL:OK: SPEED:47
[2026-05-18 18:27:25] SERIAL:OK: SPEED:48
[2026-05-18 18:27:25] SERIAL:OK: SPEED:49
[2026-05-18 18:27:25] SERIAL:OK: SPEED:48
[2026-05-18 18:27:25] SERIAL:OK: SPEED:47
[2026-05-18 18:27:25] SERIAL:OK: BRAKE:1
[2026-05-18 18:27:25] SERIAL:OK: SPEED:46
[2026-05-18 18:27:25] SERIAL:OK: SPEED:45
[2026-05-18 18:27:25] SERIAL:OK: SPEED:44
[2026-05-18 18:27:26] SERIAL:OK: BRAKE:0
[2026-05-18 18:27:26] SERIAL:OK: SPEED:45
[2026-05-18 18:27:26] SERIAL:OK: SPEED:46
[2026-05-18 18:27:27] SERIAL:OK: SPEED:45
[2026-05-18 18:27:27] SERIAL:OK: SPEED:46
[2026-05-18 18:27:27] SERIAL:OK: SPEED:47
[2026-05-18 18:27:28] SERIAL:OK: SPEED:48
[2026-05-18 18:27:28] SERIAL:OK: SPEED:47
[2026-05-18 18:27:28] SERIAL:OK: BRAKE:1
[2026-05-18 18:27:28] SERIAL:OK: SPEED:48
[2026-05-18 18:27:28] SERIAL:OK: SPEED:49
[2026-05-18 18:27:28] SERIAL:OK: SPEED:42
[2026-05-18 18:27:28] SERIAL:OK: SPEED:37
[2026-05-18 18:27:28] SERIAL:OK: SPEED:33
[2026-05-18 18:27:29] SERIAL:OK: SPEED:23
[2026-05-18 18:27:29] SERIAL:OK: BRAKE:0
[2026-05-18 18:27:31] SERIAL:OK: SPEED:31
[2026-05-18 18:27:31] SERIAL:OK: SPEED:37
[2026-05-18 18:27:31] SERIAL:OK: SPEED:43
[2026-05-18 18:27:31] SERIAL:OK: SPEED:54
[2026-05-18 18:27:31] SERIAL:OK: SPEED:55
[2026-05-18 18:27:31] SERIAL:OK: SPEED:56
[2026-05-18 18:27:32] SERIAL:OK: SPEED:57
[2026-05-18 18:27:32] SERIAL:OK: SPEED:56
[2026-05-18 18:27:32] SERIAL:OK: SPEED:55
[2026-05-18 18:27:32] SERIAL:OK: SPEED:54
[2026-05-18 18:27:32] SERIAL:OK: BRAKE:1
[2026-05-18 18:27:32] SERIAL:OK: SPEED:53
[2026-05-18 18:27:33] SERIAL:OK: SPEED:52
[2026-05-18 18:27:33] SERIAL:OK: SPEED:51
[2026-05-18 18:27:33] SERIAL:OK: SPEED:50
[2026-05-18 18:27:33] SERIAL:OK: SPEED:49
[2026-05-18 18:27:34] SERIAL:OK: SPEED:50
[2026-05-18 18:27:34] SERIAL:OK: BRAKE:0
[2026-05-18 18:27:34] SERIAL:OK: SPEED:51
[2026-05-18 18:27:34] SERIAL:OK: SPEED:50
[2026-05-18 18:27:35] SERIAL:OK: SPEED:51
[2026-05-18 18:27:35] SERIAL:OK: SPEED:50
[2026-05-18 18:27:35] SERIAL:OK: SPEED:51
[2026-05-18 18:27:35] SERIAL:OK: SPEED:52
[2026-05-18 18:27:35] SERIAL:OK: SPEED:53
[2026-05-18 18:27:35] SERIAL:OK: SPEED:52
[2026-05-18 18:27:35] SERIAL:OK: SPEED:53
[2026-05-18 18:27:35] SERIAL:OK: SPEED:54
[2026-05-18 18:27:36] SERIAL:OK: SPEED:55
[2026-05-18 18:27:36] SERIAL:OK: SPEED:56
[2026-05-18 18:27:36] SERIAL:OK: SPEED:55
[2026-05-18 18:27:36] SERIAL:OK: SPEED:54
[2026-05-18 18:27:36] SERIAL:OK: BRAKE:1
[2026-05-18 18:27:36] SERIAL:OK: SPEED:53
[2026-05-18 18:27:36] SERIAL:OK: SPEED:52
[2026-05-18 18:27:36] SERIAL:OK: SPEED:51
[2026-05-18 18:27:36] SERIAL:OK: SPEED:50
[2026-05-18 18:27:36] SERIAL:OK: SPEED:49
[2026-05-18 18:27:36] SERIAL:OK: BRAKE:0
[2026-05-18 18:27:37] SERIAL:OK: SPEED:48
[2026-05-18 18:27:37] SERIAL:OK: SPEED:47
[2026-05-18 18:27:37] SERIAL:OK: SPEED:46
[2026-05-18 18:27:37] SERIAL:OK: BRAKE:1
[2026-05-18 18:27:37] SERIAL:OK: SPEED:45
[2026-05-18 18:27:37] SERIAL:OK: SPEED:46
[2026-05-18 18:27:37] SERIAL:OK: SPEED:45
[2026-05-18 18:27:37] SERIAL:OK: BRAKE:0
[2026-05-18 18:27:38] SERIAL:OK: SPEED:46
[2026-05-18 18:27:38] SERIAL:OK: SPEED:47
[2026-05-18 18:27:38] SERIAL:OK: SPEED:49
[2026-05-18 18:27:38] SERIAL:OK: SPEED:39
[2026-05-18 18:27:38] SERIAL:OK: BRAKE:1
[2026-05-18 18:27:38] SERIAL:OK: BRAKE:0
[2026-05-18 18:27:41] SERIAL:OK: SPEED:44
[2026-05-18 18:27:41] SERIAL:OK: SPEED:48
[2026-05-18 18:27:41] SERIAL:OK: SPEED:51
[2026-05-18 18:27:41] SERIAL:OK: SPEED:54
[2026-05-18 18:27:41] SERIAL:OK: SPEED:68
[2026-05-18 18:27:41] SERIAL:OK: SPEED:67
[2026-05-18 18:27:41] SERIAL:OK: BRAKE:1
[2026-05-18 18:27:41] SERIAL:OK: SPEED:68
[2026-05-18 18:27:41] SERIAL:OK: SPEED:69
[2026-05-18 18:27:42] SERIAL:OK: SPEED:68
[2026-05-18 18:27:42] SERIAL:OK: SPEED:67
[2026-05-18 18:27:42] SERIAL:OK: SPEED:66
[2026-05-18 18:27:42] SERIAL:OK: SPEED:65
[2026-05-18 18:27:42] SERIAL:OK: SPEED:64
[2026-05-18 18:27:42] SERIAL:OK: SPEED:63
[2026-05-18 18:27:42] SERIAL:OK: SPEED:62
[2026-05-18 18:27:42] SERIAL:OK: SPEED:61
[2026-05-18 18:27:42] SERIAL:OK: SPEED:60
[2026-05-18 18:27:42] SERIAL:OK: SPEED:59
[2026-05-18 18:27:42] SERIAL:OK: SPEED:58
[2026-05-18 18:27:43] SERIAL:OK: SPEED:57
[2026-05-18 18:27:43] SERIAL:OK: BRAKE:0
[2026-05-18 18:27:43] SERIAL:OK: SPEED:58
[2026-05-18 18:27:43] SERIAL:OK: SPEED:59
[2026-05-18 18:27:43] SERIAL:OK: SPEED:60
[2026-05-18 18:27:43] SERIAL:OK: SPEED:61
[2026-05-18 18:27:44] SERIAL:OK: SPEED:60
[2026-05-18 18:27:44] SERIAL:OK: SPEED:61
[2026-05-18 18:27:44] SERIAL:OK: SPEED:60
[2026-05-18 18:27:44] SERIAL:OK: SPEED:61
[2026-05-18 18:27:44] SERIAL:OK: SPEED:60
[2026-05-18 18:27:44] SERIAL:OK: BRAKE:1
[2026-05-18 18:27:44] SERIAL:OK: SPEED:58
[2026-05-18 18:27:44] SERIAL:OK: SPEED:56
[2026-05-18 18:27:44] SERIAL:OK: SPEED:55
[2026-05-18 18:27:44] SERIAL:OK: SPEED:54
[2026-05-18 18:27:44] SERIAL:OK: SPEED:53
[2026-05-18 18:27:45] SERIAL:OK: SPEED:52
[2026-05-18 18:27:45] SERIAL:OK: BRAKE:0
[2026-05-18 18:27:45] SERIAL:OK: SPEED:51
[2026-05-18 18:27:45] SERIAL:OK: BRAKE:1
[2026-05-18 18:27:45] SERIAL:OK: SPEED:50
[2026-05-18 18:27:45] SERIAL:OK: SPEED:49
[2026-05-18 18:27:45] SERIAL:OK: SPEED:48
[2026-05-18 18:27:45] SERIAL:OK: SPEED:47
[2026-05-18 18:27:45] SERIAL:OK: SPEED:48
[2026-05-18 18:27:45] SERIAL:OK: SPEED:49
[2026-05-18 18:27:45] SERIAL:OK: SPEED:51
[2026-05-18 18:27:45] SERIAL:OK: BRAKE:0
[2026-05-18 18:27:45] SERIAL:OK: SPEED:52
[2026-05-18 18:27:46] SERIAL:OK: SPEED:41
[2026-05-18 18:27:46] SERIAL:OK: BRAKE:1
[2026-05-18 18:27:46] SERIAL:OK: SPEED:31
[2026-05-18 18:27:46] SERIAL:OK: SPEED:21
[2026-05-18 18:27:46] SERIAL:OK: SPEED:10
[2026-05-18 18:27:46] SERIAL:OK: SPEED:0
[2026-05-18 18:27:48] SERIAL:OK: SPEED:12
[2026-05-18 18:27:48] SERIAL:OK: BRAKE:0
[2026-05-18 18:27:48] SERIAL:OK: SPEED:27
[2026-05-18 18:27:48] SERIAL:OK: SPEED:43
[2026-05-18 18:27:49] SERIAL:OK: SPEED:59
[2026-05-18 18:27:49] SERIAL:OK: SPEED:75
[2026-05-18 18:27:49] SERIAL:OK: SPEED:79
[2026-05-18 18:27:49] SERIAL:OK: SPEED:82
[2026-05-18 18:27:49] SERIAL:OK: SPEED:84
[2026-05-18 18:27:49] SERIAL:OK: SPEED:86
[2026-05-18 18:27:49] SERIAL:OK: SPEED:88
[2026-05-18 18:27:49] SERIAL:OK: SPEED:91
[2026-05-18 18:27:49] SERIAL:OK: SPEED:92
[2026-05-18 18:27:49] SERIAL:OK: BRAKE:1
[2026-05-18 18:27:49] SERIAL:OK: SPEED:91
[2026-05-18 18:27:49] SERIAL:OK: SPEED:89
[2026-05-18 18:27:49] SERIAL:OK: SPEED:87
[2026-05-18 18:27:49] SERIAL:OK: SPEED:85
[2026-05-18 18:27:49] SERIAL:OK: SPEED:84
[2026-05-18 18:27:49] SERIAL:OK: SPEED:83
[2026-05-18 18:27:49] SERIAL:OK: SPEED:82
[2026-05-18 18:27:49] SERIAL:OK: SPEED:81
[2026-05-18 18:27:49] SERIAL:OK: SPEED:79
[2026-05-18 18:27:49] SERIAL:OK: SPEED:78
[2026-05-18 18:27:49] SERIAL:OK: SPEED:77
[2026-05-18 18:27:50] SERIAL:OK: SPEED:76
[2026-05-18 18:27:50] SERIAL:OK: SPEED:75
[2026-05-18 18:27:50] SERIAL:OK: SPEED:74
[2026-05-18 18:27:50] SERIAL:OK: SPEED:73
[2026-05-18 18:27:50] SERIAL:OK: SPEED:72
[2026-05-18 18:27:50] SERIAL:OK: SPEED:71
[2026-05-18 18:27:50] SERIAL:OK: SPEED:70
[2026-05-18 18:27:50] SERIAL:OK: SPEED:69
[2026-05-18 18:27:50] SERIAL:OK: SPEED:68
[2026-05-18 18:27:50] SERIAL:OK: SPEED:67
[2026-05-18 18:27:50] SERIAL:OK: SPEED:66
[2026-05-18 18:27:50] SERIAL:OK: SPEED:65
[2026-05-18 18:27:50] SERIAL:OK: SPEED:64
[2026-05-18 18:27:50] SERIAL:OK: SPEED:63
[2026-05-18 18:27:51] SERIAL:OK: SPEED:64
[2026-05-18 18:27:51] SERIAL:OK: SPEED:63
[2026-05-18 18:27:51] SERIAL:OK: SPEED:62
[2026-05-18 18:27:51] SERIAL:OK: SPEED:61
[2026-05-18 18:27:51] SERIAL:OK: SPEED:60
[2026-05-18 18:27:51] SERIAL:OK: SPEED:59
[2026-05-18 18:27:51] SERIAL:OK: SPEED:58
[2026-05-18 18:27:52] SERIAL:OK: BRAKE:0
[2026-05-18 18:27:52] SERIAL:OK: SPEED:57
[2026-05-18 18:27:52] SERIAL:OK: SPEED:56
[2026-05-18 18:27:52] SERIAL:OK: SPEED:55
[2026-05-18 18:27:52] SERIAL:OK: SPEED:54
[2026-05-18 18:27:52] SERIAL:OK: BRAKE:1
[2026-05-18 18:27:52] SERIAL:OK: SPEED:53
[2026-05-18 18:27:52] SERIAL:OK: SPEED:52
[2026-05-18 18:27:52] SERIAL:OK: SPEED:51
[2026-05-18 18:27:52] SERIAL:OK: SPEED:50
[2026-05-18 18:27:53] SERIAL:OK: SPEED:49
[2026-05-18 18:27:53] SERIAL:OK: BRAKE:0
[2026-05-18 18:27:53] SERIAL:OK: SPEED:48
[2026-05-18 18:27:53] SERIAL:OK: SPEED:47
[2026-05-18 18:27:54] SERIAL:OK: SPEED:46
[2026-05-18 18:27:54] SERIAL:OK: SPEED:47
[2026-05-18 18:27:54] SERIAL:OK: SPEED:48
[2026-05-18 18:27:54] SERIAL:OK: SPEED:47
[2026-05-18 18:27:54] SERIAL:OK: BRAKE:1
[2026-05-18 18:27:55] SERIAL:OK: BRAKE:0
[2026-05-18 18:28:10] Автоповоротник ВЛІВО
[2026-05-18 18:28:10] SERIAL:OK: LEFT:1
[2026-05-18 18:28:10] SERIAL:OK: LEFT:0
[2026-05-18 18:28:10] SERIAL:OK: LEFT:1
[2026-05-18 18:28:11] SERIAL:OK: LEFT:0
[2026-05-18 18:28:11] SERIAL:OK: LEFT:1
[2026-05-18 18:28:11] SERIAL:OK: LEFT:0
[2026-05-18 18:28:12] SERIAL:OK: LEFT:1
[2026-05-18 18:28:12] SERIAL:OK: LEFT:0
[2026-05-18 18:28:12] SERIAL:OK: LEFT:1
[2026-05-18 18:28:13] SERIAL:OK: LEFT:0
[2026-05-18 18:28:13] SERIAL:OK: LEFT:1
[2026-05-18 18:28:13] Автоповоротники вимкнено
[2026-05-18 18:28:13] SERIAL:OK: LEFT:0
[2026-05-18 18:28:34] SERIAL:OK: SPEED:0
[2026-05-18 18:28:34] SERIAL:OK: LEFT:0
[2026-05-18 18:28:34] SERIAL:OK: RIGHT:0
[2026-05-18 18:28:34] SERIAL:OK: EMERGENCY:0
[2026-05-18 18:28:34] SERIAL:OK: ALARM:0
[2026-05-18 18:28:34] SERIAL:OK: LEFT:0
[2026-05-18 18:28:34] SERIAL:OK: RIGHT:0
[2026-05-18 18:28:34] SERIAL:OK: EMERGENCY:0
[2026-05-18 18:28:35] SERIAL:OK: BRAKE:1
[2026-05-18 18:28:37] SERIAL:OK: SPEED:31
[2026-05-18 18:28:37] SERIAL:OK: BRAKE:0
[2026-05-18 18:28:37] SERIAL:OK: SPEED:34
[2026-05-18 18:28:37] SERIAL:OK: SPEED:38
[2026-05-18 18:28:37] SERIAL:OK: SPEED:41
[2026-05-18 18:28:37] SERIAL:OK: SPEED:43
[2026-05-18 18:28:37] SERIAL:OK: SPEED:48
[2026-05-18 18:28:37] SERIAL:OK: SPEED:52
[2026-05-18 18:28:37] SERIAL:OK: SPEED:56
[2026-05-18 18:28:37] SERIAL:OK: SPEED:59
[2026-05-18 18:28:37] SERIAL:OK: SPEED:61
[2026-05-18 18:28:37] SERIAL:OK: SPEED:63
[2026-05-18 18:28:37] SERIAL:OK: SPEED:64
[2026-05-18 18:28:37] SERIAL:OK: BRAKE:1
[2026-05-18 18:28:37] SERIAL:OK: SPEED:63
[2026-05-18 18:28:38] SERIAL:OK: SPEED:62
[2026-05-18 18:28:38] SERIAL:OK: SPEED:61
[2026-05-18 18:28:38] SERIAL:OK: SPEED:60
[2026-05-18 18:28:38] SERIAL:OK: SPEED:59
[2026-05-18 18:28:38] SERIAL:OK: SPEED:58
[2026-05-18 18:28:38] SERIAL:OK: SPEED:57
[2026-05-18 18:28:38] SERIAL:OK: SPEED:56
[2026-05-18 18:28:38] SERIAL:OK: SPEED:55
[2026-05-18 18:28:38] SERIAL:OK: SPEED:54
[2026-05-18 18:28:38] SERIAL:OK: SPEED:55
[2026-05-18 18:28:39] SERIAL:OK: BRAKE:0
[2026-05-18 18:28:39] SERIAL:OK: SPEED:54
[2026-05-18 18:28:39] SERIAL:OK: BRAKE:1
[2026-05-18 18:28:39] SERIAL:OK: SPEED:53
[2026-05-18 18:28:39] SERIAL:OK: SPEED:52
[2026-05-18 18:28:39] SERIAL:OK: SPEED:51
[2026-05-18 18:28:39] SERIAL:OK: SPEED:50
[2026-05-18 18:28:39] SERIAL:OK: SPEED:49
[2026-05-18 18:28:39] SERIAL:OK: BRAKE:0
[2026-05-18 18:28:40] SERIAL:OK: SPEED:48
[2026-05-18 18:28:40] SERIAL:OK: SPEED:49
[2026-05-18 18:28:40] SERIAL:OK: SPEED:48
[2026-05-18 18:28:40] SERIAL:OK: SPEED:47
[2026-05-18 18:28:41] SERIAL:OK: SPEED:48
[2026-05-18 18:28:43] SERIAL:OK: SPEED:51
[2026-05-18 18:28:43] SERIAL:OK: SPEED:53
[2026-05-18 18:28:43] SERIAL:OK: SPEED:56
[2026-05-18 18:28:43] SERIAL:OK: SPEED:58
[2026-05-18 18:28:43] SERIAL:OK: SPEED:61
[2026-05-18 18:28:43] SERIAL:OK: SPEED:60
[2026-05-18 18:28:44] SERIAL:OK: SPEED:61
[2026-05-18 18:28:44] SERIAL:OK: SPEED:60
[2026-05-18 18:28:44] SERIAL:OK: BRAKE:1
[2026-05-18 18:28:44] SERIAL:OK: SPEED:59
[2026-05-18 18:28:44] SERIAL:OK: SPEED:58
[2026-05-18 18:28:44] SERIAL:OK: SPEED:57
[2026-05-18 18:28:44] SERIAL:OK: SPEED:55
[2026-05-18 18:28:44] SERIAL:OK: SPEED:54
[2026-05-18 18:28:44] SERIAL:OK: SPEED:53
[2026-05-18 18:28:44] SERIAL:OK: SPEED:52
[2026-05-18 18:28:44] SERIAL:OK: SPEED:51
[2026-05-18 18:28:44] SERIAL:OK: SPEED:50
[2026-05-18 18:28:44] SERIAL:OK: SPEED:49
[2026-05-18 18:28:45] SERIAL:OK: SPEED:50
[2026-05-18 18:28:45] SERIAL:OK: SPEED:49
[2026-05-18 18:28:45] SERIAL:OK: BRAKE:0
[2026-05-18 18:28:45] SERIAL:OK: SPEED:48
[2026-05-18 18:28:46] SERIAL:OK: SPEED:49
[2026-05-18 18:28:46] SERIAL:OK: SPEED:50
[2026-05-18 18:28:46] SERIAL:OK: SPEED:49
[2026-05-18 18:28:47] SERIAL:OK: SPEED:48
[2026-05-18 18:28:47] SERIAL:OK: SPEED:47
[2026-05-18 18:28:47] SERIAL:OK: BRAKE:1
[2026-05-18 18:28:47] SERIAL:OK: SPEED:45
[2026-05-18 18:28:47] SERIAL:OK: SPEED:42
[2026-05-18 18:28:48] SERIAL:OK: BRAKE:0
[2026-05-18 18:28:49] SERIAL:OK: SPEED:44
[2026-05-18 18:28:49] SERIAL:OK: SPEED:46
[2026-05-18 18:28:49] SERIAL:OK: SPEED:48
[2026-05-18 18:28:49] SERIAL:OK: SPEED:51
[2026-05-18 18:28:49] SERIAL:OK: SPEED:57
[2026-05-18 18:28:49] SERIAL:OK: SPEED:58
[2026-05-18 18:28:49] SERIAL:OK: SPEED:59
[2026-05-18 18:28:50] SERIAL:OK: SPEED:60
[2026-05-18 18:28:50] SERIAL:OK: SPEED:59
[2026-05-18 18:28:50] SERIAL:OK: BRAKE:1
[2026-05-18 18:28:50] SERIAL:OK: SPEED:58
[2026-05-18 18:28:50] SERIAL:OK: SPEED:57
[2026-05-18 18:28:50] SERIAL:OK: SPEED:56
[2026-05-18 18:28:50] SERIAL:OK: SPEED:55
[2026-05-18 18:28:50] SERIAL:OK: SPEED:54
[2026-05-18 18:28:50] SERIAL:OK: SPEED:53
[2026-05-18 18:28:50] SERIAL:OK: SPEED:52
[2026-05-18 18:28:51] SERIAL:OK: SPEED:51
[2026-05-18 18:28:51] SERIAL:OK: SPEED:50
[2026-05-18 18:28:51] SERIAL:OK: SPEED:49
[2026-05-18 18:28:51] SERIAL:OK: BRAKE:0
[2026-05-18 18:28:51] SERIAL:OK: SPEED:48
[2026-05-18 18:28:51] SERIAL:OK: BRAKE:1
[2026-05-18 18:28:51] SERIAL:OK: SPEED:47
[2026-05-18 18:28:52] SERIAL:OK: BRAKE:0
[2026-05-18 18:28:52] SERIAL:OK: SPEED:46
[2026-05-18 18:28:52] SERIAL:OK: BRAKE:1
[2026-05-18 18:28:52] SERIAL:OK: SPEED:45
[2026-05-18 18:28:52] SERIAL:OK: SPEED:44
[2026-05-18 18:28:52] SERIAL:OK: SPEED:42
[2026-05-18 18:28:52] SERIAL:OK: SPEED:39
[2026-05-18 18:28:53] SERIAL:OK: BRAKE:0
[2026-05-18 18:28:53] SERIAL:OK: SPEED:41
[2026-05-18 18:28:53] SERIAL:OK: SPEED:42
[2026-05-18 18:28:53] SERIAL:OK: SPEED:45
[2026-05-18 18:28:53] SERIAL:OK: SPEED:49
[2026-05-18 18:28:53] SERIAL:OK: SPEED:48
[2026-05-18 18:28:53] SERIAL:OK: SPEED:49
[2026-05-18 18:28:54] SERIAL:OK: SPEED:50
[2026-05-18 18:28:54] SERIAL:OK: SPEED:51
[2026-05-18 18:28:54] SERIAL:OK: SPEED:52
[2026-05-18 18:28:54] SERIAL:OK: SPEED:51
[2026-05-18 18:28:54] SERIAL:OK: SPEED:50
[2026-05-18 18:28:54] SERIAL:OK: BRAKE:1
[2026-05-18 18:28:54] SERIAL:OK: SPEED:49
[2026-05-18 18:28:55] SERIAL:OK: SPEED:48
[2026-05-18 18:28:55] SERIAL:OK: SPEED:47
[2026-05-18 18:28:55] SERIAL:OK: SPEED:48
[2026-05-18 18:28:55] SERIAL:OK: SPEED:49
[2026-05-18 18:28:55] SERIAL:OK: SPEED:48
[2026-05-18 18:28:55] SERIAL:OK: SPEED:47
[2026-05-18 18:28:55] SERIAL:OK: SPEED:46
[2026-05-18 18:28:55] SERIAL:OK: SPEED:47
[2026-05-18 18:28:55] SERIAL:OK: SPEED:46
[2026-05-18 18:28:55] SERIAL:OK: SPEED:45
[2026-05-18 18:28:56] SERIAL:OK: SPEED:46
[2026-05-18 18:28:56] SERIAL:OK: SPEED:45
[2026-05-18 18:28:56] SERIAL:OK: SPEED:44
[2026-05-18 18:28:56] SERIAL:OK: SPEED:45
[2026-05-18 18:28:56] SERIAL:OK: SPEED:44
[2026-05-18 18:28:56] SERIAL:OK: SPEED:43
[2026-05-18 18:28:56] SERIAL:OK: SPEED:44
[2026-05-18 18:28:56] SERIAL:OK: SPEED:45
[2026-05-18 18:28:56] SERIAL:OK: SPEED:44
[2026-05-18 18:28:56] SERIAL:OK: SPEED:43
[2026-05-18 18:28:57] SERIAL:OK: BRAKE:0
[2026-05-18 18:28:58] SERIAL:OK: SPEED:42
[2026-05-18 18:28:58] SERIAL:OK: BRAKE:1
[2026-05-18 18:28:58] SERIAL:OK: SPEED:44
[2026-05-18 18:28:58] SERIAL:OK: SPEED:46
[2026-05-18 18:28:58] SERIAL:OK: SPEED:48
[2026-05-18 18:28:58] SERIAL:OK: SPEED:50
[2026-05-18 18:28:58] SERIAL:OK: SPEED:51
[2026-05-18 18:28:58] SERIAL:OK: SPEED:52
[2026-05-18 18:28:58] SERIAL:OK: SPEED:53
[2026-05-18 18:28:58] SERIAL:OK: SPEED:52
[2026-05-18 18:28:58] SERIAL:OK: SPEED:51
[2026-05-18 18:28:58] SERIAL:OK: SPEED:50
[2026-05-18 18:28:59] SERIAL:OK: SPEED:49
[2026-05-18 18:28:59] SERIAL:OK: SPEED:48
[2026-05-18 18:28:59] SERIAL:OK: BRAKE:0
[2026-05-18 18:29:00] SERIAL:OK: SPEED:49
[2026-05-18 18:29:00] SERIAL:OK: SPEED:51
[2026-05-18 18:29:00] SERIAL:OK: SPEED:53
[2026-05-18 18:29:00] SERIAL:OK: SPEED:54
[2026-05-18 18:29:00] SERIAL:OK: SPEED:55
[2026-05-18 18:29:01] SERIAL:OK: SPEED:54
[2026-05-18 18:29:01] SERIAL:OK: SPEED:53
[2026-05-18 18:29:01] SERIAL:OK: SPEED:54
[2026-05-18 18:29:01] SERIAL:OK: SPEED:53
[2026-05-18 18:29:02] SERIAL:OK: SPEED:52
[2026-05-18 18:29:02] SERIAL:OK: SPEED:51
[2026-05-18 18:29:02] SERIAL:OK: SPEED:50
[2026-05-18 18:29:02] SERIAL:OK: BRAKE:1
[2026-05-18 18:29:02] SERIAL:OK: SPEED:49
[2026-05-18 18:29:02] SERIAL:OK: SPEED:48
[2026-05-18 18:29:02] SERIAL:OK: SPEED:49
[2026-05-18 18:29:02] SERIAL:OK: SPEED:48
[2026-05-18 18:29:03] SERIAL:OK: BRAKE:0
[2026-05-18 18:29:03] SERIAL:OK: SPEED:49
[2026-05-18 18:29:03] SERIAL:OK: SPEED:48
[2026-05-18 18:29:03] SERIAL:OK: SPEED:47
[2026-05-18 18:29:03] SERIAL:OK: SPEED:48
[2026-05-18 18:29:04] SERIAL:OK: SPEED:47
[2026-05-18 18:29:04] SERIAL:OK: SPEED:48
[2026-05-18 18:29:04] SERIAL:OK: SPEED:47
[2026-05-18 18:29:04] SERIAL:OK: SPEED:46
[2026-05-18 18:29:04] SERIAL:OK: BRAKE:1
[2026-05-18 18:29:04] SERIAL:OK: SPEED:47
[2026-05-18 18:29:04] SERIAL:OK: SPEED:46
[2026-05-18 18:29:04] SERIAL:OK: SPEED:45
[2026-05-18 18:29:05] SERIAL:OK: SPEED:43
[2026-05-18 18:29:05] SERIAL:OK: SPEED:41
[2026-05-18 18:29:05] SERIAL:OK: SPEED:40
[2026-05-18 18:29:05] SERIAL:OK: BRAKE:0
[2026-05-18 18:29:06] SERIAL:OK: SPEED:43
[2026-05-18 18:29:06] SERIAL:OK: SPEED:45
[2026-05-18 18:29:06] SERIAL:OK: SPEED:48
[2026-05-18 18:29:06] SERIAL:OK: SPEED:52
[2026-05-18 18:29:06] SERIAL:OK: SPEED:55
[2026-05-18 18:29:06] SERIAL:OK: SPEED:54
[2026-05-18 18:29:06] SERIAL:OK: BRAKE:1
[2026-05-18 18:29:06] SERIAL:OK: SPEED:53
[2026-05-18 18:29:06] SERIAL:OK: SPEED:52
[2026-05-18 18:29:07] SERIAL:OK: SPEED:53
[2026-05-18 18:29:07] SERIAL:OK: BRAKE:0
[2026-05-18 18:29:07] SERIAL:OK: BRAKE:1
[2026-05-18 18:29:07] SERIAL:OK: SPEED:52
[2026-05-18 18:29:07] SERIAL:OK: BRAKE:0
[2026-05-18 18:29:08] SERIAL:OK: SPEED:51
[2026-05-18 18:29:08] SERIAL:OK: BRAKE:1
[2026-05-18 18:29:08] SERIAL:OK: SPEED:50
[2026-05-18 18:29:08] SERIAL:OK: SPEED:51
[2026-05-18 18:29:08] SERIAL:OK: SPEED:53
[2026-05-18 18:29:08] SERIAL:OK: SPEED:52
[2026-05-18 18:29:08] SERIAL:OK: SPEED:51
[2026-05-18 18:29:08] SERIAL:OK: SPEED:50
[2026-05-18 18:29:08] SERIAL:OK: SPEED:49
[2026-05-18 18:29:08] SERIAL:OK: SPEED:48
[2026-05-18 18:29:08] SERIAL:OK: SPEED:47
[2026-05-18 18:29:08] SERIAL:OK: SPEED:46
[2026-05-18 18:29:09] SERIAL:OK: SPEED:47
[2026-05-18 18:29:09] SERIAL:OK: SPEED:48
[2026-05-18 18:29:09] SERIAL:OK: SPEED:49
[2026-05-18 18:29:09] SERIAL:OK: SPEED:48
[2026-05-18 18:29:09] SERIAL:OK: SPEED:47
[2026-05-18 18:29:09] SERIAL:OK: SPEED:46
[2026-05-18 18:29:10] SERIAL:OK: BRAKE:0
[2026-05-18 18:29:10] SERIAL:OK: SPEED:48
[2026-05-18 18:29:10] SERIAL:OK: SPEED:50
[2026-05-18 18:29:10] SERIAL:OK: SPEED:51
[2026-05-18 18:29:10] SERIAL:OK: SPEED:52
[2026-05-18 18:29:11] SERIAL:OK: SPEED:51
[2026-05-18 18:29:11] SERIAL:OK: BRAKE:1
[2026-05-18 18:29:11] SERIAL:OK: SPEED:50
[2026-05-18 18:29:11] SERIAL:OK: SPEED:49
[2026-05-18 18:29:11] SERIAL:OK: SPEED:48
[2026-05-18 18:29:11] SERIAL:OK: SPEED:47
[2026-05-18 18:29:11] SERIAL:OK: SPEED:46
[2026-05-18 18:29:11] SERIAL:OK: SPEED:45
[2026-05-18 18:29:11] SERIAL:OK: SPEED:44
[2026-05-18 18:29:12] SERIAL:OK: SPEED:45
[2026-05-18 18:29:12] SERIAL:OK: SPEED:46
[2026-05-18 18:29:12] SERIAL:OK: SPEED:47
[2026-05-18 18:29:12] SERIAL:OK: SPEED:48
[2026-05-18 18:29:12] SERIAL:OK: SPEED:49
[2026-05-18 18:29:12] SERIAL:OK: SPEED:50
[2026-05-18 18:29:12] SERIAL:OK: SPEED:51
[2026-05-18 18:29:12] SERIAL:OK: BRAKE:0
[2026-05-18 18:29:12] SERIAL:OK: SPEED:52
[2026-05-18 18:29:12] SERIAL:OK: SPEED:53
[2026-05-18 18:29:12] SERIAL:OK: SPEED:54
[2026-05-18 18:29:12] SERIAL:OK: SPEED:52
[2026-05-18 18:29:12] SERIAL:OK: BRAKE:1
[2026-05-18 18:29:12] SERIAL:OK: SPEED:51
[2026-05-18 18:29:12] SERIAL:OK: SPEED:49
[2026-05-18 18:29:13] SERIAL:OK: BRAKE:0
[2026-05-18 18:29:20] Автоповоротник ВЛІВО
[2026-05-18 18:29:20] SERIAL:OK: LEFT:1
[2026-05-18 18:29:21] SERIAL:OK: LEFT:0
[2026-05-18 18:29:21] SERIAL:OK: LEFT:1
[2026-05-18 18:29:21] SERIAL:OK: LEFT:0
[2026-05-18 18:29:22] SERIAL:OK: LEFT:1
[2026-05-18 18:29:22] SERIAL:OK: LEFT:0
[2026-05-18 18:29:22] SERIAL:OK: LEFT:1
[2026-05-18 18:29:23] SERIAL:OK: LEFT:0
[2026-05-18 18:29:23] SERIAL:OK: LEFT:1
[2026-05-18 18:29:23] SERIAL:OK: LEFT:0
[2026-05-18 18:29:24] SERIAL:OK: LEFT:1
[2026-05-18 18:29:24] Автоповоротники вимкнено
[2026-05-18 18:29:24] SERIAL:OK: LEFT:0
[2026-05-18 18:29:38] SERIAL:OK: SPEED:39
[2026-05-18 18:29:38] SERIAL:OK: BRAKE:1
[2026-05-18 18:29:38] SERIAL:OK: SPEED:29
[2026-05-18 18:29:38] SERIAL:OK: SPEED:19
[2026-05-18 18:29:38] SERIAL:OK: SPEED:10
[2026-05-18 18:29:38] SERIAL:OK: SPEED:0
[2026-05-18 18:29:38] SERIAL:OK: SPEED:1
[2026-05-18 18:29:38] SERIAL:OK: BRAKE:0
[2026-05-18 18:29:40] SERIAL:OK: SPEED:0
[2026-05-18 18:29:40] SERIAL:OK: BRAKE:1
[2026-05-18 18:29:43] SERIAL:INFO: servo detached (idle)
[2026-05-18 18:31:25] SERIAL:OK: ALARM:1
[2026-05-18 18:31:25] НАХИЛ ГОЛОВИ вниз (40.5°)
[2026-05-18 18:31:25] SERIAL:OK: LEFT:1
[2026-05-18 18:31:25] SERIAL:OK: RIGHT:1
[2026-05-18 18:31:25] SERIAL:OK: EMERGENCY:1
[2026-05-18 18:31:26] SERIAL:OK: LEFT:0
[2026-05-18 18:31:26] SERIAL:OK: RIGHT:0
[2026-05-18 18:31:26] SERIAL:OK: EMERGENCY:0
[2026-05-18 18:31:26] SERIAL:OK: LEFT:1
[2026-05-18 18:31:26] SERIAL:OK: RIGHT:1
[2026-05-18 18:31:26] SERIAL:OK: EMERGENCY:1
[2026-05-18 18:31:26] Аварійку вимкнено жестом peace
[2026-05-18 18:31:26] SERIAL:OK: ALARM:0
[2026-05-18 18:31:26] SERIAL:OK: LEFT:0
[2026-05-18 18:31:26] SERIAL:OK: RIGHT:0
[2026-05-18 18:31:26] SERIAL:OK: EMERGENCY:0
[2026-05-18 18:31:37] SERIAL:OK: LEFT:0
[2026-05-18 18:31:37] SERIAL:OK: RIGHT:0
[2026-05-18 18:31:37] SERIAL:OK: EMERGENCY:0
[2026-05-18 18:31:37] SERIAL:OK: BRAKE:0
[2026-05-18 18:31:37] SERIAL:OK: BRAKE:1
[2026-05-18 18:31:37] SERIAL:OK: LEFT:0
[2026-05-18 18:31:37] SERIAL:OK: RIGHT:0
[2026-05-18 18:31:37] SERIAL:OK: EMERGENCY:0
[2026-05-18 19:00:08] Arduino підключено: COM12
[2026-05-18 19:00:08] SERIAL:OK: LEFT:0
[2026-05-18 19:00:08] SERIAL:OK: RIGHT:0
[2026-05-18 19:00:08] SERIAL:OK: EMERGENCY:0
[2026-05-18 19:00:10] SERIAL:INFO: servo detached (idle)
[2026-05-18 19:00:11] SERIAL:OK: BRAKE:1
[2026-05-18 19:00:13] SERIAL:OK: SPEED:0
[2026-05-18 19:00:13] SERIAL:OK: SPEED:1
[2026-05-18 19:00:13] SERIAL:OK: BRAKE:0
[2026-05-18 19:00:13] SERIAL:OK: SPEED:2
[2026-05-18 19:00:13] SERIAL:OK: SPEED:3
[2026-05-18 19:00:13] SERIAL:OK: SPEED:5
[2026-05-18 19:00:13] SERIAL:OK: SPEED:7
[2026-05-18 19:00:13] SERIAL:OK: SPEED:8
[2026-05-18 19:00:13] SERIAL:OK: SPEED:10
[2026-05-18 19:00:13] SERIAL:OK: SPEED:11
[2026-05-18 19:00:13] SERIAL:OK: SPEED:12
[2026-05-18 19:00:13] SERIAL:OK: SPEED:13
[2026-05-18 19:00:13] SERIAL:OK: SPEED:15
[2026-05-18 19:00:13] SERIAL:OK: SPEED:16
[2026-05-18 19:00:13] SERIAL:OK: SPEED:18
[2026-05-18 19:00:13] SERIAL:OK: SPEED:20
[2026-05-18 19:00:13] SERIAL:OK: SPEED:22
[2026-05-18 19:00:13] SERIAL:OK: SPEED:23
[2026-05-18 19:00:14] SERIAL:OK: SPEED:24
[2026-05-18 19:00:14] SERIAL:OK: SPEED:25
[2026-05-18 19:00:14] SERIAL:OK: SPEED:26
[2026-05-18 19:00:14] SERIAL:OK: SPEED:27
[2026-05-18 19:00:14] SERIAL:OK: SPEED:28
[2026-05-18 19:00:14] SERIAL:OK: SPEED:29
[2026-05-18 19:00:14] SERIAL:OK: SPEED:30
[2026-05-18 19:00:14] SERIAL:OK: SPEED:31
[2026-05-18 19:00:14] SERIAL:OK: SPEED:32
[2026-05-18 19:00:14] SERIAL:OK: SPEED:33
[2026-05-18 19:00:14] SERIAL:OK: SPEED:34
[2026-05-18 19:00:14] SERIAL:OK: SPEED:35
[2026-05-18 19:00:14] SERIAL:OK: SPEED:36
[2026-05-18 19:00:14] SERIAL:OK: SPEED:38
[2026-05-18 19:00:14] SERIAL:OK: SPEED:40
[2026-05-18 19:00:14] SERIAL:OK: SPEED:43
[2026-05-18 19:00:14] SERIAL:OK: SPEED:46
[2026-05-18 19:00:14] SERIAL:OK: SPEED:49
[2026-05-18 19:00:14] SERIAL:OK: SPEED:52
[2026-05-18 19:00:14] SERIAL:OK: SPEED:54
[2026-05-18 19:00:15] SERIAL:OK: SPEED:55
[2026-05-18 19:00:15] SERIAL:OK: SPEED:56
[2026-05-18 19:00:15] SERIAL:OK: SPEED:55
[2026-05-18 19:00:15] SERIAL:OK: SPEED:56
[2026-05-18 19:00:15] SERIAL:OK: SPEED:57
[2026-05-18 19:00:15] SERIAL:OK: SPEED:58
[2026-05-18 19:00:16] SERIAL:OK: SPEED:57
[2026-05-18 19:00:16] SERIAL:OK: BRAKE:1
[2026-05-18 19:00:16] SERIAL:OK: SPEED:56
[2026-05-18 19:00:16] SERIAL:OK: SPEED:57
[2026-05-18 19:00:16] SERIAL:OK: SPEED:58
[2026-05-18 19:00:16] SERIAL:OK: SPEED:59
[2026-05-18 19:00:16] SERIAL:OK: BRAKE:0
[2026-05-18 19:00:16] SERIAL:OK: SPEED:60
[2026-05-18 19:00:16] SERIAL:OK: SPEED:61
[2026-05-18 19:00:16] SERIAL:OK: SPEED:62
[2026-05-18 19:00:16] SERIAL:OK: SPEED:61
[2026-05-18 19:00:17] SERIAL:OK: SPEED:62
[2026-05-18 19:00:17] SERIAL:OK: SPEED:63
[2026-05-18 19:00:17] SERIAL:OK: SPEED:64
[2026-05-18 19:00:17] SERIAL:OK: SPEED:63
[2026-05-18 19:00:17] SERIAL:OK: SPEED:67
[2026-05-18 19:00:17] SERIAL:OK: SPEED:73
[2026-05-18 19:00:17] SERIAL:OK: SPEED:80
[2026-05-18 19:00:17] SERIAL:OK: SPEED:87
[2026-05-18 19:00:19] SERIAL:OK: SPEED:83
[2026-05-18 19:00:19] SERIAL:OK: BRAKE:1
[2026-05-18 19:00:19] SERIAL:OK: SPEED:75
[2026-05-18 19:00:19] SERIAL:OK: SPEED:66
[2026-05-18 19:00:19] SERIAL:OK: SPEED:57
[2026-05-18 19:00:19] SERIAL:OK: SPEED:50
[2026-05-18 19:00:19] SERIAL:OK: SPEED:55
[2026-05-18 19:00:20] SERIAL:OK: SPEED:58
[2026-05-18 19:00:20] SERIAL:OK: SPEED:59
[2026-05-18 19:00:20] SERIAL:OK: SPEED:58
[2026-05-18 19:00:20] SERIAL:OK: SPEED:54
[2026-05-18 19:00:20] SERIAL:OK: SPEED:49
[2026-05-18 19:00:20] SERIAL:OK: SPEED:46
[2026-05-18 19:00:20] SERIAL:OK: SPEED:43
[2026-05-18 19:00:20] SERIAL:OK: SPEED:42
[2026-05-18 19:00:20] SERIAL:OK: SPEED:41
[2026-05-18 19:00:20] SERIAL:OK: SPEED:42
[2026-05-18 19:00:20] SERIAL:OK: SPEED:43
[2026-05-18 19:00:20] SERIAL:OK: SPEED:44
[2026-05-18 19:00:20] SERIAL:OK: SPEED:45
[2026-05-18 19:00:20] SERIAL:OK: SPEED:47
[2026-05-18 19:00:20] SERIAL:OK: SPEED:49
[2026-05-18 19:00:20] SERIAL:OK: SPEED:51
[2026-05-18 19:00:20] SERIAL:OK: SPEED:52
[2026-05-18 19:00:20] SERIAL:OK: SPEED:53
[2026-05-18 19:00:20] SERIAL:OK: BRAKE:0
[2026-05-18 19:00:21] SERIAL:OK: BRAKE:1
[2026-05-18 19:00:21] SERIAL:OK: SPEED:52
[2026-05-18 19:00:21] SERIAL:OK: SPEED:51
[2026-05-18 19:00:21] SERIAL:OK: SPEED:50
[2026-05-18 19:00:21] SERIAL:OK: SPEED:49
[2026-05-18 19:00:21] SERIAL:OK: SPEED:48
[2026-05-18 19:00:21] SERIAL:OK: SPEED:47
[2026-05-18 19:00:21] SERIAL:OK: SPEED:48
[2026-05-18 19:00:21] SERIAL:OK: SPEED:49
[2026-05-18 19:00:21] SERIAL:OK: SPEED:52
[2026-05-18 19:00:21] SERIAL:OK: SPEED:56
[2026-05-18 19:00:22] SERIAL:OK: BRAKE:0
[2026-05-18 19:00:30] Автоповоротник ВПРАВО
[2026-05-18 19:00:30] SERIAL:OK: RIGHT:1
[2026-05-18 19:00:30] SERIAL:OK: RIGHT:0
[2026-05-18 19:00:31] SERIAL:OK: RIGHT:1
[2026-05-18 19:00:31] SERIAL:OK: RIGHT:0
[2026-05-18 19:00:31] SERIAL:OK: RIGHT:1
[2026-05-18 19:00:32] SERIAL:OK: RIGHT:0
[2026-05-18 19:00:32] SERIAL:OK: RIGHT:1
[2026-05-18 19:00:33] SERIAL:OK: RIGHT:0
[2026-05-18 19:00:33] SERIAL:OK: RIGHT:1
[2026-05-18 19:00:33] SERIAL:OK: RIGHT:0
[2026-05-18 19:00:34] SERIAL:OK: RIGHT:1
[2026-05-18 19:00:34] SERIAL:OK: RIGHT:0
[2026-05-18 19:00:34] SERIAL:OK: RIGHT:1
[2026-05-18 19:00:35] SERIAL:OK: RIGHT:0
[2026-05-18 19:00:35] Автоповоротники вимкнено
[2026-05-18 19:00:38] Автоповоротник ВПРАВО
[2026-05-18 19:00:38] SERIAL:OK: RIGHT:1
[2026-05-18 19:00:39] SERIAL:OK: RIGHT:0
[2026-05-18 19:00:39] SERIAL:OK: RIGHT:1
[2026-05-18 19:00:39] SERIAL:OK: RIGHT:0
[2026-05-18 19:00:40] SERIAL:OK: RIGHT:1
[2026-05-18 19:00:40] Автоповоротник ВПРАВО
[2026-05-18 19:00:40] SERIAL:OK: RIGHT:0
[2026-05-18 19:00:40] SERIAL:OK: RIGHT:1
[2026-05-18 19:00:41] SERIAL:OK: RIGHT:0
[2026-05-18 19:00:41] SERIAL:OK: RIGHT:1
[2026-05-18 19:00:41] SERIAL:OK: RIGHT:0
[2026-05-18 19:00:42] SERIAL:OK: RIGHT:1
[2026-05-18 19:00:42] Автоповоротник ВПРАВО
[2026-05-18 19:00:42] SERIAL:OK: RIGHT:0
[2026-05-18 19:00:42] SERIAL:OK: RIGHT:1
[2026-05-18 19:00:43] SERIAL:OK: RIGHT:0
[2026-05-18 19:00:43] SERIAL:OK: RIGHT:1
[2026-05-18 19:00:43] SERIAL:OK: RIGHT:0
[2026-05-18 19:00:44] SERIAL:OK: RIGHT:1
[2026-05-18 19:00:44] Автоповоротник ВПРАВО
[2026-05-18 19:00:44] SERIAL:OK: RIGHT:0
[2026-05-18 19:00:44] SERIAL:OK: RIGHT:1
[2026-05-18 19:00:45] SERIAL:OK: RIGHT:0
[2026-05-18 19:00:45] SERIAL:OK: RIGHT:1
[2026-05-18 19:00:45] SERIAL:OK: RIGHT:0
[2026-05-18 19:00:46] SERIAL:OK: RIGHT:1
[2026-05-18 19:00:46] SERIAL:OK: RIGHT:0
[2026-05-18 19:00:46] SERIAL:OK: RIGHT:1
[2026-05-18 19:00:47] SERIAL:OK: RIGHT:0
[2026-05-18 19:00:47] SERIAL:OK: RIGHT:1
[2026-05-18 19:00:47] Автоповоротник ВПРАВО
[2026-05-18 19:00:47] SERIAL:OK: RIGHT:0
[2026-05-18 19:00:48] SERIAL:OK: RIGHT:1
[2026-05-18 19:00:48] SERIAL:OK: RIGHT:0
[2026-05-18 19:00:49] SERIAL:OK: RIGHT:1
[2026-05-18 19:00:49] SERIAL:OK: RIGHT:0
[2026-05-18 19:00:49] SERIAL:OK: RIGHT:1
[2026-05-18 19:00:49] Автоповоротник ВПРАВО
[2026-05-18 19:00:50] SERIAL:OK: RIGHT:0
[2026-05-18 19:00:50] SERIAL:OK: RIGHT:1
[2026-05-18 19:00:50] SERIAL:OK: RIGHT:0
[2026-05-18 19:00:51] SERIAL:OK: RIGHT:1
[2026-05-18 19:00:51] SERIAL:OK: RIGHT:0
[2026-05-18 19:00:51] SERIAL:OK: RIGHT:1
[2026-05-18 19:00:52] SERIAL:OK: RIGHT:0
[2026-05-18 19:00:52] SERIAL:OK: RIGHT:1
[2026-05-18 19:00:52] SERIAL:OK: RIGHT:0
[2026-05-18 19:00:53] SERIAL:OK: RIGHT:1
[2026-05-18 19:00:53] SERIAL:OK: RIGHT:0
[2026-05-18 19:00:53] SERIAL:OK: RIGHT:1
[2026-05-18 19:00:54] SERIAL:OK: RIGHT:0
[2026-05-18 19:00:54] SERIAL:OK: RIGHT:1
[2026-05-18 19:00:54] SERIAL:OK: RIGHT:0
[2026-05-18 19:00:54] Автоповоротник ВПРАВО
[2026-05-18 19:00:55] SERIAL:OK: RIGHT:1
[2026-05-18 19:00:55] SERIAL:OK: RIGHT:0
[2026-05-18 19:00:55] SERIAL:OK: RIGHT:1
[2026-05-18 19:00:56] SERIAL:OK: RIGHT:0
[2026-05-18 19:00:56] SERIAL:OK: RIGHT:1
[2026-05-18 19:00:56] SERIAL:OK: RIGHT:0
[2026-05-18 19:00:57] SERIAL:OK: RIGHT:1
[2026-05-18 19:00:57] SERIAL:OK: RIGHT:0
[2026-05-18 19:00:57] SERIAL:OK: RIGHT:1
[2026-05-18 19:00:58] SERIAL:OK: RIGHT:0
[2026-05-18 19:00:58] SERIAL:OK: RIGHT:1
[2026-05-18 19:00:58] SERIAL:OK: RIGHT:0
[2026-05-18 19:00:59] SERIAL:OK: RIGHT:1
[2026-05-18 19:00:59] SERIAL:OK: RIGHT:0
[2026-05-18 19:00:59] Автоповоротник ВПРАВО
[2026-05-18 19:00:59] SERIAL:OK: RIGHT:1
[2026-05-18 19:01:00] SERIAL:OK: RIGHT:0
[2026-05-18 19:01:00] SERIAL:OK: RIGHT:1
[2026-05-18 19:01:00] SERIAL:OK: RIGHT:0
[2026-05-18 19:01:01] SERIAL:OK: RIGHT:1
[2026-05-18 19:01:01] SERIAL:OK: RIGHT:0
[2026-05-18 19:01:01] Автоповоротник ВПРАВО
[2026-05-18 19:01:01] SERIAL:OK: RIGHT:1
[2026-05-18 19:01:02] SERIAL:OK: RIGHT:0
[2026-05-18 19:01:02] SERIAL:OK: RIGHT:1
[2026-05-18 19:01:02] SERIAL:OK: RIGHT:0
[2026-05-18 19:01:03] SERIAL:OK: RIGHT:1
[2026-05-18 19:01:03] SERIAL:OK: RIGHT:0
[2026-05-18 19:01:03] Автоповоротник ВПРАВО
[2026-05-18 19:01:04] SERIAL:OK: RIGHT:1
[2026-05-18 19:01:04] SERIAL:OK: RIGHT:0
[2026-05-18 19:01:04] SERIAL:OK: RIGHT:1
[2026-05-18 19:01:05] SERIAL:OK: RIGHT:0
[2026-05-18 19:01:05] SERIAL:OK: RIGHT:1
[2026-05-18 19:01:05] SERIAL:OK: RIGHT:0
[2026-05-18 19:01:06] SERIAL:OK: RIGHT:1
[2026-05-18 19:01:06] SERIAL:OK: RIGHT:0
[2026-05-18 19:01:06] Автоповоротники вимкнено
[2026-05-18 19:01:07] SERIAL:OK: ALARM:1
[2026-05-18 19:01:07] SERIAL:OK: BRAKE:1
[2026-05-18 19:01:08] SERIAL:OK: LEFT:1
[2026-05-18 19:01:08] SERIAL:OK: RIGHT:1
[2026-05-18 19:01:08] SERIAL:OK: EMERGENCY:1
[2026-05-18 19:01:08] SERIAL:OK: SPEED:55
[2026-05-18 19:01:08] SERIAL:OK: SPEED:54
[2026-05-18 19:01:08] SERIAL:OK: LEFT:0
[2026-05-18 19:01:08] SERIAL:OK: RIGHT:0
[2026-05-18 19:01:08] SERIAL:OK: EMERGENCY:0
[2026-05-18 19:01:08] SERIAL:OK: SPEED:53
[2026-05-18 19:01:08] SERIAL:OK: SPEED:52
[2026-05-18 19:01:08] SERIAL:OK: LEFT:1
[2026-05-18 19:01:08] SERIAL:OK: RIGHT:1
[2026-05-18 19:01:08] SERIAL:OK: EMERGENCY:1
[2026-05-18 19:01:08] SERIAL:OK: SPEED:51
[2026-05-18 19:01:09] SERIAL:OK: SPEED:50
[2026-05-18 19:01:09] SERIAL:OK: LEFT:0
[2026-05-18 19:01:09] SERIAL:OK: RIGHT:0
[2026-05-18 19:01:09] SERIAL:OK: EMERGENCY:0
[2026-05-18 19:01:09] SERIAL:OK: SPEED:49
[2026-05-18 19:01:09] SERIAL:OK: SPEED:48
[2026-05-18 19:01:09] SERIAL:OK: LEFT:1
[2026-05-18 19:01:09] SERIAL:OK: RIGHT:1
[2026-05-18 19:01:09] SERIAL:OK: EMERGENCY:1
[2026-05-18 19:01:09] SERIAL:OK: SPEED:47
[2026-05-18 19:01:09] SERIAL:OK: SPEED:46
[2026-05-18 19:01:09] SERIAL:OK: LEFT:0
[2026-05-18 19:01:09] SERIAL:OK: RIGHT:0
[2026-05-18 19:01:09] SERIAL:OK: EMERGENCY:0
[2026-05-18 19:01:09] SERIAL:OK: SPEED:45
[2026-05-18 19:01:10] SERIAL:OK: SPEED:44
[2026-05-18 19:01:10] SERIAL:OK: LEFT:1
[2026-05-18 19:01:10] SERIAL:OK: RIGHT:1
[2026-05-18 19:01:10] SERIAL:OK: EMERGENCY:1
[2026-05-18 19:01:10] SERIAL:OK: SPEED:43
[2026-05-18 19:01:10] SERIAL:OK: SPEED:42
[2026-05-18 19:01:10] SERIAL:OK: LEFT:0
[2026-05-18 19:01:10] SERIAL:OK: RIGHT:0
[2026-05-18 19:01:10] SERIAL:OK: EMERGENCY:0
[2026-05-18 19:01:10] SERIAL:OK: SPEED:41
[2026-05-18 19:01:10] SERIAL:OK: SPEED:40
[2026-05-18 19:01:10] SERIAL:OK: LEFT:1
[2026-05-18 19:01:10] SERIAL:OK: RIGHT:1
[2026-05-18 19:01:10] SERIAL:OK: EMERGENCY:1
[2026-05-18 19:01:10] SERIAL:OK: SPEED:39
[2026-05-18 19:01:11] SERIAL:OK: SPEED:38
[2026-05-18 19:01:11] SERIAL:OK: LEFT:0
[2026-05-18 19:01:11] SERIAL:OK: RIGHT:0
[2026-05-18 19:01:11] SERIAL:OK: EMERGENCY:0
[2026-05-18 19:01:11] SERIAL:OK: SPEED:37
[2026-05-18 19:01:11] SERIAL:OK: LEFT:1
[2026-05-18 19:01:11] SERIAL:OK: RIGHT:1
[2026-05-18 19:01:11] SERIAL:OK: EMERGENCY:1
[2026-05-18 19:01:11] SERIAL:OK: SPEED:36
[2026-05-18 19:01:11] SERIAL:OK: SPEED:35
[2026-05-18 19:01:11] SERIAL:OK: LEFT:0
[2026-05-18 19:01:11] SERIAL:OK: RIGHT:0
[2026-05-18 19:01:11] SERIAL:OK: EMERGENCY:0
[2026-05-18 19:01:11] SERIAL:OK: SPEED:34
[2026-05-18 19:01:12] SERIAL:OK: SPEED:33
[2026-05-18 19:01:12] SERIAL:OK: LEFT:1
[2026-05-18 19:01:12] SERIAL:OK: RIGHT:1
[2026-05-18 19:01:12] SERIAL:OK: EMERGENCY:1
[2026-05-18 19:01:12] SERIAL:OK: SPEED:32
[2026-05-18 19:01:12] SERIAL:OK: SPEED:31
[2026-05-18 19:01:12] SERIAL:OK: LEFT:0
[2026-05-18 19:01:12] SERIAL:OK: RIGHT:0
[2026-05-18 19:01:12] SERIAL:OK: EMERGENCY:0
[2026-05-18 19:01:12] SERIAL:OK: SPEED:30
[2026-05-18 19:01:12] SERIAL:OK: SPEED:29
[2026-05-18 19:01:12] SERIAL:OK: LEFT:1
[2026-05-18 19:01:12] SERIAL:OK: RIGHT:1
[2026-05-18 19:01:12] SERIAL:OK: EMERGENCY:1
[2026-05-18 19:01:12] SERIAL:OK: SPEED:28
[2026-05-18 19:01:13] SERIAL:OK: SPEED:27
[2026-05-18 19:01:13] SERIAL:OK: LEFT:0
[2026-05-18 19:01:13] SERIAL:OK: RIGHT:0
[2026-05-18 19:01:13] SERIAL:OK: EMERGENCY:0
[2026-05-18 19:01:13] SERIAL:OK: SPEED:26
[2026-05-18 19:01:13] SERIAL:OK: SPEED:25
[2026-05-18 19:01:13] SERIAL:OK: LEFT:1
[2026-05-18 19:01:13] SERIAL:OK: RIGHT:1
[2026-05-18 19:01:13] SERIAL:OK: EMERGENCY:1
[2026-05-18 19:01:13] SERIAL:OK: SPEED:24
[2026-05-18 19:01:13] SERIAL:OK: SPEED:23
[2026-05-18 19:01:13] SERIAL:OK: LEFT:0
[2026-05-18 19:01:13] SERIAL:OK: RIGHT:0
[2026-05-18 19:01:13] SERIAL:OK: EMERGENCY:0
[2026-05-18 19:01:14] SERIAL:OK: SPEED:22
[2026-05-18 19:01:14] SERIAL:OK: SPEED:21
[2026-05-18 19:01:14] SERIAL:OK: LEFT:1
[2026-05-18 19:01:14] SERIAL:OK: RIGHT:1
[2026-05-18 19:01:14] SERIAL:OK: EMERGENCY:1
[2026-05-18 19:01:14] SERIAL:OK: SPEED:20
[2026-05-18 19:01:14] SERIAL:OK: SPEED:19
[2026-05-18 19:01:14] SERIAL:OK: LEFT:0
[2026-05-18 19:01:14] SERIAL:OK: RIGHT:0
[2026-05-18 19:01:14] SERIAL:OK: EMERGENCY:0
[2026-05-18 19:01:14] SERIAL:OK: SPEED:18
[2026-05-18 19:01:14] SERIAL:OK: LEFT:1
[2026-05-18 19:01:14] SERIAL:OK: RIGHT:1
[2026-05-18 19:01:14] SERIAL:OK: EMERGENCY:1
[2026-05-18 19:01:14] SERIAL:OK: SPEED:17
[2026-05-18 19:01:15] SERIAL:OK: SPEED:16
[2026-05-18 19:01:15] SERIAL:OK: LEFT:0
[2026-05-18 19:01:15] SERIAL:OK: RIGHT:0
[2026-05-18 19:01:15] SERIAL:OK: EMERGENCY:0
[2026-05-18 19:01:15] SERIAL:OK: SPEED:15
[2026-05-18 19:01:15] SERIAL:OK: SPEED:14
[2026-05-18 19:01:15] SERIAL:OK: LEFT:1
[2026-05-18 19:01:15] SERIAL:OK: RIGHT:1
[2026-05-18 19:01:15] SERIAL:OK: EMERGENCY:1
[2026-05-18 19:01:15] SERIAL:OK: SPEED:13
[2026-05-18 19:01:15] SERIAL:OK: SPEED:12
[2026-05-18 19:01:15] SERIAL:OK: LEFT:0
[2026-05-18 19:01:15] SERIAL:OK: RIGHT:0
[2026-05-18 19:01:15] SERIAL:OK: EMERGENCY:0
[2026-05-18 19:01:15] SERIAL:OK: SPEED:11
[2026-05-18 19:01:16] SERIAL:OK: SPEED:10
[2026-05-18 19:01:16] SERIAL:OK: LEFT:1
[2026-05-18 19:01:16] SERIAL:OK: RIGHT:1
[2026-05-18 19:01:16] SERIAL:OK: EMERGENCY:1
[2026-05-18 19:01:16] SERIAL:OK: SPEED:9
[2026-05-18 19:01:16] SERIAL:OK: SPEED:8
[2026-05-18 19:01:16] SERIAL:OK: LEFT:0
[2026-05-18 19:01:16] SERIAL:OK: RIGHT:0
[2026-05-18 19:01:16] SERIAL:OK: EMERGENCY:0
[2026-05-18 19:01:16] SERIAL:OK: SPEED:7
[2026-05-18 19:01:16] SERIAL:OK: SPEED:6
[2026-05-18 19:01:16] SERIAL:OK: LEFT:1
[2026-05-18 19:01:16] SERIAL:OK: RIGHT:1
[2026-05-18 19:01:16] SERIAL:OK: EMERGENCY:1
[2026-05-18 19:01:16] SERIAL:OK: SPEED:5
[2026-05-18 19:01:17] SERIAL:OK: SPEED:4
[2026-05-18 19:01:17] SERIAL:OK: LEFT:0
[2026-05-18 19:01:17] SERIAL:OK: RIGHT:0
[2026-05-18 19:01:17] SERIAL:OK: EMERGENCY:0
[2026-05-18 19:01:17] SERIAL:OK: SPEED:3
[2026-05-18 19:01:17] SERIAL:OK: SPEED:2
[2026-05-18 19:01:17] SERIAL:OK: LEFT:1
[2026-05-18 19:01:17] SERIAL:OK: RIGHT:1
[2026-05-18 19:01:17] SERIAL:OK: EMERGENCY:1
[2026-05-18 19:01:17] SERIAL:OK: SPEED:1
[2026-05-18 19:01:17] SERIAL:OK: LEFT:0
[2026-05-18 19:01:17] SERIAL:OK: RIGHT:0
[2026-05-18 19:01:17] SERIAL:OK: EMERGENCY:0
[2026-05-18 19:01:17] SERIAL:OK: SPEED:0
[2026-05-18 19:01:18] SERIAL:OK: LEFT:1
[2026-05-18 19:01:18] SERIAL:OK: RIGHT:1
[2026-05-18 19:01:18] SERIAL:OK: EMERGENCY:1
[2026-05-18 19:01:18] SERIAL:OK: LEFT:0
[2026-05-18 19:01:18] SERIAL:OK: RIGHT:0
[2026-05-18 19:01:18] SERIAL:OK: EMERGENCY:0
[2026-05-18 19:01:18] SERIAL:OK: LEFT:1
[2026-05-18 19:01:18] SERIAL:OK: RIGHT:1
[2026-05-18 19:01:18] SERIAL:OK: EMERGENCY:1
[2026-05-18 19:01:19] SERIAL:OK: LEFT:0
[2026-05-18 19:01:19] SERIAL:OK: RIGHT:0
[2026-05-18 19:01:19] SERIAL:OK: EMERGENCY:0
[2026-05-18 19:01:19] SERIAL:OK: LEFT:1
[2026-05-18 19:01:19] SERIAL:OK: RIGHT:1
[2026-05-18 19:01:19] SERIAL:OK: EMERGENCY:1
[2026-05-18 19:01:19] SERIAL:OK: LEFT:0
[2026-05-18 19:01:19] SERIAL:OK: RIGHT:0
[2026-05-18 19:01:19] SERIAL:OK: EMERGENCY:0
[2026-05-18 19:01:20] SERIAL:OK: LEFT:1
[2026-05-18 19:01:20] SERIAL:OK: RIGHT:1
[2026-05-18 19:01:20] SERIAL:OK: EMERGENCY:1
[2026-05-18 19:01:20] SERIAL:OK: LEFT:0
[2026-05-18 19:01:20] SERIAL:OK: RIGHT:0
[2026-05-18 19:01:20] SERIAL:OK: EMERGENCY:0
[2026-05-18 19:01:20] SERIAL:OK: LEFT:1
[2026-05-18 19:01:20] SERIAL:OK: RIGHT:1
[2026-05-18 19:01:20] SERIAL:OK: EMERGENCY:1
[2026-05-18 19:01:20] SERIAL:INFO: servo detached (idle)
[2026-05-18 19:01:21] SERIAL:OK: LEFT:0
[2026-05-18 19:01:21] SERIAL:OK: RIGHT:0
[2026-05-18 19:01:21] SERIAL:OK: EMERGENCY:0
[2026-05-18 19:01:21] SERIAL:OK: LEFT:1
[2026-05-18 19:01:21] SERIAL:OK: RIGHT:1
[2026-05-18 19:01:21] SERIAL:OK: EMERGENCY:1
[2026-05-18 19:01:21] SERIAL:OK: LEFT:0
[2026-05-18 19:01:21] SERIAL:OK: RIGHT:0
[2026-05-18 19:01:21] SERIAL:OK: EMERGENCY:0
[2026-05-18 19:01:21] SERIAL:OK: BRAKE:0
[2026-05-18 19:01:21] SERIAL:OK: ALARM:0
[2026-05-18 19:01:21] SERIAL:OK: BRAKE:1
[2026-05-18 19:01:21] SERIAL:OK: LEFT:0
[2026-05-18 19:01:21] SERIAL:OK: RIGHT:0
[2026-05-18 19:01:21] SERIAL:OK: EMERGENCY:0
[2026-05-18 19:01:28] SERIAL:OK: SPEED:2
[2026-05-18 19:01:28] SERIAL:OK: BRAKE:0
[2026-05-18 19:01:28] SERIAL:OK: SPEED:7
[2026-05-18 19:01:28] SERIAL:OK: SPEED:12
[2026-05-18 19:01:28] SERIAL:OK: SPEED:19
[2026-05-18 19:01:28] SERIAL:OK: SPEED:26
[2026-05-18 19:01:28] SERIAL:OK: SPEED:31
[2026-05-18 19:01:28] SERIAL:OK: SPEED:34
[2026-05-18 19:01:28] SERIAL:OK: SPEED:37
[2026-05-18 19:01:28] SERIAL:OK: SPEED:38
[2026-05-18 19:01:28] SERIAL:OK: SPEED:40
[2026-05-18 19:01:28] SERIAL:OK: SPEED:41
[2026-05-18 19:01:28] SERIAL:OK: SPEED:42
[2026-05-18 19:01:28] SERIAL:OK: SPEED:43
[2026-05-18 19:01:29] SERIAL:OK: SPEED:44
[2026-05-18 19:01:29] SERIAL:OK: SPEED:43
[2026-05-18 19:01:29] SERIAL:OK: SPEED:42
[2026-05-18 19:01:29] SERIAL:OK: SPEED:43
[2026-05-18 19:01:29] SERIAL:OK: SPEED:44
[2026-05-18 19:01:29] SERIAL:OK: SPEED:45
[2026-05-18 19:01:30] SERIAL:OK: SPEED:46
[2026-05-18 19:01:30] SERIAL:OK: SPEED:47
[2026-05-18 19:01:30] SERIAL:OK: SPEED:48
[2026-05-18 19:01:30] SERIAL:OK: SPEED:49
[2026-05-18 19:01:30] SERIAL:OK: SPEED:50
[2026-05-18 19:01:30] SERIAL:OK: SPEED:51
[2026-05-18 19:01:30] SERIAL:OK: SPEED:52
[2026-05-18 19:01:38] Автоповоротник ВПРАВО
[2026-05-18 19:01:38] SERIAL:OK: RIGHT:1
[2026-05-18 19:01:38] SERIAL:OK: RIGHT:0
[2026-05-18 19:01:39] SERIAL:OK: RIGHT:1
[2026-05-18 19:01:39] SERIAL:OK: RIGHT:0
[2026-05-18 19:01:39] SERIAL:OK: RIGHT:1
[2026-05-18 19:01:40] SERIAL:OK: RIGHT:0
[2026-05-18 19:01:40] Автоповоротник ВПРАВО
[2026-05-18 19:01:40] SERIAL:OK: RIGHT:1
[2026-05-18 19:01:40] SERIAL:OK: RIGHT:0
[2026-05-18 19:01:41] SERIAL:OK: RIGHT:1
[2026-05-18 19:01:41] SERIAL:OK: RIGHT:0
[2026-05-18 19:01:41] SERIAL:OK: RIGHT:1
[2026-05-18 19:01:42] SERIAL:OK: RIGHT:0
[2026-05-18 19:01:42] Автоповоротник ВПРАВО
[2026-05-18 19:01:42] SERIAL:OK: RIGHT:1
[2026-05-18 19:01:42] SERIAL:OK: RIGHT:0
[2026-05-18 19:01:43] SERIAL:OK: RIGHT:1
[2026-05-18 19:01:43] SERIAL:OK: RIGHT:0
[2026-05-18 19:01:44] SERIAL:OK: RIGHT:1
[2026-05-18 19:01:44] SERIAL:OK: RIGHT:0
[2026-05-18 19:01:44] Автоповоротник ВПРАВО
[2026-05-18 19:01:44] SERIAL:OK: RIGHT:1
[2026-05-18 19:01:45] SERIAL:OK: RIGHT:0
[2026-05-18 19:01:45] SERIAL:OK: RIGHT:1
[2026-05-18 19:01:45] SERIAL:OK: RIGHT:0
[2026-05-18 19:01:46] SERIAL:OK: RIGHT:1
[2026-05-18 19:01:46] SERIAL:OK: RIGHT:0
[2026-05-18 19:01:46] Автоповоротник ВПРАВО
[2026-05-18 19:01:46] SERIAL:OK: RIGHT:1
[2026-05-18 19:01:47] SERIAL:OK: RIGHT:0
[2026-05-18 19:01:47] SERIAL:OK: RIGHT:1
[2026-05-18 19:01:47] SERIAL:OK: RIGHT:0
[2026-05-18 19:01:48] SERIAL:OK: RIGHT:1
[2026-05-18 19:01:48] SERIAL:OK: RIGHT:0
[2026-05-18 19:01:48] SERIAL:OK: RIGHT:1
[2026-05-18 19:01:49] SERIAL:OK: RIGHT:0
[2026-05-18 19:01:49] SERIAL:OK: RIGHT:1
[2026-05-18 19:01:49] SERIAL:OK: RIGHT:0
[2026-05-18 19:01:50] SERIAL:OK: ALARM:1
[2026-05-18 19:01:50] SERIAL:OK: BRAKE:1
[2026-05-18 19:01:50] SERIAL:OK: SPEED:51
[2026-05-18 19:01:51] SERIAL:OK: SPEED:50
[2026-05-18 19:01:51] SERIAL:OK: SPEED:49
[2026-05-18 19:01:51] SERIAL:OK: LEFT:1
[2026-05-18 19:01:51] SERIAL:OK: RIGHT:1
[2026-05-18 19:01:51] SERIAL:OK: EMERGENCY:1
[2026-05-18 19:01:51] SERIAL:OK: SPEED:48
[2026-05-18 19:01:51] SERIAL:OK: SPEED:47
[2026-05-18 19:01:51] SERIAL:OK: LEFT:0
[2026-05-18 19:01:51] SERIAL:OK: RIGHT:0
[2026-05-18 19:01:51] SERIAL:OK: EMERGENCY:0
[2026-05-18 19:01:51] НАХИЛ ГОЛОВИ вниз (49.5°)
[2026-05-18 19:01:52] SERIAL:OK: SPEED:46
[2026-05-18 19:01:52] SERIAL:OK: SPEED:45
[2026-05-18 19:01:52] SERIAL:OK: LEFT:1
[2026-05-18 19:01:52] SERIAL:OK: RIGHT:1
[2026-05-18 19:01:52] SERIAL:OK: EMERGENCY:1
[2026-05-18 19:01:52] SERIAL:OK: SPEED:44
[2026-05-18 19:01:52] SERIAL:OK: SPEED:43
[2026-05-18 19:01:52] SERIAL:OK: LEFT:0
[2026-05-18 19:01:52] SERIAL:OK: RIGHT:0
[2026-05-18 19:01:52] SERIAL:OK: EMERGENCY:0
[2026-05-18 19:01:52] SERIAL:OK: SPEED:42
[2026-05-18 19:01:52] SERIAL:OK: LEFT:1
[2026-05-18 19:01:52] SERIAL:OK: RIGHT:1
[2026-05-18 19:01:52] SERIAL:OK: EMERGENCY:1
[2026-05-18 19:01:52] SERIAL:OK: SPEED:41
[2026-05-18 19:01:53] SERIAL:OK: SPEED:40
[2026-05-18 19:01:53] SERIAL:OK: LEFT:0
[2026-05-18 19:01:53] SERIAL:OK: RIGHT:0
[2026-05-18 19:01:53] SERIAL:OK: EMERGENCY:0
[2026-05-18 19:01:53] SERIAL:OK: SPEED:39
[2026-05-18 19:01:53] SERIAL:OK: SPEED:38
[2026-05-18 19:01:53] SERIAL:OK: LEFT:1
[2026-05-18 19:01:53] SERIAL:OK: RIGHT:1
[2026-05-18 19:01:53] SERIAL:OK: EMERGENCY:1
[2026-05-18 19:01:53] SERIAL:OK: SPEED:37
[2026-05-18 19:01:53] SERIAL:OK: SPEED:36
[2026-05-18 19:01:53] SERIAL:OK: LEFT:0
[2026-05-18 19:01:53] SERIAL:OK: RIGHT:0
[2026-05-18 19:01:53] SERIAL:OK: EMERGENCY:0
[2026-05-18 19:01:54] SERIAL:OK: SPEED:35
[2026-05-18 19:01:54] SERIAL:OK: LEFT:1
[2026-05-18 19:01:54] SERIAL:OK: RIGHT:1
[2026-05-18 19:01:54] SERIAL:OK: EMERGENCY:1
[2026-05-18 19:01:54] SERIAL:OK: SPEED:34
[2026-05-18 19:01:54] SERIAL:OK: SPEED:33
[2026-05-18 19:01:54] SERIAL:OK: LEFT:0
[2026-05-18 19:01:54] SERIAL:OK: RIGHT:0
[2026-05-18 19:01:54] SERIAL:OK: EMERGENCY:0
[2026-05-18 19:01:54] SERIAL:OK: SPEED:32
[2026-05-18 19:01:54] SERIAL:OK: SPEED:31
[2026-05-18 19:01:54] SERIAL:OK: LEFT:1
[2026-05-18 19:01:54] SERIAL:OK: RIGHT:1
[2026-05-18 19:01:54] SERIAL:OK: EMERGENCY:1
[2026-05-18 19:01:55] SERIAL:OK: SPEED:30
[2026-05-18 19:01:55] SERIAL:OK: SPEED:29
[2026-05-18 19:01:55] SERIAL:OK: LEFT:0
[2026-05-18 19:01:55] SERIAL:OK: RIGHT:0
[2026-05-18 19:01:55] SERIAL:OK: EMERGENCY:0
[2026-05-18 19:01:55] SERIAL:OK: SPEED:28
[2026-05-18 19:01:55] SERIAL:OK: LEFT:1
[2026-05-18 19:01:55] SERIAL:OK: RIGHT:1
[2026-05-18 19:01:55] SERIAL:OK: EMERGENCY:1
[2026-05-18 19:01:55] SERIAL:OK: SPEED:27
[2026-05-18 19:01:55] SERIAL:OK: SPEED:26
[2026-05-18 19:01:55] SERIAL:OK: LEFT:0
[2026-05-18 19:01:55] SERIAL:OK: RIGHT:0
[2026-05-18 19:01:55] SERIAL:OK: EMERGENCY:0
[2026-05-18 19:01:55] SERIAL:OK: SPEED:25
[2026-05-18 19:01:56] SERIAL:OK: SPEED:24
[2026-05-18 19:01:56] SERIAL:OK: LEFT:1
[2026-05-18 19:01:56] SERIAL:OK: RIGHT:1
[2026-05-18 19:01:56] SERIAL:OK: EMERGENCY:1
[2026-05-18 19:01:56] SERIAL:OK: SPEED:23
[2026-05-18 19:01:56] SERIAL:OK: SPEED:22
[2026-05-18 19:01:56] SERIAL:OK: LEFT:0
[2026-05-18 19:01:56] SERIAL:OK: RIGHT:0
[2026-05-18 19:01:56] SERIAL:OK: EMERGENCY:0
[2026-05-18 19:01:56] SERIAL:OK: SPEED:21
[2026-05-18 19:01:56] SERIAL:OK: LEFT:1
[2026-05-18 19:01:56] SERIAL:OK: RIGHT:1
[2026-05-18 19:01:56] SERIAL:OK: EMERGENCY:1
[2026-05-18 19:01:56] SERIAL:OK: SPEED:20
[2026-05-18 19:01:57] SERIAL:OK: SPEED:19
[2026-05-18 19:01:57] SERIAL:OK: LEFT:0
[2026-05-18 19:01:57] SERIAL:OK: RIGHT:0
[2026-05-18 19:01:57] SERIAL:OK: EMERGENCY:0
[2026-05-18 19:01:57] SERIAL:OK: SPEED:18
[2026-05-18 19:01:57] SERIAL:OK: SPEED:17
[2026-05-18 19:01:57] SERIAL:OK: LEFT:1
[2026-05-18 19:01:57] SERIAL:OK: RIGHT:1
[2026-05-18 19:01:57] SERIAL:OK: EMERGENCY:1
[2026-05-18 19:01:57] SERIAL:OK: SPEED:16
[2026-05-18 19:01:57] SERIAL:OK: SPEED:15
[2026-05-18 19:01:58] SERIAL:OK: LEFT:0
[2026-05-18 19:01:58] SERIAL:OK: RIGHT:0
[2026-05-18 19:01:58] SERIAL:OK: EMERGENCY:0
[2026-05-18 19:01:58] SERIAL:OK: SPEED:14
[2026-05-18 19:01:58] SERIAL:OK: SPEED:13
[2026-05-18 19:01:58] SERIAL:OK: LEFT:1
[2026-05-18 19:01:58] SERIAL:OK: RIGHT:1
[2026-05-18 19:01:58] SERIAL:OK: EMERGENCY:1
[2026-05-18 19:01:58] SERIAL:OK: SPEED:12
[2026-05-18 19:01:58] SERIAL:OK: LEFT:0
[2026-05-18 19:01:58] SERIAL:OK: RIGHT:0
[2026-05-18 19:01:58] SERIAL:OK: EMERGENCY:0
[2026-05-18 19:01:58] SERIAL:OK: SPEED:11
[2026-05-18 19:01:58] SERIAL:OK: SPEED:10
[2026-05-18 19:01:59] SERIAL:OK: LEFT:1
[2026-05-18 19:01:59] SERIAL:OK: RIGHT:1
[2026-05-18 19:01:59] SERIAL:OK: EMERGENCY:1
[2026-05-18 19:01:59] SERIAL:OK: SPEED:9
[2026-05-18 19:01:59] SERIAL:OK: SPEED:8
[2026-05-18 19:01:59] SERIAL:OK: LEFT:0
[2026-05-18 19:01:59] SERIAL:OK: RIGHT:0
[2026-05-18 19:01:59] SERIAL:OK: EMERGENCY:0
[2026-05-18 19:01:59] SERIAL:OK: SPEED:7
[2026-05-18 19:01:59] SERIAL:OK: SPEED:6
[2026-05-18 19:01:59] SERIAL:OK: LEFT:1
[2026-05-18 19:01:59] SERIAL:OK: RIGHT:1
[2026-05-18 19:01:59] SERIAL:OK: EMERGENCY:1
[2026-05-18 19:01:59] SERIAL:OK: SPEED:5
[2026-05-18 19:02:00] SERIAL:OK: SPEED:4
[2026-05-18 19:02:00] SERIAL:OK: LEFT:0
[2026-05-18 19:02:00] SERIAL:OK: RIGHT:0
[2026-05-18 19:02:00] SERIAL:OK: EMERGENCY:0
[2026-05-18 19:02:00] SERIAL:OK: SPEED:3
[2026-05-18 19:02:00] SERIAL:OK: LEFT:1
[2026-05-18 19:02:00] SERIAL:OK: RIGHT:1
[2026-05-18 19:02:00] SERIAL:OK: EMERGENCY:1
[2026-05-18 19:02:00] SERIAL:OK: SPEED:2
[2026-05-18 19:02:00] SERIAL:OK: SPEED:1
[2026-05-18 19:02:00] SERIAL:OK: LEFT:0
[2026-05-18 19:02:00] SERIAL:OK: RIGHT:0
[2026-05-18 19:02:00] SERIAL:OK: EMERGENCY:0
[2026-05-18 19:02:00] SERIAL:OK: SPEED:0
[2026-05-18 19:02:01] SERIAL:OK: LEFT:1
[2026-05-18 19:02:01] SERIAL:OK: RIGHT:1
[2026-05-18 19:02:01] SERIAL:OK: EMERGENCY:1
[2026-05-18 19:02:01] SERIAL:OK: LEFT:0
[2026-05-18 19:02:01] SERIAL:OK: RIGHT:0
[2026-05-18 19:02:01] SERIAL:OK: EMERGENCY:0
[2026-05-18 19:02:01] НАХИЛ ГОЛОВИ вниз (43.8°)
[2026-05-18 19:02:01] SERIAL:OK: LEFT:1
[2026-05-18 19:02:01] SERIAL:OK: RIGHT:1
[2026-05-18 19:02:01] SERIAL:OK: EMERGENCY:1
[2026-05-18 19:02:02] SERIAL:OK: LEFT:0
[2026-05-18 19:02:02] SERIAL:OK: RIGHT:0
[2026-05-18 19:02:02] SERIAL:OK: EMERGENCY:0
[2026-05-18 19:02:02] SERIAL:OK: LEFT:1
[2026-05-18 19:02:02] SERIAL:OK: RIGHT:1
[2026-05-18 19:02:02] SERIAL:OK: EMERGENCY:1
[2026-05-18 19:02:02] SERIAL:OK: LEFT:0
[2026-05-18 19:02:02] SERIAL:OK: RIGHT:0
[2026-05-18 19:02:02] SERIAL:OK: EMERGENCY:0
[2026-05-18 19:02:03] SERIAL:OK: LEFT:1
[2026-05-18 19:02:03] SERIAL:OK: RIGHT:1
[2026-05-18 19:02:03] SERIAL:OK: EMERGENCY:1
[2026-05-18 19:02:03] SERIAL:OK: LEFT:0
[2026-05-18 19:02:03] SERIAL:OK: RIGHT:0
[2026-05-18 19:02:03] SERIAL:OK: EMERGENCY:0
[2026-05-18 19:02:03] SERIAL:OK: LEFT:1
[2026-05-18 19:02:03] SERIAL:OK: RIGHT:1
[2026-05-18 19:02:03] SERIAL:OK: EMERGENCY:1
[2026-05-18 19:02:03] SERIAL:INFO: servo detached (idle)
[2026-05-18 19:02:04] SERIAL:OK: LEFT:0
[2026-05-18 19:02:04] SERIAL:OK: RIGHT:0
[2026-05-18 19:02:04] SERIAL:OK: EMERGENCY:0
[2026-05-18 19:02:04] SERIAL:OK: LEFT:1
[2026-05-18 19:02:04] SERIAL:OK: RIGHT:1
[2026-05-18 19:02:04] SERIAL:OK: EMERGENCY:1
[2026-05-18 19:02:04] SERIAL:OK: LEFT:0
[2026-05-18 19:02:04] SERIAL:OK: RIGHT:0
[2026-05-18 19:02:04] SERIAL:OK: EMERGENCY:0
[2026-05-18 19:02:05] SERIAL:OK: LEFT:1
[2026-05-18 19:02:05] SERIAL:OK: RIGHT:1
[2026-05-18 19:02:05] SERIAL:OK: EMERGENCY:1
[2026-05-18 19:02:05] SERIAL:OK: LEFT:0
[2026-05-18 19:02:05] SERIAL:OK: RIGHT:0
[2026-05-18 19:02:05] SERIAL:OK: EMERGENCY:0
[2026-05-18 19:02:05] SERIAL:OK: LEFT:1
[2026-05-18 19:02:05] SERIAL:OK: RIGHT:1
[2026-05-18 19:02:05] SERIAL:OK: EMERGENCY:1
[2026-05-18 19:02:06] SERIAL:OK: LEFT:0
[2026-05-18 19:02:06] SERIAL:OK: RIGHT:0
[2026-05-18 19:02:06] SERIAL:OK: EMERGENCY:0
[2026-05-18 19:02:06] SERIAL:OK: LEFT:1
[2026-05-18 19:02:06] SERIAL:OK: RIGHT:1
[2026-05-18 19:02:06] SERIAL:OK: EMERGENCY:1
[2026-05-18 19:02:06] Аварійку вимкнено жестом peace
[2026-05-18 19:02:06] SERIAL:OK: ALARM:0
[2026-05-18 19:02:06] SERIAL:OK: LEFT:0
[2026-05-18 19:02:06] SERIAL:OK: RIGHT:0
[2026-05-18 19:02:06] SERIAL:OK: EMERGENCY:0
[2026-05-18 19:02:08] SERIAL:OK: LEFT:0
[2026-05-18 19:02:08] SERIAL:OK: RIGHT:0
[2026-05-18 19:02:08] SERIAL:OK: EMERGENCY:0
[2026-05-18 19:02:08] SERIAL:OK: BRAKE:0
[2026-05-18 19:02:08] SERIAL:OK: BRAKE:1
[2026-05-18 19:02:08] SERIAL:OK: LEFT:0
[2026-05-18 19:02:08] SERIAL:OK: RIGHT:0
[2026-05-18 19:02:08] SERIAL:OK: EMERGENCY:0
[2026-05-18 19:03:30] Автоповоротник ВПРАВО
[2026-05-18 19:03:30] SERIAL:OK: RIGHT:1
[2026-05-18 19:03:31] SERIAL:OK: RIGHT:0
[2026-05-18 19:03:31] SERIAL:OK: RIGHT:1
[2026-05-18 19:03:31] SERIAL:OK: RIGHT:0
[2026-05-18 19:03:32] SERIAL:OK: RIGHT:1
[2026-05-18 19:03:32] Автоповоротник ВПРАВО
[2026-05-18 19:03:32] SERIAL:OK: RIGHT:0
[2026-05-18 19:03:32] SERIAL:OK: RIGHT:1
[2026-05-18 19:03:33] SERIAL:OK: RIGHT:0
[2026-05-18 19:03:33] SERIAL:OK: RIGHT:1
[2026-05-18 19:03:33] SERIAL:OK: RIGHT:0
[2026-05-18 19:03:34] SERIAL:OK: RIGHT:1
[2026-05-18 19:03:34] Автоповоротник ВПРАВО
[2026-05-18 19:03:34] SERIAL:OK: RIGHT:0
[2026-05-18 19:03:34] SERIAL:OK: RIGHT:1
[2026-05-18 19:03:35] SERIAL:OK: RIGHT:0
[2026-05-18 19:03:35] SERIAL:OK: RIGHT:1
[2026-05-18 19:03:35] SERIAL:OK: RIGHT:0
[2026-05-18 19:03:36] SERIAL:OK: RIGHT:1
[2026-05-18 19:03:36] Автоповоротник ВПРАВО
[2026-05-18 19:03:36] SERIAL:OK: RIGHT:0
[2026-05-18 19:03:36] SERIAL:OK: RIGHT:1
[2026-05-18 19:03:37] SERIAL:OK: RIGHT:0
[2026-05-18 19:03:37] SERIAL:OK: RIGHT:1
[2026-05-18 19:03:37] SERIAL:OK: RIGHT:0
[2026-05-18 19:03:38] SERIAL:OK: RIGHT:1
[2026-05-18 19:03:38] SERIAL:OK: RIGHT:0
[2026-05-18 19:03:39] SERIAL:OK: RIGHT:1
[2026-05-18 19:03:39] SERIAL:OK: RIGHT:0
[2026-05-18 19:03:39] SERIAL:OK: RIGHT:1
[2026-05-18 19:03:40] SERIAL:OK: RIGHT:0
[2026-05-18 19:03:40] Автоповоротники вимкнено
[2026-05-18 19:03:42] SERIAL:OK: ALARM:1
[2026-05-18 19:03:43] SERIAL:OK: LEFT:1
[2026-05-18 19:03:43] SERIAL:OK: RIGHT:1
[2026-05-18 19:03:43] SERIAL:OK: EMERGENCY:1
[2026-05-18 19:03:43] SERIAL:OK: LEFT:0
[2026-05-18 19:03:43] SERIAL:OK: RIGHT:0
[2026-05-18 19:03:43] SERIAL:OK: EMERGENCY:0
[2026-05-18 19:03:43] SERIAL:OK: LEFT:1
[2026-05-18 19:03:43] SERIAL:OK: RIGHT:1
[2026-05-18 19:03:43] SERIAL:OK: EMERGENCY:1
[2026-05-18 19:03:44] SERIAL:OK: LEFT:0
[2026-05-18 19:03:44] SERIAL:OK: RIGHT:0
[2026-05-18 19:03:44] SERIAL:OK: EMERGENCY:0
[2026-05-18 19:03:44] Аварійку вимкнено жестом peace
[2026-05-18 19:03:44] SERIAL:OK: ALARM:0
[2026-05-18 19:03:49] Автоповоротник ВЛІВО
[2026-05-18 19:03:49] SERIAL:OK: LEFT:1
[2026-05-18 19:03:50] SERIAL:OK: LEFT:0
[2026-05-18 19:03:50] SERIAL:OK: LEFT:1
[2026-05-18 19:03:50] SERIAL:OK: LEFT:0
[2026-05-18 19:03:51] SERIAL:OK: LEFT:1
[2026-05-18 19:03:51] SERIAL:OK: LEFT:0
[2026-05-18 19:03:51] SERIAL:OK: LEFT:1
[2026-05-18 19:03:52] SERIAL:OK: LEFT:0
[2026-05-18 19:03:52] SERIAL:OK: LEFT:1
[2026-05-18 19:03:52] SERIAL:OK: LEFT:0
[2026-05-18 19:03:53] Автоповоротник ВЛІВО
[2026-05-18 19:03:53] SERIAL:OK: LEFT:1
[2026-05-18 19:03:53] SERIAL:OK: LEFT:0
[2026-05-18 19:03:54] SERIAL:OK: LEFT:1
[2026-05-18 19:03:54] SERIAL:OK: LEFT:0
[2026-05-18 19:03:54] SERIAL:OK: LEFT:1
[2026-05-18 19:03:55] SERIAL:OK: LEFT:0
[2026-05-18 19:03:55] Автоповоротник ВЛІВО
[2026-05-18 19:03:55] SERIAL:OK: LEFT:1
[2026-05-18 19:03:55] SERIAL:OK: LEFT:0
[2026-05-18 19:03:56] SERIAL:OK: LEFT:1
[2026-05-18 19:03:56] SERIAL:OK: LEFT:0
[2026-05-18 19:03:56] SERIAL:OK: LEFT:1
[2026-05-18 19:03:57] SERIAL:OK: LEFT:0
[2026-05-18 19:03:57] Автоповоротник ВЛІВО
[2026-05-18 19:03:57] SERIAL:OK: LEFT:1
[2026-05-18 19:03:57] SERIAL:OK: LEFT:0
[2026-05-18 19:03:58] SERIAL:OK: LEFT:1
[2026-05-18 19:03:58] SERIAL:OK: LEFT:0
[2026-05-18 19:03:58] SERIAL:OK: LEFT:1
[2026-05-18 19:03:59] SERIAL:OK: LEFT:0
[2026-05-18 19:03:59] SERIAL:OK: LEFT:1
[2026-05-18 19:03:59] SERIAL:OK: LEFT:0
[2026-05-18 19:04:00] SERIAL:OK: LEFT:1
[2026-05-18 19:04:00] SERIAL:OK: LEFT:0
[2026-05-18 19:04:00] SERIAL:OK: LEFT:1
[2026-05-18 19:04:01] SERIAL:OK: LEFT:0
[2026-05-18 19:04:01] SERIAL:OK: LEFT:1
[2026-05-18 19:04:01] SERIAL:OK: LEFT:0
[2026-05-18 19:04:02] SERIAL:OK: LEFT:1
[2026-05-18 19:04:02] Автоповоротник ВПРАВО
[2026-05-18 19:04:02] SERIAL:OK: LEFT:0
[2026-05-18 19:04:02] SERIAL:OK: RIGHT:1
[2026-05-18 19:04:03] SERIAL:OK: RIGHT:0
[2026-05-18 19:04:03] SERIAL:OK: RIGHT:1
[2026-05-18 19:04:03] SERIAL:OK: RIGHT:0
[2026-05-18 19:04:04] Автоповоротник ВПРАВО
[2026-05-18 19:04:04] SERIAL:OK: RIGHT:1
[2026-05-18 19:04:04] SERIAL:OK: RIGHT:0
[2026-05-18 19:04:04] SERIAL:OK: RIGHT:1
[2026-05-18 19:04:05] SERIAL:OK: RIGHT:0
[2026-05-18 19:04:05] SERIAL:OK: RIGHT:1
[2026-05-18 19:04:05] SERIAL:OK: RIGHT:0
[2026-05-18 19:04:06] Автоповоротник ВПРАВО
[2026-05-18 19:04:06] SERIAL:OK: RIGHT:1
[2026-05-18 19:04:06] SERIAL:OK: RIGHT:0
[2026-05-18 19:04:06] SERIAL:OK: RIGHT:1
[2026-05-18 19:04:07] SERIAL:OK: RIGHT:0
[2026-05-18 19:04:07] SERIAL:OK: RIGHT:1
[2026-05-18 19:04:07] SERIAL:OK: RIGHT:0
[2026-05-18 19:04:08] Автоповоротник ВПРАВО
[2026-05-18 19:04:08] SERIAL:OK: RIGHT:1
[2026-05-18 19:04:08] SERIAL:OK: RIGHT:0
[2026-05-18 19:04:09] SERIAL:OK: RIGHT:1
[2026-05-18 19:04:09] SERIAL:OK: RIGHT:0
[2026-05-18 19:04:09] SERIAL:OK: RIGHT:1
[2026-05-18 19:04:10] SERIAL:OK: RIGHT:0
[2026-05-18 19:04:10] SERIAL:OK: RIGHT:1
[2026-05-18 19:04:10] SERIAL:OK: RIGHT:0
[2026-05-18 19:04:11] SERIAL:OK: RIGHT:1
[2026-05-18 19:04:11] SERIAL:OK: RIGHT:0
[2026-05-18 19:04:11] SERIAL:OK: RIGHT:1
[2026-05-18 19:04:12] SERIAL:OK: RIGHT:0
[2026-05-18 19:04:12] SERIAL:OK: RIGHT:1
[2026-05-18 19:04:12] SERIAL:OK: RIGHT:0
[2026-05-18 19:04:13] SERIAL:OK: RIGHT:1
[2026-05-18 19:04:13] SERIAL:OK: RIGHT:0
[2026-05-18 19:04:13] SERIAL:OK: RIGHT:1
[2026-05-18 19:04:13] SERIAL:OK: ALARM:1
[2026-05-18 19:04:13] Автоповоротники вимкнено
[2026-05-18 19:04:14] SERIAL:OK: RIGHT:0
[2026-05-18 19:04:14] SERIAL:OK: LEFT:1
[2026-05-18 19:04:14] SERIAL:OK: RIGHT:1
[2026-05-18 19:04:14] SERIAL:OK: EMERGENCY:1
[2026-05-18 19:04:14] SERIAL:OK: LEFT:0
[2026-05-18 19:04:14] SERIAL:OK: RIGHT:0
[2026-05-18 19:04:14] SERIAL:OK: EMERGENCY:0
[2026-05-18 19:04:15] SERIAL:OK: LEFT:1
[2026-05-18 19:04:15] SERIAL:OK: RIGHT:1
[2026-05-18 19:04:15] SERIAL:OK: EMERGENCY:1
[2026-05-18 19:04:15] Аварійку вимкнено жестом peace
[2026-05-18 19:04:15] SERIAL:OK: ALARM:0
[2026-05-18 19:04:15] SERIAL:OK: LEFT:0
[2026-05-18 19:04:15] SERIAL:OK: RIGHT:0
[2026-05-18 19:04:15] SERIAL:OK: EMERGENCY:0
[2026-05-18 19:04:20] SERIAL:OK: ALARM:1
[2026-05-18 19:04:20] SERIAL:OK: LEFT:1
[2026-05-18 19:04:20] SERIAL:OK: RIGHT:1
[2026-05-18 19:04:20] SERIAL:OK: EMERGENCY:1
[2026-05-18 19:04:20] SERIAL:OK: LEFT:0
[2026-05-18 19:04:20] SERIAL:OK: RIGHT:0
[2026-05-18 19:04:20] SERIAL:OK: EMERGENCY:0
[2026-05-18 19:04:21] SERIAL:OK: LEFT:1
[2026-05-18 19:04:21] SERIAL:OK: RIGHT:1
[2026-05-18 19:04:21] SERIAL:OK: EMERGENCY:1
[2026-05-18 19:04:21] SERIAL:OK: LEFT:0
[2026-05-18 19:04:21] SERIAL:OK: RIGHT:0
[2026-05-18 19:04:21] SERIAL:OK: EMERGENCY:0
[2026-05-18 19:04:21] Аварійку вимкнено жестом peace
[2026-05-18 19:04:21] SERIAL:OK: ALARM:0
[2026-05-18 19:04:23] SERIAL:OK: LEFT:0
[2026-05-18 19:04:23] SERIAL:OK: RIGHT:0
[2026-05-18 19:04:23] SERIAL:OK: EMERGENCY:0
[2026-05-18 19:04:23] SERIAL:OK: BRAKE:0
[2026-05-18 19:04:23] SERIAL:OK: BRAKE:1
[2026-05-18 19:04:23] SERIAL:OK: LEFT:0
[2026-05-18 19:04:23] SERIAL:OK: RIGHT:0
[2026-05-18 19:04:23] SERIAL:OK: EMERGENCY:0
[2026-05-18 19:04:42] SERIAL:OK: LEFT:0
[2026-05-18 19:04:42] SERIAL:OK: RIGHT:0
[2026-05-18 19:04:42] SERIAL:OK: EMERGENCY:0
[2026-05-18 19:04:42] SERIAL:OK: BRAKE:0
[2026-05-18 19:04:42] SERIAL:OK: BRAKE:1
[2026-05-18 19:04:42] SERIAL:OK: LEFT:0
[2026-05-18 19:04:42] SERIAL:OK: RIGHT:0
[2026-05-18 19:04:42] SERIAL:OK: EMERGENCY:0
[2026-05-18 20:50:29] SERIAL:OK: SPEED:100
[2026-05-18 20:50:29] SERIAL:OK: BRAKE:0
[2026-05-18 20:51:13] SERIAL:OK: ALARM:1
[2026-05-18 20:51:13] SERIAL:OK: BRAKE:1
[2026-05-18 20:51:13] SERIAL:OK: SPEED:99
[2026-05-18 20:51:13] SERIAL:OK: SPEED:98
[2026-05-18 20:51:13] SERIAL:OK: LEFT:1
[2026-05-18 20:51:13] SERIAL:OK: RIGHT:1
[2026-05-18 20:51:13] SERIAL:OK: EMERGENCY:1
[2026-05-18 20:51:13] SERIAL:OK: SPEED:97
[2026-05-18 20:51:13] SERIAL:OK: SPEED:96
[2026-05-18 20:51:13] SERIAL:OK: SPEED:95
[2026-05-18 20:51:14] SERIAL:OK: SPEED:94
[2026-05-18 20:51:14] SERIAL:OK: LEFT:0
[2026-05-18 20:51:14] SERIAL:OK: RIGHT:0
[2026-05-18 20:51:14] SERIAL:OK: EMERGENCY:0
[2026-05-18 20:51:14] SERIAL:OK: SPEED:93
[2026-05-18 20:51:14] SERIAL:OK: SPEED:92
[2026-05-18 20:51:14] SERIAL:OK: SPEED:91
[2026-05-18 20:51:14] SERIAL:OK: SPEED:90
[2026-05-18 20:51:14] SERIAL:OK: LEFT:1
[2026-05-18 20:51:14] SERIAL:OK: RIGHT:1
[2026-05-18 20:51:14] SERIAL:OK: EMERGENCY:1
[2026-05-18 20:51:14] SERIAL:OK: SPEED:89
[2026-05-18 20:51:14] SERIAL:OK: SPEED:88
[2026-05-18 20:51:14] SERIAL:OK: SPEED:87
[2026-05-18 20:51:14] SERIAL:OK: LEFT:0
[2026-05-18 20:51:14] SERIAL:OK: RIGHT:0
[2026-05-18 20:51:14] SERIAL:OK: EMERGENCY:0
[2026-05-18 20:51:14] SERIAL:OK: SPEED:86
[2026-05-18 20:51:15] SERIAL:OK: SPEED:85
[2026-05-18 20:51:15] SERIAL:OK: SPEED:84
[2026-05-18 20:51:15] SERIAL:OK: SPEED:83
[2026-05-18 20:51:15] SERIAL:OK: LEFT:1
[2026-05-18 20:51:15] SERIAL:OK: RIGHT:1
[2026-05-18 20:51:15] SERIAL:OK: EMERGENCY:1
[2026-05-18 20:51:15] SERIAL:OK: SPEED:82
[2026-05-18 20:51:15] SERIAL:OK: SPEED:81
[2026-05-18 20:51:15] SERIAL:OK: SPEED:80
[2026-05-18 20:51:15] SERIAL:OK: LEFT:0
[2026-05-18 20:51:15] SERIAL:OK: RIGHT:0
[2026-05-18 20:51:15] SERIAL:OK: EMERGENCY:0
[2026-05-18 20:51:15] SERIAL:OK: SPEED:79
[2026-05-18 20:51:15] SERIAL:OK: SPEED:78
[2026-05-18 20:51:15] SERIAL:OK: SPEED:77
[2026-05-18 20:51:15] SERIAL:OK: LEFT:1
[2026-05-18 20:51:15] SERIAL:OK: RIGHT:1
[2026-05-18 20:51:15] SERIAL:OK: EMERGENCY:1
[2026-05-18 20:51:15] SERIAL:OK: SPEED:76
[2026-05-18 20:51:15] SERIAL:OK: SPEED:75
[2026-05-18 20:51:16] SERIAL:OK: SPEED:74
[2026-05-18 20:51:16] SERIAL:OK: LEFT:0
[2026-05-18 20:51:16] SERIAL:OK: RIGHT:0
[2026-05-18 20:51:16] SERIAL:OK: EMERGENCY:0
[2026-05-18 20:51:16] SERIAL:OK: SPEED:73
[2026-05-18 20:51:16] SERIAL:OK: SPEED:72
[2026-05-18 20:51:16] SERIAL:OK: SPEED:71
[2026-05-18 20:51:16] SERIAL:OK: LEFT:1
[2026-05-18 20:51:16] SERIAL:OK: RIGHT:1
[2026-05-18 20:51:16] SERIAL:OK: EMERGENCY:1
[2026-05-18 20:51:16] SERIAL:OK: SPEED:70
[2026-05-18 20:51:16] SERIAL:OK: SPEED:69
[2026-05-18 20:51:16] SERIAL:OK: SPEED:68
[2026-05-18 20:51:16] SERIAL:OK: SPEED:67
[2026-05-18 20:51:16] SERIAL:OK: LEFT:0
[2026-05-18 20:51:16] SERIAL:OK: RIGHT:0
[2026-05-18 20:51:16] SERIAL:OK: EMERGENCY:0
[2026-05-18 20:51:16] SERIAL:OK: SPEED:66
[2026-05-18 20:51:16] SERIAL:OK: SPEED:65
[2026-05-18 20:51:17] SERIAL:OK: SPEED:64
[2026-05-18 20:51:17] SERIAL:OK: SPEED:63
[2026-05-18 20:51:17] SERIAL:OK: LEFT:1
[2026-05-18 20:51:17] SERIAL:OK: RIGHT:1
[2026-05-18 20:51:17] SERIAL:OK: EMERGENCY:1
[2026-05-18 20:51:17] SERIAL:OK: SPEED:62
[2026-05-18 20:51:17] SERIAL:OK: SPEED:61
[2026-05-18 20:51:17] SERIAL:OK: SPEED:60
[2026-05-18 20:51:17] SERIAL:OK: LEFT:0
[2026-05-18 20:51:17] SERIAL:OK: RIGHT:0
[2026-05-18 20:51:17] SERIAL:OK: EMERGENCY:0
[2026-05-18 20:51:17] SERIAL:OK: SPEED:59
[2026-05-18 20:51:17] SERIAL:OK: SPEED:58
[2026-05-18 20:51:17] SERIAL:OK: SPEED:57
[2026-05-18 20:51:17] SERIAL:OK: LEFT:1
[2026-05-18 20:51:17] SERIAL:OK: RIGHT:1
[2026-05-18 20:51:17] SERIAL:OK: EMERGENCY:1
[2026-05-18 20:51:17] SERIAL:OK: SPEED:56
[2026-05-18 20:51:17] SERIAL:OK: SPEED:55
[2026-05-18 20:51:18] SERIAL:OK: SPEED:54
[2026-05-18 20:51:18] SERIAL:OK: SPEED:53
[2026-05-18 20:51:18] SERIAL:OK: LEFT:0
[2026-05-18 20:51:18] SERIAL:OK: RIGHT:0
[2026-05-18 20:51:18] SERIAL:OK: EMERGENCY:0
[2026-05-18 20:51:18] SERIAL:OK: SPEED:52
[2026-05-18 20:51:18] SERIAL:OK: SPEED:51
[2026-05-18 20:51:18] SERIAL:OK: SPEED:50
[2026-05-18 20:51:18] SERIAL:OK: SPEED:49
[2026-05-18 20:51:18] SERIAL:OK: LEFT:1
[2026-05-18 20:51:18] SERIAL:OK: RIGHT:1
[2026-05-18 20:51:18] SERIAL:OK: EMERGENCY:1
[2026-05-18 20:51:18] SERIAL:OK: SPEED:48
[2026-05-18 20:51:18] SERIAL:OK: SPEED:47
[2026-05-18 20:51:18] SERIAL:OK: SPEED:46
[2026-05-18 20:51:18] SERIAL:OK: LEFT:0
[2026-05-18 20:51:18] SERIAL:OK: RIGHT:0
[2026-05-18 20:51:18] SERIAL:OK: EMERGENCY:0
[2026-05-18 20:51:18] SERIAL:OK: SPEED:45
[2026-05-18 20:51:19] SERIAL:OK: SPEED:44
[2026-05-18 20:51:19] SERIAL:OK: SPEED:43
[2026-05-18 20:51:19] SERIAL:OK: LEFT:1
[2026-05-18 20:51:19] SERIAL:OK: RIGHT:1
[2026-05-18 20:51:19] SERIAL:OK: EMERGENCY:1
[2026-05-18 20:51:19] SERIAL:OK: SPEED:42
[2026-05-18 20:51:19] SERIAL:OK: SPEED:41
[2026-05-18 20:51:19] SERIAL:OK: SPEED:40
[2026-05-18 20:51:19] SERIAL:OK: SPEED:0
[2026-05-18 20:51:19] SERIAL:OK: LEFT:0
[2026-05-18 20:51:19] SERIAL:OK: RIGHT:0
[2026-05-18 20:51:19] SERIAL:OK: EMERGENCY:0
[2026-05-18 20:51:19] SERIAL:OK: BRAKE:0
[2026-05-18 20:51:19] SERIAL:OK: ALARM:0
[2026-05-18 20:51:19] SERIAL:OK: LEFT:0
[2026-05-18 20:51:19] SERIAL:OK: RIGHT:0
[2026-05-18 20:51:19] SERIAL:OK: EMERGENCY:0
[2026-05-18 20:51:19] SERIAL:OK: BRAKE:1
[2026-05-18 20:51:22] SERIAL:INFO: servo detached (idle)
[2026-05-18 20:54:58] SERIAL:OK: SPEED:100
[2026-05-18 20:54:58] SERIAL:OK: BRAKE:0
[2026-05-18 20:55:34] Arduino відключено: GetOverlappedResult failed (PermissionError(13, 'Access is denied.', None, 5))
[2026-05-18 20:55:34] Спроба перепідключення Arduino (1)...
[2026-05-18 20:55:34] Arduino не знайдено
[2026-05-18 20:55:35] Спроба перепідключення Arduino (2)...
[2026-05-18 20:55:36] Спроба перепідключення Arduino (3)...
[2026-05-18 20:55:37] Обличчя зникло
[2026-05-18 20:55:38] Автоповоротник ВЛІВО
[2026-05-18 20:55:38] Arduino підключено: COM12
[2026-05-18 20:55:38] Arduino відключено: ClearCommError failed (PermissionError(13, 'Access is denied.', None, 5))
[2026-05-18 20:55:38] Спроба перепідключення Arduino (1)...
[2026-05-18 20:55:39] Спроба перепідключення Arduino (2)...
[2026-05-18 20:55:40] Спроба перепідключення Arduino (3)...
[2026-05-18 20:55:41] Спроба перепідключення Arduino (4)...
[2026-05-18 20:55:41] Автоповоротники вимкнено
[2026-05-18 20:55:42] Спроба перепідключення Arduino (5)...
[2026-05-18 20:55:43] Спроба перепідключення Arduino (6)...
[2026-05-18 20:55:44] Спроба перепідключення Arduino (7)...
[2026-05-18 20:55:45] Спроба перепідключення Arduino (8)...
[2026-05-18 20:55:46] Спроба перепідключення Arduino (9)...
[2026-05-18 20:55:47] Спроба перепідключення Arduino (10)...
[2026-05-18 20:55:48] Спроба перепідключення Arduino (11)...
[2026-05-18 20:55:49] Спроба перепідключення Arduino (12)...
[2026-05-18 20:55:49] Arduino не знайдено
[2026-05-18 20:55:50] Спроба перепідключення Arduino (13)...
[2026-05-18 20:55:51] Спроба перепідключення Arduino (14)...
[2026-05-18 20:55:52] Спроба перепідключення Arduino (15)...
[2026-05-18 20:55:53] Спроба перепідключення Arduino (16)...
[2026-05-18 20:55:54] Спроба перепідключення Arduino (17)...
[2026-05-18 20:55:55] Спроба перепідключення Arduino (18)...
[2026-05-18 20:55:56] Спроба перепідключення Arduino (19)...
[2026-05-18 20:55:57] Спроба перепідключення Arduino (20)...
[2026-05-18 20:55:58] Спроба перепідключення Arduino (21)...
[2026-05-18 20:55:59] Спроба перепідключення Arduino (22)...
[2026-05-18 20:56:00] Спроба перепідключення Arduino (23)...
[2026-05-18 20:56:01] Спроба перепідключення Arduino (24)...
[2026-05-18 20:56:02] Спроба перепідключення Arduino (25)...
[2026-05-18 20:56:03] Спроба перепідключення Arduino (26)...
[2026-05-18 20:56:04] Спроба перепідключення Arduino (27)...
[2026-05-18 20:56:04] Arduino не знайдено
[2026-05-18 20:56:05] Спроба перепідключення Arduino (28)...
[2026-05-18 20:56:06] Спроба перепідключення Arduino (29)...
[2026-05-18 20:56:07] Спроба перепідключення Arduino (30)...
[2026-05-18 20:56:08] Спроба перепідключення Arduino (31)...
[2026-05-18 20:56:09] Спроба перепідключення Arduino (32)...
[2026-05-18 20:56:10] Спроба перепідключення Arduino (33)...
[2026-05-18 20:56:11] Спроба перепідключення Arduino (34)...
[2026-05-18 20:56:12] Спроба перепідключення Arduino (35)...
[2026-05-18 20:56:13] Спроба перепідключення Arduino (36)...
[2026-05-18 20:56:14] Спроба перепідключення Arduino (37)...
[2026-05-18 20:56:15] Спроба перепідключення Arduino (38)...
[2026-05-18 20:56:16] Спроба перепідключення Arduino (39)...
[2026-05-18 20:56:18] Спроба перепідключення Arduino (40)...
[2026-05-18 20:56:19] Спроба перепідключення Arduino (41)...
[2026-05-18 20:56:20] Спроба перепідключення Arduino (42)...
[2026-05-18 20:56:20] Arduino не знайдено
[2026-05-18 20:56:21] Спроба перепідключення Arduino (43)...
[2026-05-18 20:56:22] Спроба перепідключення Arduino (44)...
[2026-05-18 20:56:23] Спроба перепідключення Arduino (45)...
[2026-05-18 20:56:24] Спроба перепідключення Arduino (46)...
[2026-05-18 20:56:25] Спроба перепідключення Arduino (47)...
[2026-05-18 20:56:26] Спроба перепідключення Arduino (48)...
[2026-05-18 20:56:27] Спроба перепідключення Arduino (49)...
[2026-05-18 20:56:28] Спроба перепідключення Arduino (50)...
[2026-05-18 20:56:29] Спроба перепідключення Arduino (51)...
[2026-05-18 20:56:30] Спроба перепідключення Arduino (52)...
[2026-05-18 20:56:31] Спроба перепідключення Arduino (53)...
[2026-05-18 20:56:32] Спроба перепідключення Arduino (54)...
[2026-05-18 20:56:33] Спроба перепідключення Arduino (55)...
[2026-05-18 20:56:34] Спроба перепідключення Arduino (56)...
[2026-05-18 20:56:35] Спроба перепідключення Arduino (57)...
[2026-05-18 20:56:35] Arduino не знайдено
[2026-05-18 20:56:36] Спроба перепідключення Arduino (58)...
[2026-05-18 20:56:37] Спроба перепідключення Arduino (59)...
[2026-05-18 20:56:38] Спроба перепідключення Arduino (60)...
[2026-05-18 20:56:39] Спроба перепідключення Arduino (61)...
[2026-05-18 20:56:40] Спроба перепідключення Arduino (62)...
[2026-05-18 20:56:41] Спроба перепідключення Arduino (63)...
[2026-05-18 20:56:42] Спроба перепідключення Arduino (64)...
[2026-05-18 20:56:43] Спроба перепідключення Arduino (65)...
[2026-05-18 20:56:44] Спроба перепідключення Arduino (66)...
[2026-05-18 20:56:45] Спроба перепідключення Arduino (67)...
[2026-05-18 20:56:46] Спроба перепідключення Arduino (68)...
[2026-05-18 20:56:47] Спроба перепідключення Arduino (69)...
[2026-05-18 20:56:48] Спроба перепідключення Arduino (70)...
[2026-05-18 20:56:49] Спроба перепідключення Arduino (71)...
[2026-05-18 20:56:50] Спроба перепідключення Arduino (72)...
[2026-05-18 20:56:50] Arduino не знайдено
[2026-05-18 20:56:51] Спроба перепідключення Arduino (73)...
[2026-05-18 20:56:52] Спроба перепідключення Arduino (74)...
[2026-05-18 20:56:53] Спроба перепідключення Arduino (75)...
[2026-05-18 20:56:54] Спроба перепідключення Arduino (76)...
[2026-05-18 20:56:55] Спроба перепідключення Arduino (77)...
[2026-05-18 20:56:56] Спроба перепідключення Arduino (78)...
[2026-05-18 20:56:57] Спроба перепідключення Arduino (79)...
[2026-05-18 20:56:58] Спроба перепідключення Arduino (80)...
[2026-05-18 20:56:59] Спроба перепідключення Arduino (81)...
[2026-05-18 20:57:00] Спроба перепідключення Arduino (82)...
[2026-05-18 20:57:01] Спроба перепідключення Arduino (83)...
[2026-05-18 20:57:02] Спроба перепідключення Arduino (84)...
[2026-05-18 20:57:03] Спроба перепідключення Arduino (85)...
[2026-05-18 20:57:04] Спроба перепідключення Arduino (86)...
[2026-05-18 20:57:05] Спроба перепідключення Arduino (87)...
[2026-05-18 20:57:05] Arduino не знайдено
[2026-05-18 20:57:06] Спроба перепідключення Arduino (88)...
[2026-05-18 20:57:07] Спроба перепідключення Arduino (89)...
[2026-05-18 20:57:08] Спроба перепідключення Arduino (90)...
[2026-05-18 20:57:09] Спроба перепідключення Arduino (91)...
[2026-05-18 20:57:10] Спроба перепідключення Arduino (92)...
[2026-05-18 20:57:11] Спроба перепідключення Arduino (93)...
[2026-05-18 20:57:12] Спроба перепідключення Arduino (94)...
[2026-05-18 20:57:13] Спроба перепідключення Arduino (95)...
[2026-05-18 20:57:14] Спроба перепідключення Arduino (96)...
[2026-05-18 20:57:15] Спроба перепідключення Arduino (97)...
[2026-05-18 20:57:16] Спроба перепідключення Arduino (98)...
[2026-05-18 20:57:17] Спроба перепідключення Arduino (99)...
[2026-05-18 20:57:18] Спроба перепідключення Arduino (100)...
[2026-05-18 20:57:19] Спроба перепідключення Arduino (101)...
[2026-05-18 20:57:20] Спроба перепідключення Arduino (102)...
[2026-05-18 20:57:20] Arduino не знайдено
[2026-05-18 20:57:21] Спроба перепідключення Arduino (103)...
[2026-05-18 20:57:22] Аварійку вимкнено жестом peace
[2026-05-18 20:57:22] Спроба перепідключення Arduino (104)...
[2026-05-18 20:57:23] Спроба перепідключення Arduino (105)...
[2026-05-18 20:57:24] Спроба перепідключення Arduino (106)...
[2026-05-18 20:57:25] Спроба перепідключення Arduino (107)...
[2026-05-18 20:57:26] Спроба перепідключення Arduino (108)...
[2026-05-18 20:57:27] Спроба перепідключення Arduino (109)...
[2026-05-18 20:57:28] Спроба перепідключення Arduino (110)...
[2026-05-18 20:57:29] Спроба перепідключення Arduino (111)...
[2026-05-18 20:57:30] Спроба перепідключення Arduino (112)...
[2026-05-18 20:57:31] Спроба перепідключення Arduino (113)...
[2026-05-18 20:57:32] Спроба перепідключення Arduino (114)...
[2026-05-18 20:57:33] Спроба перепідключення Arduino (115)...
[2026-05-18 20:57:34] Спроба перепідключення Arduino (116)...
[2026-05-18 20:57:35] Спроба перепідключення Arduino (117)...
[2026-05-18 20:57:35] Arduino не знайдено
[2026-05-18 20:57:36] Спроба перепідключення Arduino (118)...
[2026-05-18 20:57:37] Спроба перепідключення Arduino (119)...
[2026-05-18 20:57:38] Спроба перепідключення Arduino (120)...
[2026-05-18 20:57:39] Спроба перепідключення Arduino (121)...
[2026-05-18 20:57:40] Спроба перепідключення Arduino (122)...
[2026-05-18 20:57:41] Спроба перепідключення Arduino (123)...
[2026-05-18 20:57:42] Спроба перепідключення Arduino (124)...
[2026-05-18 20:57:43] Спроба перепідключення Arduino (125)...
[2026-05-18 20:57:44] Спроба перепідключення Arduino (126)...
[2026-05-18 20:57:45] Спроба перепідключення Arduino (127)...
[2026-05-18 20:57:46] Спроба перепідключення Arduino (128)...
[2026-05-18 20:57:47] Спроба перепідключення Arduino (129)...
[2026-05-18 20:57:48] Спроба перепідключення Arduino (130)...
[2026-05-18 20:57:49] Спроба перепідключення Arduino (131)...
[2026-05-18 20:57:50] Спроба перепідключення Arduino (132)...
[2026-05-18 20:57:50] Arduino не знайдено
[2026-05-18 20:57:51] Спроба перепідключення Arduino (133)...
[2026-05-18 20:57:53] Спроба перепідключення Arduino (134)...
[2026-05-18 20:57:54] Спроба перепідключення Arduino (135)...
[2026-05-18 20:57:55] Спроба перепідключення Arduino (136)...
[2026-05-18 20:57:56] Спроба перепідключення Arduino (137)...
[2026-05-18 20:57:57] Спроба перепідключення Arduino (138)...
[2026-05-18 20:57:58] Спроба перепідключення Arduino (139)...
[2026-05-18 20:57:59] Спроба перепідключення Arduino (140)...
[2026-05-18 20:58:00] Спроба перепідключення Arduino (141)...
[2026-05-18 20:58:01] Спроба перепідключення Arduino (142)...
[2026-05-18 20:58:02] Спроба перепідключення Arduino (143)...
[2026-05-18 20:58:03] Спроба перепідключення Arduino (144)...
[2026-05-18 20:58:04] Спроба перепідключення Arduino (145)...
[2026-05-18 20:58:05] Спроба перепідключення Arduino (146)...
[2026-05-18 20:58:06] Спроба перепідключення Arduino (147)...
[2026-05-18 20:58:06] Arduino не знайдено
[2026-05-18 20:58:07] Спроба перепідключення Arduino (148)...
[2026-05-18 20:58:08] Спроба перепідключення Arduino (149)...
[2026-05-18 20:58:09] Спроба перепідключення Arduino (150)...
[2026-05-18 20:58:10] Спроба перепідключення Arduino (151)...
[2026-05-18 20:58:11] Спроба перепідключення Arduino (152)...
[2026-05-18 20:58:12] Спроба перепідключення Arduino (153)...
[2026-05-18 20:58:13] Спроба перепідключення Arduino (154)...
[2026-05-18 20:58:14] Спроба перепідключення Arduino (155)...
[2026-05-18 20:58:15] Спроба перепідключення Arduino (156)...
[2026-05-18 20:58:16] Спроба перепідключення Arduino (157)...
[2026-05-18 20:58:17] Спроба перепідключення Arduino (158)...
[2026-05-18 20:58:18] Спроба перепідключення Arduino (159)...
[2026-05-18 20:58:19] Спроба перепідключення Arduino (160)...
[2026-05-18 20:58:20] Спроба перепідключення Arduino (161)...
[2026-05-18 20:58:21] Спроба перепідключення Arduino (162)...
[2026-05-18 20:58:21] Arduino не знайдено
[2026-05-18 20:58:22] Спроба перепідключення Arduino (163)...
[2026-05-18 20:58:23] Спроба перепідключення Arduino (164)...
[2026-05-18 20:58:24] Спроба перепідключення Arduino (165)...
[2026-05-18 20:58:25] Спроба перепідключення Arduino (166)...
[2026-05-18 20:58:26] Спроба перепідключення Arduino (167)...
[2026-05-18 20:58:27] Спроба перепідключення Arduino (168)...
[2026-05-18 20:58:28] Спроба перепідключення Arduino (169)...
[2026-05-18 20:58:29] Спроба перепідключення Arduino (170)...
[2026-05-18 20:58:30] Спроба перепідключення Arduino (171)...
[2026-05-18 20:58:31] Спроба перепідключення Arduino (172)...
[2026-05-18 20:58:32] Спроба перепідключення Arduino (173)...
[2026-05-18 20:58:33] Спроба перепідключення Arduino (174)...
[2026-05-18 20:58:34] Спроба перепідключення Arduino (175)...
[2026-05-18 20:58:35] Спроба перепідключення Arduino (176)...
[2026-05-18 20:58:36] Спроба перепідключення Arduino (177)...
[2026-05-18 20:58:36] Arduino не знайдено
[2026-05-18 20:58:37] Спроба перепідключення Arduino (178)...
[2026-05-18 20:58:38] Спроба перепідключення Arduino (179)...
[2026-05-18 20:58:39] Спроба перепідключення Arduino (180)...
[2026-05-18 20:58:40] Спроба перепідключення Arduino (181)...
[2026-05-18 20:58:41] Спроба перепідключення Arduino (182)...
[2026-05-18 20:58:42] Спроба перепідключення Arduino (183)...
[2026-05-18 20:58:43] Спроба перепідключення Arduino (184)...
[2026-05-18 20:58:44] Спроба перепідключення Arduino (185)...
[2026-05-18 20:58:45] Спроба перепідключення Arduino (186)...
[2026-05-18 20:58:46] Спроба перепідключення Arduino (187)...
[2026-05-18 20:58:47] Спроба перепідключення Arduino (188)...
[2026-05-18 20:58:48] Спроба перепідключення Arduino (189)...
[2026-05-18 20:58:49] Спроба перепідключення Arduino (190)...
[2026-05-18 20:58:50] Спроба перепідключення Arduino (191)...
[2026-05-18 20:58:51] Спроба перепідключення Arduino (192)...
[2026-05-18 20:58:51] Arduino не знайдено
[2026-05-18 20:58:52] Спроба перепідключення Arduino (193)...
[2026-05-18 20:58:53] Спроба перепідключення Arduino (194)...
[2026-05-18 20:58:54] Спроба перепідключення Arduino (195)...
[2026-05-18 20:58:55] Спроба перепідключення Arduino (196)...
[2026-05-18 20:58:56] Спроба перепідключення Arduino (197)...
[2026-05-18 20:58:57] Спроба перепідключення Arduino (198)...
[2026-05-18 20:58:58] Спроба перепідключення Arduino (199)...
[2026-05-18 20:58:59] Спроба перепідключення Arduino (200)...
[2026-05-18 20:59:00] Спроба перепідключення Arduino (201)...
[2026-05-18 20:59:01] Спроба перепідключення Arduino (202)...
[2026-05-18 20:59:02] Спроба перепідключення Arduino (203)...
[2026-05-18 20:59:03] Спроба перепідключення Arduino (204)...
[2026-05-18 20:59:04] Спроба перепідключення Arduino (205)...
[2026-05-18 20:59:05] Спроба перепідключення Arduino (206)...
[2026-05-18 20:59:06] Спроба перепідключення Arduino (207)...
[2026-05-18 20:59:06] Arduino не знайдено
[2026-05-18 20:59:07] Спроба перепідключення Arduino (208)...
[2026-05-18 20:59:09] Спроба перепідключення Arduino (209)...
[2026-05-18 20:59:10] Спроба перепідключення Arduino (210)...
[2026-05-18 20:59:11] Спроба перепідключення Arduino (211)...
[2026-05-18 20:59:12] Спроба перепідключення Arduino (212)...
[2026-05-18 20:59:13] Спроба перепідключення Arduino (213)...
[2026-05-18 20:59:14] Спроба перепідключення Arduino (214)...
[2026-05-18 20:59:15] Спроба перепідключення Arduino (215)...
[2026-05-18 20:59:16] Спроба перепідключення Arduino (216)...
[2026-05-18 20:59:17] Спроба перепідключення Arduino (217)...
[2026-05-18 20:59:18] Спроба перепідключення Arduino (218)...
[2026-05-18 20:59:19] Спроба перепідключення Arduino (219)...
[2026-05-18 20:59:20] Спроба перепідключення Arduino (220)...
[2026-05-18 20:59:21] Спроба перепідключення Arduino (221)...
[2026-05-18 20:59:22] Спроба перепідключення Arduino (222)...
[2026-05-18 20:59:22] Arduino не знайдено
[2026-05-18 20:59:23] Спроба перепідключення Arduino (223)...
[2026-05-18 20:59:24] Спроба перепідключення Arduino (224)...
[2026-05-18 20:59:25] Спроба перепідключення Arduino (225)...
[2026-05-18 20:59:26] Спроба перепідключення Arduino (226)...
[2026-05-18 20:59:27] Спроба перепідключення Arduino (227)...
[2026-05-18 20:59:28] Спроба перепідключення Arduino (228)...
[2026-05-18 20:59:29] Спроба перепідключення Arduino (229)...
[2026-05-18 20:59:30] Спроба перепідключення Arduino (230)...
[2026-05-18 20:59:31] Спроба перепідключення Arduino (231)...
[2026-05-18 20:59:32] Спроба перепідключення Arduino (232)...
[2026-05-18 20:59:33] Спроба перепідключення Arduino (233)...
[2026-05-18 20:59:34] Спроба перепідключення Arduino (234)...
[2026-05-18 20:59:35] Спроба перепідключення Arduino (235)...
[2026-05-18 20:59:36] Спроба перепідключення Arduino (236)...
[2026-05-18 20:59:37] Спроба перепідключення Arduino (237)...
[2026-05-18 20:59:37] Arduino не знайдено
[2026-05-18 20:59:38] Спроба перепідключення Arduino (238)...
[2026-05-18 20:59:39] Спроба перепідключення Arduino (239)...
[2026-05-18 20:59:40] Спроба перепідключення Arduino (240)...
[2026-05-18 20:59:41] Спроба перепідключення Arduino (241)...
[2026-05-18 20:59:42] Спроба перепідключення Arduino (242)...
[2026-05-18 20:59:43] Спроба перепідключення Arduino (243)...
[2026-05-18 20:59:44] Спроба перепідключення Arduino (244)...
[2026-05-18 20:59:45] Спроба перепідключення Arduino (245)...
[2026-05-18 20:59:46] Спроба перепідключення Arduino (246)...
[2026-05-18 20:59:47] Спроба перепідключення Arduino (247)...
[2026-05-18 20:59:48] Спроба перепідключення Arduino (248)...
[2026-05-18 20:59:49] Спроба перепідключення Arduino (249)...
[2026-05-18 20:59:50] Спроба перепідключення Arduino (250)...
[2026-05-18 20:59:51] Спроба перепідключення Arduino (251)...
[2026-05-18 20:59:52] Спроба перепідключення Arduino (252)...
[2026-05-18 20:59:52] Arduino не знайдено
[2026-05-18 20:59:53] Спроба перепідключення Arduino (253)...
[2026-05-18 20:59:54] Спроба перепідключення Arduino (254)...
[2026-05-18 20:59:55] Спроба перепідключення Arduino (255)...
[2026-05-18 20:59:56] Спроба перепідключення Arduino (256)...
[2026-05-18 20:59:57] Спроба перепідключення Arduino (257)...
[2026-05-18 20:59:58] Спроба перепідключення Arduino (258)...
[2026-05-18 20:59:59] Спроба перепідключення Arduino (259)...
[2026-05-18 21:00:00] Спроба перепідключення Arduino (260)...
[2026-05-18 21:00:01] Спроба перепідключення Arduino (261)...
[2026-05-18 21:00:02] Спроба перепідключення Arduino (262)...
[2026-05-18 21:00:03] Спроба перепідключення Arduino (263)...
[2026-05-18 21:00:04] Спроба перепідключення Arduino (264)...
[2026-05-18 21:00:05] Спроба перепідключення Arduino (265)...
[2026-05-18 21:00:06] Спроба перепідключення Arduino (266)...
[2026-05-18 21:00:07] Спроба перепідключення Arduino (267)...
[2026-05-18 21:00:07] Arduino не знайдено
[2026-05-18 21:00:08] Спроба перепідключення Arduino (268)...
[2026-05-18 21:00:09] Спроба перепідключення Arduino (269)...
[2026-05-18 21:00:10] Спроба перепідключення Arduino (270)...
[2026-05-18 21:00:11] Спроба перепідключення Arduino (271)...
[2026-05-18 21:00:12] Спроба перепідключення Arduino (272)...
[2026-05-18 21:00:13] Спроба перепідключення Arduino (273)...
[2026-05-18 21:00:14] Спроба перепідключення Arduino (274)...
[2026-05-18 21:00:15] Спроба перепідключення Arduino (275)...
[2026-05-18 21:00:16] Спроба перепідключення Arduino (276)...
[2026-05-18 21:00:17] Спроба перепідключення Arduino (277)...
[2026-05-18 21:00:18] Спроба перепідключення Arduino (278)...
[2026-05-18 21:00:19] Спроба перепідключення Arduino (279)...
[2026-05-18 21:00:20] Спроба перепідключення Arduino (280)...
[2026-05-18 21:00:21] Спроба перепідключення Arduino (281)...
[2026-05-18 21:00:22] Спроба перепідключення Arduino (282)...
[2026-05-18 21:00:22] Arduino не знайдено
[2026-05-18 21:00:23] Спроба перепідключення Arduino (283)...
[2026-05-18 21:00:25] Спроба перепідключення Arduino (284)...
[2026-05-18 21:00:26] Спроба перепідключення Arduino (285)...
[2026-05-18 21:00:27] Спроба перепідключення Arduino (286)...
[2026-05-18 21:00:28] Спроба перепідключення Arduino (287)...
[2026-05-18 21:00:29] Спроба перепідключення Arduino (288)...
[2026-05-18 21:00:30] Спроба перепідключення Arduino (289)...
[2026-05-18 21:00:31] Спроба перепідключення Arduino (290)...
[2026-05-18 21:00:32] Спроба перепідключення Arduino (291)...
[2026-05-18 21:00:33] Спроба перепідключення Arduino (292)...
[2026-05-18 21:00:34] Спроба перепідключення Arduino (293)...
[2026-05-18 21:00:35] Спроба перепідключення Arduino (294)...
[2026-05-18 21:00:36] Спроба перепідключення Arduino (295)...
[2026-05-18 21:00:37] Спроба перепідключення Arduino (296)...
[2026-05-18 21:00:38] Спроба перепідключення Arduino (297)...
[2026-05-18 21:00:38] Arduino не знайдено
[2026-05-18 21:00:39] Спроба перепідключення Arduino (298)...
[2026-05-18 21:00:40] Спроба перепідключення Arduino (299)...
[2026-05-18 21:00:41] Спроба перепідключення Arduino (300)...
[2026-05-18 21:00:42] Спроба перепідключення Arduino (301)...
[2026-05-18 21:00:43] Спроба перепідключення Arduino (302)...
[2026-05-18 21:00:44] Спроба перепідключення Arduino (303)...
[2026-05-18 21:00:45] Спроба перепідключення Arduino (304)...
[2026-05-18 21:00:46] Спроба перепідключення Arduino (305)...
[2026-05-18 21:00:47] Спроба перепідключення Arduino (306)...
[2026-05-18 21:00:48] Спроба перепідключення Arduino (307)...
[2026-05-18 21:00:49] Спроба перепідключення Arduino (308)...
[2026-05-18 21:00:50] Спроба перепідключення Arduino (309)...
[2026-05-18 21:00:51] Спроба перепідключення Arduino (310)...
[2026-05-18 21:00:52] Спроба перепідключення Arduino (311)...
[2026-05-18 21:00:53] Спроба перепідключення Arduino (312)...
[2026-05-18 21:00:53] Arduino не знайдено
[2026-05-18 21:00:54] Спроба перепідключення Arduino (313)...
[2026-05-18 21:00:55] Спроба перепідключення Arduino (314)...
[2026-05-18 21:00:56] Спроба перепідключення Arduino (315)...
[2026-05-18 21:00:57] Спроба перепідключення Arduino (316)...
[2026-05-18 21:00:58] Спроба перепідключення Arduino (317)...
[2026-05-18 21:00:59] Спроба перепідключення Arduino (318)...
[2026-05-18 21:01:00] Спроба перепідключення Arduino (319)...
[2026-05-18 21:01:01] Спроба перепідключення Arduino (320)...
[2026-05-18 21:01:02] Спроба перепідключення Arduino (321)...
[2026-05-18 21:01:03] Спроба перепідключення Arduino (322)...
[2026-05-18 21:01:04] Спроба перепідключення Arduino (323)...
[2026-05-18 21:01:05] Спроба перепідключення Arduino (324)...
[2026-05-18 21:01:06] Спроба перепідключення Arduino (325)...
[2026-05-18 21:01:07] Спроба перепідключення Arduino (326)...
[2026-05-18 21:01:08] Спроба перепідключення Arduino (327)...
[2026-05-18 21:01:08] Arduino не знайдено
[2026-05-18 21:01:09] Спроба перепідключення Arduino (328)...
[2026-05-18 21:01:10] Спроба перепідключення Arduino (329)...
[2026-05-18 21:01:11] Спроба перепідключення Arduino (330)...
[2026-05-18 21:01:12] Спроба перепідключення Arduino (331)...
[2026-05-18 21:01:13] Спроба перепідключення Arduino (332)...
[2026-05-18 21:01:14] Спроба перепідключення Arduino (333)...
[2026-05-18 21:01:15] Спроба перепідключення Arduino (334)...
[2026-05-18 21:01:16] Спроба перепідключення Arduino (335)...
[2026-05-18 21:01:17] Спроба перепідключення Arduino (336)...
[2026-05-18 21:01:18] Спроба перепідключення Arduino (337)...
[2026-05-18 21:01:19] Спроба перепідключення Arduino (338)...
[2026-05-18 21:01:20] Спроба перепідключення Arduino (339)...
[2026-05-18 21:01:21] Спроба перепідключення Arduino (340)...
[2026-05-18 21:01:22] Спроба перепідключення Arduino (341)...
[2026-05-18 21:01:23] Спроба перепідключення Arduino (342)...
[2026-05-18 21:01:23] Arduino не знайдено
[2026-05-18 21:01:24] Спроба перепідключення Arduino (343)...
[2026-05-18 21:01:25] Спроба перепідключення Arduino (344)...
[2026-05-18 21:01:26] Спроба перепідключення Arduino (345)...
[2026-05-18 21:01:27] Спроба перепідключення Arduino (346)...
[2026-05-18 21:01:28] Спроба перепідключення Arduino (347)...
[2026-05-18 21:01:29] Спроба перепідключення Arduino (348)...
[2026-05-18 21:01:30] Спроба перепідключення Arduino (349)...
[2026-05-18 21:01:31] Спроба перепідключення Arduino (350)...
[2026-05-18 21:01:32] Спроба перепідключення Arduino (351)...
[2026-05-18 21:01:33] Спроба перепідключення Arduino (352)...
[2026-05-18 21:01:34] Спроба перепідключення Arduino (353)...
[2026-05-18 21:01:35] Спроба перепідключення Arduino (354)...
[2026-05-18 21:01:36] Спроба перепідключення Arduino (355)...
[2026-05-18 21:01:37] Спроба перепідключення Arduino (356)...
[2026-05-18 21:01:38] Спроба перепідключення Arduino (357)...
[2026-05-18 21:01:38] Arduino не знайдено
[2026-05-18 21:01:39] Спроба перепідключення Arduino (358)...
[2026-05-18 21:01:40] Спроба перепідключення Arduino (359)...
[2026-05-18 21:01:41] Спроба перепідключення Arduino (360)...
[2026-05-18 21:01:42] Спроба перепідключення Arduino (361)...
[2026-05-18 21:01:43] Спроба перепідключення Arduino (362)...
[2026-05-18 21:01:44] Спроба перепідключення Arduino (363)...
[2026-05-18 21:01:45] Спроба перепідключення Arduino (364)...
[2026-05-18 21:01:46] Спроба перепідключення Arduino (365)...
[2026-05-18 21:01:47] Спроба перепідключення Arduino (366)...
[2026-05-18 21:01:48] Спроба перепідключення Arduino (367)...
[2026-05-18 21:01:50] Спроба перепідключення Arduino (368)...
[2026-05-18 21:01:51] Спроба перепідключення Arduino (369)...
[2026-05-18 21:01:52] Спроба перепідключення Arduino (370)...
[2026-05-18 21:01:53] Спроба перепідключення Arduino (371)...
[2026-05-18 21:01:54] Спроба перепідключення Arduino (372)...
[2026-05-18 21:01:54] Arduino не знайдено
[2026-05-18 21:01:55] Спроба перепідключення Arduino (373)...
[2026-05-18 21:01:56] Спроба перепідключення Arduino (374)...
[2026-05-18 21:01:57] Спроба перепідключення Arduino (375)...
[2026-05-18 21:01:58] Спроба перепідключення Arduino (376)...
[2026-05-18 21:01:59] Спроба перепідключення Arduino (377)...
[2026-05-18 21:02:00] Спроба перепідключення Arduino (378)...
[2026-05-18 21:02:01] Спроба перепідключення Arduino (379)...
[2026-05-18 21:02:02] Спроба перепідключення Arduino (380)...
[2026-05-18 21:02:03] Спроба перепідключення Arduino (381)...
[2026-05-18 21:02:04] Спроба перепідключення Arduino (382)...
[2026-05-18 21:02:05] Спроба перепідключення Arduino (383)...
[2026-05-18 21:02:06] Спроба перепідключення Arduino (384)...
[2026-05-18 21:02:07] Спроба перепідключення Arduino (385)...
[2026-05-18 21:02:08] Спроба перепідключення Arduino (386)...
[2026-05-18 21:02:09] Спроба перепідключення Arduino (387)...
[2026-05-18 21:02:09] Arduino не знайдено
[2026-05-18 21:02:10] Спроба перепідключення Arduino (388)...
[2026-05-18 21:02:11] Спроба перепідключення Arduino (389)...
[2026-05-18 21:02:12] Спроба перепідключення Arduino (390)...
[2026-05-18 21:02:13] Спроба перепідключення Arduino (391)...
[2026-05-18 21:02:14] Спроба перепідключення Arduino (392)...
[2026-05-18 21:02:15] Спроба перепідключення Arduino (393)...
[2026-05-18 21:02:16] Спроба перепідключення Arduino (394)...
[2026-05-18 21:02:17] Спроба перепідключення Arduino (395)...
[2026-05-18 21:02:18] Спроба перепідключення Arduino (396)...
[2026-05-18 21:02:19] Спроба перепідключення Arduino (397)...
[2026-05-18 21:02:20] Спроба перепідключення Arduino (398)...
[2026-05-18 21:02:21] Спроба перепідключення Arduino (399)...
[2026-05-18 21:02:22] Спроба перепідключення Arduino (400)...
[2026-05-18 21:02:23] Спроба перепідключення Arduino (401)...
[2026-05-18 21:02:24] Спроба перепідключення Arduino (402)...
[2026-05-18 21:02:24] Arduino не знайдено
[2026-05-18 21:02:25] Спроба перепідключення Arduino (403)...
[2026-05-18 21:02:26] Спроба перепідключення Arduino (404)...
[2026-05-18 21:02:27] Спроба перепідключення Arduino (405)...
[2026-05-18 21:02:28] Спроба перепідключення Arduino (406)...
[2026-05-18 21:02:29] Спроба перепідключення Arduino (407)...
[2026-05-18 21:02:30] Спроба перепідключення Arduino (408)...
[2026-05-18 21:02:31] Спроба перепідключення Arduino (409)...
[2026-05-18 21:02:32] Спроба перепідключення Arduino (410)...
[2026-05-18 21:02:33] Спроба перепідключення Arduino (411)...
[2026-05-18 21:02:34] Спроба перепідключення Arduino (412)...
[2026-05-18 21:02:35] Спроба перепідключення Arduino (413)...
[2026-05-18 21:02:36] Спроба перепідключення Arduino (414)...
[2026-05-18 21:02:37] Спроба перепідключення Arduino (415)...
[2026-05-18 21:02:38] Спроба перепідключення Arduino (416)...
[2026-05-18 21:02:39] Спроба перепідключення Arduino (417)...
[2026-05-18 21:02:39] Arduino не знайдено
[2026-05-18 21:02:40] Спроба перепідключення Arduino (418)...
[2026-05-18 21:02:41] Спроба перепідключення Arduino (419)...
[2026-05-18 21:02:42] Спроба перепідключення Arduino (420)...
[2026-05-18 21:02:43] Спроба перепідключення Arduino (421)...
[2026-05-18 21:02:44] Спроба перепідключення Arduino (422)...
[2026-05-18 21:02:45] Спроба перепідключення Arduino (423)...
[2026-05-18 21:02:46] Спроба перепідключення Arduino (424)...
[2026-05-18 21:02:47] Спроба перепідключення Arduino (425)...
[2026-05-18 21:02:48] Спроба перепідключення Arduino (426)...
[2026-05-18 21:02:49] Спроба перепідключення Arduino (427)...
[2026-05-18 21:02:50] Спроба перепідключення Arduino (428)...
[2026-05-18 21:02:51] Спроба перепідключення Arduino (429)...
[2026-05-18 21:02:52] Спроба перепідключення Arduino (430)...
[2026-05-18 21:02:53] Спроба перепідключення Arduino (431)...
[2026-05-18 21:02:54] Спроба перепідключення Arduino (432)...
[2026-05-18 21:02:54] Arduino не знайдено
[2026-05-18 21:02:55] Спроба перепідключення Arduino (433)...
[2026-05-18 21:02:56] Спроба перепідключення Arduino (434)...
[2026-05-18 21:02:57] Спроба перепідключення Arduino (435)...
[2026-05-18 21:02:58] Спроба перепідключення Arduino (436)...
[2026-05-18 21:02:59] Спроба перепідключення Arduino (437)...
[2026-05-18 21:03:00] Спроба перепідключення Arduino (438)...
[2026-05-18 21:03:01] Спроба перепідключення Arduino (439)...
[2026-05-18 21:03:02] Спроба перепідключення Arduino (440)...
[2026-05-18 21:03:03] Спроба перепідключення Arduino (441)...
[2026-05-18 21:03:04] Спроба перепідключення Arduino (442)...
[2026-05-18 21:03:05] Спроба перепідключення Arduino (443)...
[2026-05-18 21:03:07] Спроба перепідключення Arduino (444)...
[2026-05-18 21:03:08] Спроба перепідключення Arduino (445)...
[2026-05-18 21:03:09] Спроба перепідключення Arduino (446)...
[2026-05-18 21:03:10] Спроба перепідключення Arduino (447)...
[2026-05-18 21:03:10] Arduino не знайдено
[2026-05-18 21:03:11] Спроба перепідключення Arduino (448)...
[2026-05-18 21:03:12] Спроба перепідключення Arduino (449)...
[2026-05-18 21:03:13] Спроба перепідключення Arduino (450)...
[2026-05-18 21:03:14] Спроба перепідключення Arduino (451)...
[2026-05-18 21:03:15] Спроба перепідключення Arduino (452)...
[2026-05-18 21:03:16] Спроба перепідключення Arduino (453)...
[2026-05-18 21:03:17] Спроба перепідключення Arduino (454)...
[2026-05-18 21:03:18] Спроба перепідключення Arduino (455)...
[2026-05-18 21:03:19] Спроба перепідключення Arduino (456)...
[2026-05-18 21:03:20] Спроба перепідключення Arduino (457)...
[2026-05-18 21:03:21] Спроба перепідключення Arduino (458)...
[2026-05-18 21:03:22] Спроба перепідключення Arduino (459)...
[2026-05-18 21:03:23] Спроба перепідключення Arduino (460)...
[2026-05-18 21:03:24] Спроба перепідключення Arduino (461)...
[2026-05-18 21:03:25] Спроба перепідключення Arduino (462)...
[2026-05-18 21:03:25] Arduino не знайдено
[2026-05-18 21:03:26] Спроба перепідключення Arduino (463)...
[2026-05-18 21:03:27] Спроба перепідключення Arduino (464)...
[2026-05-18 21:03:28] Спроба перепідключення Arduino (465)...
[2026-05-18 21:03:29] Спроба перепідключення Arduino (466)...
[2026-05-18 21:03:30] Спроба перепідключення Arduino (467)...
[2026-05-18 21:03:31] Спроба перепідключення Arduino (468)...
[2026-05-18 21:03:32] Спроба перепідключення Arduino (469)...
[2026-05-18 21:03:33] Спроба перепідключення Arduino (470)...
[2026-05-18 21:03:34] Спроба перепідключення Arduino (471)...
[2026-05-18 21:03:35] Спроба перепідключення Arduino (472)...
[2026-05-18 21:03:36] Спроба перепідключення Arduino (473)...
[2026-05-18 21:03:37] Спроба перепідключення Arduino (474)...
[2026-05-18 21:03:38] Спроба перепідключення Arduino (475)...
[2026-05-18 21:03:39] Спроба перепідключення Arduino (476)...
[2026-05-18 21:03:40] Спроба перепідключення Arduino (477)...
[2026-05-18 21:03:40] Arduino не знайдено
[2026-05-18 21:03:41] Спроба перепідключення Arduino (478)...
[2026-05-18 21:03:42] Спроба перепідключення Arduino (479)...
[2026-05-18 21:03:43] Спроба перепідключення Arduino (480)...
[2026-05-18 21:03:44] Спроба перепідключення Arduino (481)...
[2026-05-18 21:03:45] Спроба перепідключення Arduino (482)...
[2026-05-18 21:03:46] Спроба перепідключення Arduino (483)...
[2026-05-18 21:03:47] Спроба перепідключення Arduino (484)...
[2026-05-18 21:03:48] Спроба перепідключення Arduino (485)...
[2026-05-18 21:03:49] Спроба перепідключення Arduino (486)...
[2026-05-18 21:03:50] Спроба перепідключення Arduino (487)...
[2026-05-18 21:03:51] Спроба перепідключення Arduino (488)...
[2026-05-18 21:03:52] Спроба перепідключення Arduino (489)...
[2026-05-18 21:03:53] Спроба перепідключення Arduino (490)...
[2026-05-18 21:03:54] Спроба перепідключення Arduino (491)...
[2026-05-18 21:03:55] Спроба перепідключення Arduino (492)...
[2026-05-18 21:03:55] Arduino не знайдено
[2026-05-18 21:03:56] Спроба перепідключення Arduino (493)...
[2026-05-18 21:03:57] Спроба перепідключення Arduino (494)...
[2026-05-18 21:03:58] Спроба перепідключення Arduino (495)...
[2026-05-18 21:03:59] Спроба перепідключення Arduino (496)...
[2026-05-18 21:04:00] Спроба перепідключення Arduino (497)...
[2026-05-18 21:04:01] Спроба перепідключення Arduino (498)...
[2026-05-18 21:04:02] Спроба перепідключення Arduino (499)...
[2026-05-18 21:04:03] Спроба перепідключення Arduino (500)...
[2026-05-18 21:04:04] Спроба перепідключення Arduino (501)...
[2026-05-18 21:04:05] Спроба перепідключення Arduino (502)...
[2026-05-18 21:04:06] Спроба перепідключення Arduino (503)...
[2026-05-18 21:04:07] Спроба перепідключення Arduino (504)...
[2026-05-18 21:04:08] Спроба перепідключення Arduino (505)...
[2026-05-18 21:04:09] Спроба перепідключення Arduino (506)...
[2026-05-18 21:04:10] Спроба перепідключення Arduino (507)...
[2026-05-18 21:04:10] Arduino не знайдено
[2026-05-18 21:04:11] НАХИЛ ГОЛОВИ вниз (52.5°)
[2026-05-18 21:04:11] Спроба перепідключення Arduino (508)...
[2026-05-18 21:04:12] Спроба перепідключення Arduino (509)...
[2026-05-18 21:04:13] Спроба перепідключення Arduino (510)...
[2026-05-18 21:04:14] Спроба перепідключення Arduino (511)...
[2026-05-18 21:04:15] Спроба перепідключення Arduino (512)...
[2026-05-18 21:04:15] Обличчя зникло
[2026-05-18 21:04:16] Спроба перепідключення Arduino (513)...
[2026-05-18 21:04:17] НАХИЛ ГОЛОВИ вниз (52.1°)
[2026-05-18 21:04:17] Спроба перепідключення Arduino (514)...
[2026-05-18 21:04:18] Спроба перепідключення Arduino (515)...
[2026-05-18 21:04:19] Спроба перепідключення Arduino (516)...
[2026-05-18 21:04:20] Спроба перепідключення Arduino (517)...
[2026-05-18 21:04:21] Спроба перепідключення Arduino (518)...
[2026-05-18 21:04:22] Спроба перепідключення Arduino (519)...
[2026-05-18 21:04:23] Спроба перепідключення Arduino (520)...
[2026-05-18 21:04:24] Спроба перепідключення Arduino (521)...
[2026-05-18 21:04:25] Спроба перепідключення Arduino (522)...
[2026-05-18 21:04:25] Arduino не знайдено
[2026-05-18 21:04:26] Спроба перепідключення Arduino (523)...
[2026-05-18 21:04:27] Спроба перепідключення Arduino (524)...
[2026-05-18 21:04:28] Спроба перепідключення Arduino (525)...
[2026-05-18 21:04:29] Спроба перепідключення Arduino (526)...
[2026-05-18 21:04:30] Спроба перепідключення Arduino (527)...
[2026-05-18 21:04:31] Спроба перепідключення Arduino (528)...
[2026-05-18 21:04:32] Спроба перепідключення Arduino (529)...
[2026-05-18 21:04:33] Спроба перепідключення Arduino (530)...
[2026-05-18 21:04:34] Спроба перепідключення Arduino (531)...
[2026-05-18 21:04:35] Спроба перепідключення Arduino (532)...
[2026-05-18 21:04:37] Спроба перепідключення Arduino (533)...
[2026-05-18 21:04:38] Спроба перепідключення Arduino (534)...
[2026-05-18 21:04:39] Спроба перепідключення Arduino (535)...
[2026-05-18 21:04:40] Спроба перепідключення Arduino (536)...
[2026-05-18 21:04:41] Спроба перепідключення Arduino (537)...
[2026-05-18 21:04:41] Arduino не знайдено
[2026-05-18 21:04:42] Спроба перепідключення Arduino (538)...
[2026-05-18 21:04:43] Спроба перепідключення Arduino (539)...
[2026-05-18 21:04:44] Спроба перепідключення Arduino (540)...
[2026-05-18 21:04:45] Спроба перепідключення Arduino (541)...
[2026-05-18 21:04:46] Спроба перепідключення Arduino (542)...
[2026-05-18 21:04:47] Спроба перепідключення Arduino (543)...
[2026-05-18 21:04:48] Спроба перепідключення Arduino (544)...
[2026-05-18 21:04:49] Спроба перепідключення Arduino (545)...
[2026-05-18 21:04:50] Спроба перепідключення Arduino (546)...
[2026-05-18 21:04:51] Спроба перепідключення Arduino (547)...
[2026-05-18 21:04:52] Спроба перепідключення Arduino (548)...
[2026-05-18 21:04:53] Спроба перепідключення Arduino (549)...
[2026-05-18 21:04:54] Спроба перепідключення Arduino (550)...
[2026-05-18 21:04:55] Спроба перепідключення Arduino (551)...
[2026-05-18 21:04:56] Спроба перепідключення Arduino (552)...
[2026-05-18 21:04:56] Arduino не знайдено
[2026-05-18 21:04:57] Спроба перепідключення Arduino (553)...
[2026-05-18 21:04:58] Спроба перепідключення Arduino (554)...
[2026-05-18 21:04:59] Спроба перепідключення Arduino (555)...
[2026-05-18 21:05:00] Спроба перепідключення Arduino (556)...
[2026-05-18 21:05:01] Спроба перепідключення Arduino (557)...
[2026-05-18 21:05:02] Спроба перепідключення Arduino (558)...
[2026-05-18 21:05:03] Спроба перепідключення Arduino (559)...
[2026-05-18 21:05:04] Спроба перепідключення Arduino (560)...
[2026-05-18 21:05:05] Спроба перепідключення Arduino (561)...
[2026-05-18 21:05:06] Спроба перепідключення Arduino (562)...
[2026-05-18 21:05:07] Спроба перепідключення Arduino (563)...
[2026-05-18 21:05:08] Спроба перепідключення Arduino (564)...
[2026-05-18 21:05:09] Спроба перепідключення Arduino (565)...
[2026-05-18 21:05:10] Спроба перепідключення Arduino (566)...
[2026-05-18 21:05:11] Спроба перепідключення Arduino (567)...
[2026-05-18 21:05:11] Arduino не знайдено
[2026-05-18 21:05:12] Спроба перепідключення Arduino (568)...
[2026-05-18 21:05:13] Спроба перепідключення Arduino (569)...
[2026-05-18 21:05:14] Спроба перепідключення Arduino (570)...
[2026-05-18 21:05:15] Спроба перепідключення Arduino (571)...
[2026-05-18 21:05:16] Спроба перепідключення Arduino (572)...
[2026-05-18 21:05:17] Спроба перепідключення Arduino (573)...
[2026-05-18 21:05:18] Спроба перепідключення Arduino (574)...
[2026-05-18 21:05:19] Спроба перепідключення Arduino (575)...
[2026-05-18 21:05:20] Спроба перепідключення Arduino (576)...
[2026-05-18 21:05:21] Спроба перепідключення Arduino (577)...
[2026-05-18 21:05:22] Спроба перепідключення Arduino (578)...
[2026-05-18 21:05:23] Спроба перепідключення Arduino (579)...
[2026-05-18 21:05:24] Спроба перепідключення Arduino (580)...
[2026-05-18 21:05:25] Спроба перепідключення Arduino (581)...
[2026-05-18 21:05:26] Спроба перепідключення Arduino (582)...
[2026-05-18 21:05:26] Arduino не знайдено
[2026-05-18 21:05:27] Спроба перепідключення Arduino (583)...
[2026-05-18 21:05:28] Спроба перепідключення Arduino (584)...
[2026-05-18 21:05:29] Спроба перепідключення Arduino (585)...
[2026-05-18 21:05:30] Спроба перепідключення Arduino (586)...
[2026-05-18 21:05:31] Спроба перепідключення Arduino (587)...
[2026-05-18 21:05:32] Спроба перепідключення Arduino (588)...
[2026-05-18 21:05:33] Спроба перепідключення Arduino (589)...
[2026-05-18 21:05:34] Спроба перепідключення Arduino (590)...
[2026-05-18 21:05:35] Спроба перепідключення Arduino (591)...
[2026-05-18 21:05:36] Спроба перепідключення Arduino (592)...
[2026-05-18 21:05:37] Спроба перепідключення Arduino (593)...
[2026-05-18 21:05:38] Спроба перепідключення Arduino (594)...
[2026-05-18 21:05:39] Спроба перепідключення Arduino (595)...
[2026-05-18 21:05:40] Спроба перепідключення Arduino (596)...
[2026-05-18 21:05:41] Спроба перепідключення Arduino (597)...
[2026-05-18 21:05:41] Arduino не знайдено
[2026-05-18 21:05:42] Спроба перепідключення Arduino (598)...
[2026-05-18 21:05:43] Спроба перепідключення Arduino (599)...
[2026-05-18 21:05:44] Спроба перепідключення Arduino (600)...
[2026-05-18 21:05:45] Спроба перепідключення Arduino (601)...
[2026-05-18 21:05:46] Спроба перепідключення Arduino (602)...
[2026-05-18 21:05:47] Спроба перепідключення Arduino (603)...
[2026-05-18 21:05:48] Спроба перепідключення Arduino (604)...
[2026-05-18 21:05:49] Спроба перепідключення Arduino (605)...
[2026-05-18 21:05:50] Спроба перепідключення Arduino (606)...
[2026-05-18 21:05:51] Спроба перепідключення Arduino (607)...
[2026-05-18 21:05:52] Спроба перепідключення Arduino (608)...
[2026-05-18 21:05:53] Спроба перепідключення Arduino (609)...
[2026-05-18 21:05:54] Спроба перепідключення Arduino (610)...
[2026-05-18 21:05:55] Спроба перепідключення Arduino (611)...
[2026-05-18 21:05:56] Спроба перепідключення Arduino (612)...
[2026-05-18 21:05:56] Arduino не знайдено
[2026-05-18 21:05:57] Спроба перепідключення Arduino (613)...
[2026-05-18 21:05:59] Спроба перепідключення Arduino (614)...
[2026-05-18 21:06:00] Спроба перепідключення Arduino (615)...
[2026-05-18 21:06:01] Спроба перепідключення Arduino (616)...
[2026-05-18 21:06:02] Спроба перепідключення Arduino (617)...
[2026-05-18 21:06:03] Спроба перепідключення Arduino (618)...
[2026-05-18 21:06:04] Спроба перепідключення Arduino (619)...
[2026-05-18 21:06:05] Спроба перепідключення Arduino (620)...
[2026-05-18 21:06:06] Спроба перепідключення Arduino (621)...
[2026-05-18 21:06:07] Спроба перепідключення Arduino (622)...
[2026-05-18 21:06:08] Спроба перепідключення Arduino (623)...
[2026-05-18 21:06:09] Спроба перепідключення Arduino (624)...
[2026-05-18 21:06:10] Спроба перепідключення Arduino (625)...
[2026-05-18 21:06:11] Спроба перепідключення Arduino (626)...
[2026-05-18 21:06:12] Спроба перепідключення Arduino (627)...
[2026-05-18 21:06:12] Arduino не знайдено
[2026-05-18 21:06:13] Аварійку вимкнено жестом peace
[2026-05-18 21:06:13] Спроба перепідключення Arduino (628)...
[2026-05-18 21:06:14] Спроба перепідключення Arduino (629)...
[2026-05-18 21:06:15] Спроба перепідключення Arduino (630)...
[2026-05-18 21:06:16] Спроба перепідключення Arduino (631)...
[2026-05-18 21:06:17] Спроба перепідключення Arduino (632)...
[2026-05-18 21:06:18] Спроба перепідключення Arduino (633)...
[2026-05-18 21:06:19] Спроба перепідключення Arduino (634)...
[2026-05-18 21:06:20] Спроба перепідключення Arduino (635)...
[2026-05-18 21:06:21] Спроба перепідключення Arduino (636)...
[2026-05-18 21:06:22] Спроба перепідключення Arduino (637)...
[2026-05-18 21:06:23] Спроба перепідключення Arduino (638)...
[2026-05-18 21:06:24] Спроба перепідключення Arduino (639)...
[2026-05-18 21:06:25] Спроба перепідключення Arduino (640)...
[2026-05-18 21:06:26] Спроба перепідключення Arduino (641)...
[2026-05-18 21:06:27] Спроба перепідключення Arduino (642)...
[2026-05-18 21:06:27] Arduino не знайдено
[2026-05-18 21:06:28] Спроба перепідключення Arduino (643)...
[2026-05-18 21:06:29] Спроба перепідключення Arduino (644)...
[2026-05-18 21:06:30] Спроба перепідключення Arduino (645)...
[2026-05-18 21:06:31] Спроба перепідключення Arduino (646)...
[2026-05-18 21:06:32] Спроба перепідключення Arduino (647)...
[2026-05-18 21:06:33] Спроба перепідключення Arduino (648)...
[2026-05-18 21:06:34] Спроба перепідключення Arduino (649)...
[2026-05-18 21:06:35] Спроба перепідключення Arduino (650)...
[2026-05-18 21:06:36] Спроба перепідключення Arduino (651)...
[2026-05-18 21:06:37] Спроба перепідключення Arduino (652)...
[2026-05-18 21:06:38] Спроба перепідключення Arduino (653)...
[2026-05-18 21:06:39] Спроба перепідключення Arduino (654)...
[2026-05-18 21:06:40] Спроба перепідключення Arduino (655)...
[2026-05-18 21:06:41] Спроба перепідключення Arduino (656)...
[2026-05-18 21:06:42] Спроба перепідключення Arduino (657)...
[2026-05-18 21:06:42] Arduino не знайдено
[2026-05-18 21:06:43] Спроба перепідключення Arduino (658)...
[2026-05-18 21:06:44] Спроба перепідключення Arduino (659)...
[2026-05-18 21:06:45] Спроба перепідключення Arduino (660)...
[2026-05-18 21:06:46] Спроба перепідключення Arduino (661)...
[2026-05-18 21:06:47] Спроба перепідключення Arduino (662)...
[2026-05-18 21:06:48] Спроба перепідключення Arduino (663)...
[2026-05-18 21:06:49] Спроба перепідключення Arduino (664)...
[2026-05-18 21:06:50] Спроба перепідключення Arduino (665)...
[2026-05-18 21:06:51] Спроба перепідключення Arduino (666)...
[2026-05-18 21:06:52] Спроба перепідключення Arduino (667)...
[2026-05-18 21:06:53] Спроба перепідключення Arduino (668)...
[2026-05-18 21:06:54] Спроба перепідключення Arduino (669)...
[2026-05-18 21:06:55] Спроба перепідключення Arduino (670)...
[2026-05-18 21:06:56] Спроба перепідключення Arduino (671)...
[2026-05-18 21:06:57] Спроба перепідключення Arduino (672)...
[2026-05-18 21:06:57] Arduino не знайдено
[2026-05-18 21:06:58] Спроба перепідключення Arduino (673)...
[2026-05-18 21:06:59] Спроба перепідключення Arduino (674)...
[2026-05-18 21:07:00] Спроба перепідключення Arduino (675)...
[2026-05-18 21:07:01] Спроба перепідключення Arduino (676)...
[2026-05-18 21:07:02] Спроба перепідключення Arduino (677)...
[2026-05-18 21:07:03] Спроба перепідключення Arduino (678)...
[2026-05-18 21:07:04] Спроба перепідключення Arduino (679)...
[2026-05-18 21:07:05] Спроба перепідключення Arduino (680)...
[2026-05-18 21:07:06] Спроба перепідключення Arduino (681)...
[2026-05-18 21:07:07] Спроба перепідключення Arduino (682)...
[2026-05-18 21:07:08] Спроба перепідключення Arduino (683)...
[2026-05-18 21:07:09] Спроба перепідключення Arduino (684)...
[2026-05-18 21:07:10] Спроба перепідключення Arduino (685)...
[2026-05-18 21:07:11] Спроба перепідключення Arduino (686)...
[2026-05-18 21:07:12] Спроба перепідключення Arduino (687)...
[2026-05-18 21:07:12] Arduino не знайдено
[2026-05-18 21:07:13] Спроба перепідключення Arduino (688)...
[2026-05-18 21:07:14] Спроба перепідключення Arduino (689)...
[2026-05-18 21:07:15] Спроба перепідключення Arduino (690)...
[2026-05-18 21:07:16] Спроба перепідключення Arduino (691)...
[2026-05-18 21:07:17] Аварійку вимкнено жестом peace
[2026-05-18 21:07:17] Спроба перепідключення Arduino (692)...
[2026-05-18 21:07:18] Спроба перепідключення Arduino (693)...
[2026-05-18 21:07:19] Спроба перепідключення Arduino (694)...
[2026-05-18 21:07:21] Спроба перепідключення Arduino (695)...
[2026-05-18 21:07:22] Спроба перепідключення Arduino (696)...
[2026-05-18 21:07:23] Спроба перепідключення Arduino (697)...
[2026-05-18 21:07:24] Спроба перепідключення Arduino (698)...
[2026-05-18 21:07:25] Спроба перепідключення Arduino (699)...
[2026-05-18 21:07:26] Спроба перепідключення Arduino (700)...
[2026-05-18 21:07:26] НАХИЛ ГОЛОВИ вниз (49.6°)
[2026-05-18 21:07:27] Спроба перепідключення Arduino (701)...
[2026-05-18 21:07:28] Спроба перепідключення Arduino (702)...
[2026-05-18 21:07:28] Arduino не знайдено
[2026-05-18 21:07:29] Спроба перепідключення Arduino (703)...
[2026-05-18 21:07:30] Спроба перепідключення Arduino (704)...
[2026-05-18 21:07:31] Спроба перепідключення Arduino (705)...
[2026-05-18 21:07:32] Спроба перепідключення Arduino (706)...
[2026-05-18 21:07:33] Спроба перепідключення Arduino (707)...
[2026-05-18 21:07:34] Спроба перепідключення Arduino (708)...
[2026-05-18 21:07:35] Спроба перепідключення Arduino (709)...
[2026-05-18 21:07:36] Спроба перепідключення Arduino (710)...
[2026-05-18 21:07:37] Спроба перепідключення Arduino (711)...
[2026-05-18 21:07:38] Спроба перепідключення Arduino (712)...
[2026-05-18 21:07:39] Спроба перепідключення Arduino (713)...
[2026-05-18 21:07:40] Спроба перепідключення Arduino (714)...
[2026-05-18 21:07:41] Спроба перепідключення Arduino (715)...
[2026-05-18 21:07:42] Спроба перепідключення Arduino (716)...
[2026-05-18 21:07:43] Спроба перепідключення Arduino (717)...
[2026-05-18 21:07:43] Arduino не знайдено
[2026-05-18 21:07:44] Спроба перепідключення Arduino (718)...
[2026-05-18 21:07:45] Спроба перепідключення Arduino (719)...
[2026-05-18 21:07:46] Спроба перепідключення Arduino (720)...
[2026-05-18 21:07:47] Спроба перепідключення Arduino (721)...
[2026-05-18 21:07:48] Спроба перепідключення Arduino (722)...
[2026-05-18 21:07:49] Спроба перепідключення Arduino (723)...
[2026-05-18 21:07:50] Спроба перепідключення Arduino (724)...
[2026-05-18 21:07:51] Спроба перепідключення Arduino (725)...
[2026-05-18 21:07:52] Спроба перепідключення Arduino (726)...
[2026-05-18 21:07:53] Спроба перепідключення Arduino (727)...
[2026-05-18 21:07:54] Спроба перепідключення Arduino (728)...
[2026-05-18 21:07:55] Спроба перепідключення Arduino (729)...
[2026-05-18 21:07:56] Спроба перепідключення Arduino (730)...
[2026-05-18 21:07:57] Спроба перепідключення Arduino (731)...
[2026-05-18 21:07:58] Спроба перепідключення Arduino (732)...
[2026-05-18 21:07:58] Arduino не знайдено
[2026-05-18 21:07:59] Спроба перепідключення Arduino (733)...
[2026-05-18 21:08:00] Спроба перепідключення Arduino (734)...
[2026-05-18 21:08:01] Спроба перепідключення Arduino (735)...
[2026-05-18 21:08:02] Спроба перепідключення Arduino (736)...
[2026-05-18 21:08:03] Спроба перепідключення Arduino (737)...
[2026-05-18 21:08:04] Спроба перепідключення Arduino (738)...
[2026-05-18 21:08:05] Спроба перепідключення Arduino (739)...
[2026-05-18 21:08:06] Аварійку вимкнено жестом peace
[2026-05-18 21:08:06] Спроба перепідключення Arduino (740)...
[2026-05-18 21:08:07] Спроба перепідключення Arduino (741)...
[2026-05-18 21:08:08] Спроба перепідключення Arduino (742)...
[2026-05-18 21:08:09] Спроба перепідключення Arduino (743)...
[2026-05-18 21:08:10] Спроба перепідключення Arduino (744)...
[2026-05-18 21:08:11] Спроба перепідключення Arduino (745)...
[2026-05-18 21:08:12] Спроба перепідключення Arduino (746)...
[2026-05-18 21:08:13] Спроба перепідключення Arduino (747)...
[2026-05-18 21:08:13] Arduino не знайдено
[2026-05-18 21:08:14] Спроба перепідключення Arduino (748)...
[2026-05-18 21:08:15] Спроба перепідключення Arduino (749)...
[2026-05-18 21:08:16] Спроба перепідключення Arduino (750)...
[2026-05-18 21:08:17] Спроба перепідключення Arduino (751)...
[2026-05-18 21:08:18] Спроба перепідключення Arduino (752)...
[2026-05-18 21:08:19] Спроба перепідключення Arduino (753)...
[2026-05-18 21:08:20] Спроба перепідключення Arduino (754)...
[2026-05-18 21:08:21] Спроба перепідключення Arduino (755)...
[2026-05-18 21:08:22] Спроба перепідключення Arduino (756)...
[2026-05-18 21:08:23] Спроба перепідключення Arduino (757)...
[2026-05-18 21:08:24] Спроба перепідключення Arduino (758)...
[2026-05-18 21:08:25] Спроба перепідключення Arduino (759)...
[2026-05-18 21:08:26] Спроба перепідключення Arduino (760)...
[2026-05-18 21:08:27] Спроба перепідключення Arduino (761)...
[2026-05-18 21:08:28] Спроба перепідключення Arduino (762)...
[2026-05-18 21:08:28] Arduino не знайдено
[2026-05-18 21:08:29] Спроба перепідключення Arduino (763)...
[2026-05-18 21:08:30] Спроба перепідключення Arduino (764)...
[2026-05-18 21:08:31] Спроба перепідключення Arduino (765)...
[2026-05-18 21:08:32] Спроба перепідключення Arduino (766)...
[2026-05-18 21:08:33] Спроба перепідключення Arduino (767)...
[2026-05-18 21:08:34] Спроба перепідключення Arduino (768)...
[2026-05-18 21:08:35] Спроба перепідключення Arduino (769)...
[2026-05-18 21:08:36] Спроба перепідключення Arduino (770)...
[2026-05-18 21:08:37] Спроба перепідключення Arduino (771)...
[2026-05-18 21:08:38] Спроба перепідключення Arduino (772)...
[2026-05-18 21:08:39] Спроба перепідключення Arduino (773)...
[2026-05-18 21:08:40] Спроба перепідключення Arduino (774)...
[2026-05-18 21:08:41] Спроба перепідключення Arduino (775)...
[2026-05-18 21:08:42] Спроба перепідключення Arduino (776)...
[2026-05-18 21:08:43] Спроба перепідключення Arduino (777)...
[2026-05-18 21:08:43] Arduino не знайдено
[2026-05-18 21:08:44] Спроба перепідключення Arduino (778)...
[2026-05-18 21:08:45] Спроба перепідключення Arduino (779)...
[2026-05-18 21:08:46] Спроба перепідключення Arduino (780)...
[2026-05-18 21:08:47] Спроба перепідключення Arduino (781)...
[2026-05-18 21:08:49] Спроба перепідключення Arduino (782)...
[2026-05-18 21:08:50] Спроба перепідключення Arduino (783)...
[2026-05-18 21:08:51] Спроба перепідключення Arduino (784)...
[2026-05-18 21:08:52] Спроба перепідключення Arduino (785)...
[2026-05-18 21:08:53] Спроба перепідключення Arduino (786)...
[2026-05-18 21:08:54] Спроба перепідключення Arduino (787)...
[2026-05-18 21:08:55] Спроба перепідключення Arduino (788)...
[2026-05-18 21:08:56] Спроба перепідключення Arduino (789)...
[2026-05-18 21:08:57] Спроба перепідключення Arduino (790)...
[2026-05-18 21:08:58] Спроба перепідключення Arduino (791)...
[2026-05-18 21:08:59] Спроба перепідключення Arduino (792)...
[2026-05-18 21:08:59] Arduino не знайдено
[2026-05-18 21:09:00] Спроба перепідключення Arduino (793)...
[2026-05-18 21:09:01] Спроба перепідключення Arduino (794)...
[2026-05-18 21:09:02] Спроба перепідключення Arduino (795)...
[2026-05-18 21:09:03] Спроба перепідключення Arduino (796)...
[2026-05-18 21:09:04] Спроба перепідключення Arduino (797)...
[2026-05-18 21:09:05] Спроба перепідключення Arduino (798)...
[2026-05-18 21:09:06] Спроба перепідключення Arduino (799)...
[2026-05-18 21:09:07] Спроба перепідключення Arduino (800)...
[2026-05-18 21:09:08] Спроба перепідключення Arduino (801)...
[2026-05-18 21:09:09] Спроба перепідключення Arduino (802)...
[2026-05-18 21:09:10] Спроба перепідключення Arduino (803)...
[2026-05-18 21:09:11] Спроба перепідключення Arduino (804)...
[2026-05-18 21:09:12] Спроба перепідключення Arduino (805)...
[2026-05-18 21:09:13] Спроба перепідключення Arduino (806)...
[2026-05-18 21:09:14] Спроба перепідключення Arduino (807)...
[2026-05-18 21:09:14] Arduino не знайдено
[2026-05-18 21:09:15] Спроба перепідключення Arduino (808)...
[2026-05-18 21:09:16] Спроба перепідключення Arduino (809)...
[2026-05-18 21:09:17] Спроба перепідключення Arduino (810)...
[2026-05-18 21:09:18] Спроба перепідключення Arduino (811)...
[2026-05-18 21:09:19] Спроба перепідключення Arduino (812)...
[2026-05-18 21:09:20] Спроба перепідключення Arduino (813)...
[2026-05-18 21:09:21] Спроба перепідключення Arduino (814)...
[2026-05-18 21:09:22] Спроба перепідключення Arduino (815)...
[2026-05-18 21:09:23] Спроба перепідключення Arduino (816)...
[2026-05-18 21:09:24] Спроба перепідключення Arduino (817)...
[2026-05-18 21:09:25] Спроба перепідключення Arduino (818)...
[2026-05-18 21:09:26] Спроба перепідключення Arduino (819)...
[2026-05-18 21:09:27] Спроба перепідключення Arduino (820)...
[2026-05-18 21:09:28] Спроба перепідключення Arduino (821)...
[2026-05-18 21:09:29] Спроба перепідключення Arduino (822)...
[2026-05-18 21:09:29] Arduino не знайдено
[2026-05-18 21:09:30] Спроба перепідключення Arduino (823)...
[2026-05-18 21:09:31] Спроба перепідключення Arduino (824)...
[2026-05-18 21:09:32] Спроба перепідключення Arduino (825)...
[2026-05-18 21:09:33] Спроба перепідключення Arduino (826)...
[2026-05-18 21:09:34] Спроба перепідключення Arduino (827)...
[2026-05-18 21:09:35] Спроба перепідключення Arduino (828)...
[2026-05-18 21:09:36] Спроба перепідключення Arduino (829)...
[2026-05-18 21:09:37] Спроба перепідключення Arduino (830)...
[2026-05-18 21:09:38] Спроба перепідключення Arduino (831)...
[2026-05-18 21:09:39] Спроба перепідключення Arduino (832)...
[2026-05-18 21:09:40] Спроба перепідключення Arduino (833)...
[2026-05-18 21:09:41] Спроба перепідключення Arduino (834)...
[2026-05-18 21:09:42] Спроба перепідключення Arduino (835)...
[2026-05-18 21:09:43] Спроба перепідключення Arduino (836)...
[2026-05-18 21:09:44] Спроба перепідключення Arduino (837)...
[2026-05-18 21:09:44] Arduino не знайдено
[2026-05-18 21:09:45] Спроба перепідключення Arduino (838)...
[2026-05-18 21:09:46] Спроба перепідключення Arduino (839)...
[2026-05-18 21:09:47] Спроба перепідключення Arduino (840)...
[2026-05-18 21:09:48] Спроба перепідключення Arduino (841)...
[2026-05-18 21:09:49] Спроба перепідключення Arduino (842)...
[2026-05-18 21:09:50] Спроба перепідключення Arduino (843)...
[2026-05-18 21:09:51] Спроба перепідключення Arduino (844)...
[2026-05-18 21:09:52] Спроба перепідключення Arduino (845)...
[2026-05-18 21:09:53] Спроба перепідключення Arduino (846)...
[2026-05-18 21:09:54] Спроба перепідключення Arduino (847)...
[2026-05-18 21:09:55] Спроба перепідключення Arduino (848)...
[2026-05-18 21:09:56] Спроба перепідключення Arduino (849)...
[2026-05-18 21:09:57] Спроба перепідключення Arduino (850)...
[2026-05-18 21:09:58] Спроба перепідключення Arduino (851)...
[2026-05-18 21:09:59] Спроба перепідключення Arduino (852)...
[2026-05-18 21:09:59] Arduino не знайдено
[2026-05-18 21:10:00] Спроба перепідключення Arduino (853)...
[2026-05-18 21:10:01] Спроба перепідключення Arduino (854)...
[2026-05-18 21:10:02] Спроба перепідключення Arduino (855)...
[2026-05-18 21:10:03] Спроба перепідключення Arduino (856)...
[2026-05-18 21:10:04] Спроба перепідключення Arduino (857)...
[2026-05-18 21:10:05] Спроба перепідключення Arduino (858)...
[2026-05-18 21:10:06] Спроба перепідключення Arduino (859)...
[2026-05-18 21:10:07] Спроба перепідключення Arduino (860)...
[2026-05-18 21:10:08] Спроба перепідключення Arduino (861)...
[2026-05-18 21:10:09] Спроба перепідключення Arduino (862)...
[2026-05-18 21:10:11] Спроба перепідключення Arduino (863)...
[2026-05-18 21:10:12] Спроба перепідключення Arduino (864)...
[2026-05-18 21:10:13] Спроба перепідключення Arduino (865)...
[2026-05-18 21:10:14] Спроба перепідключення Arduino (866)...
[2026-05-18 21:10:15] Спроба перепідключення Arduino (867)...
[2026-05-18 21:10:15] Arduino не знайдено
[2026-05-18 21:10:16] Спроба перепідключення Arduino (868)...
[2026-05-18 21:10:17] Спроба перепідключення Arduino (869)...
[2026-05-18 21:10:18] Спроба перепідключення Arduino (870)...
[2026-05-18 21:10:19] Спроба перепідключення Arduino (871)...
[2026-05-18 21:10:20] Спроба перепідключення Arduino (872)...
[2026-05-18 21:10:21] Спроба перепідключення Arduino (873)...
[2026-05-18 21:10:22] Спроба перепідключення Arduino (874)...
[2026-05-18 21:10:23] Спроба перепідключення Arduino (875)...
[2026-05-18 21:10:24] Спроба перепідключення Arduino (876)...
[2026-05-18 21:10:25] Спроба перепідключення Arduino (877)...
[2026-05-18 21:10:26] Спроба перепідключення Arduino (878)...
[2026-05-18 21:10:27] Спроба перепідключення Arduino (879)...
[2026-05-18 21:10:28] Спроба перепідключення Arduino (880)...
[2026-05-18 21:10:29] Спроба перепідключення Arduino (881)...
[2026-05-18 21:10:30] Спроба перепідключення Arduino (882)...
[2026-05-18 21:10:30] Arduino не знайдено
[2026-05-18 21:10:31] Спроба перепідключення Arduino (883)...
[2026-05-18 21:10:32] Спроба перепідключення Arduino (884)...
[2026-05-18 21:10:33] Спроба перепідключення Arduino (885)...
[2026-05-18 21:10:34] Спроба перепідключення Arduino (886)...
[2026-05-18 21:10:35] Спроба перепідключення Arduino (887)...
[2026-05-18 21:10:36] Спроба перепідключення Arduino (888)...
[2026-05-18 21:10:37] Спроба перепідключення Arduino (889)...
[2026-05-18 21:10:38] Спроба перепідключення Arduino (890)...
[2026-05-18 21:10:39] Спроба перепідключення Arduino (891)...
[2026-05-18 21:12:40] Arduino не знайдено
[2026-05-18 21:25:30] Обличчя зникло
[2026-05-18 22:38:22] Arduino не знайдено
[2026-05-18 22:38:46] Arduino не знайдено
[2026-05-18 22:39:16] Arduino не знайдено
[2026-05-18 22:40:38] Arduino не знайдено
[2026-05-18 22:43:44] Arduino не знайдено
[2026-05-18 22:43:58] Обличчя зникло
[2026-05-18 22:44:08] Обличчя зникло
[2026-05-18 22:44:12] АВАРІЙКА: обличчя відсутнє 4.0с
[2026-05-18 23:03:49] Arduino не знайдено
[2026-05-18 23:04:20] Обличчя зникло
[2026-05-18 23:05:07] Обличчя зникло
[2026-05-18 23:05:13] Обличчя зникло
[2026-05-18 23:05:19] Обличчя зникло
[2026-05-19 09:05:18] Arduino не знайдено
[2026-05-19 09:05:34] Обличчя зникло
[2026-05-19 09:06:24] Автоповоротник ВПРАВО
[2026-05-19 09:06:27] Автоповоротники вимкнено
[2026-05-19 09:06:49] Обличчя зникло
[2026-05-19 09:06:56] Автоповоротник ВПРАВО
[2026-05-19 09:06:59] Автоповоротники вимкнено
[2026-05-19 09:07:07] НАХИЛ ГОЛОВИ вниз (47.2°)
[2026-05-19 09:07:32] НАХИЛ ГОЛОВИ вниз (40.9°)
[2026-05-19 09:07:35] Аварійку вимкнено жестом peace
[2026-05-19 09:12:54] Arduino не знайдено
[2026-05-19 09:13:00] Автоповоротник ВПРАВО
[2026-05-19 09:13:04] Автоповоротники вимкнено
[2026-05-19 09:14:55] Arduino не знайдено
[2026-05-19 09:15:01] Автоповоротник ВПРАВО
[2026-05-19 09:15:03] Автоповоротники вимкнено
[2026-05-19 09:17:29] Arduino не знайдено
[2026-05-19 09:17:37] Автоповоротник ВПРАВО
[2026-05-19 09:17:39] Автоповоротники вимкнено
[2026-05-19 09:18:58] НАХИЛ ГОЛОВИ вниз (45.7°)
[2026-05-19 09:19:37] НАХИЛ ГОЛОВИ вниз (40.2°)
[2026-05-19 09:19:40] Аварійку вимкнено жестом peace
[2026-05-19 09:20:06] Arduino не знайдено
[2026-05-19 09:22:04] Arduino не знайдено
[2026-05-19 09:23:34] Обличчя зникло
[2026-05-19 09:43:32] Arduino не знайдено
[2026-05-19 09:44:06] Обличчя зникло
[2026-05-19 09:44:12] Обличчя зникло
[2026-05-19 09:50:49] Arduino не знайдено
[2026-05-19 09:52:11] Arduino не знайдено
[2026-05-19 09:52:28] Обличчя зникло
[2026-05-19 09:54:16] Arduino не знайдено
[2026-05-19 09:58:02] Arduino не знайдено
[2026-05-19 10:19:36] Автоповоротник ВЛІВО
[2026-05-19 10:19:42] Автоповоротники вимкнено
[2026-05-19 10:19:46] НАХИЛ ГОЛОВИ вниз (54.3°)
[2026-05-19 10:20:08] Аварійку вимкнено жестом peace
[2026-05-19 10:20:21] Автоповоротник ВЛІВО
[2026-05-19 10:20:23] Автоповоротник ВЛІВО
[2026-05-19 10:20:26] Автоповоротники вимкнено
[2026-05-19 10:20:34] Автоповоротник ВЛІВО
[2026-05-19 10:20:36] Автоповоротник ВЛІВО
[2026-05-19 10:20:38] Автоповоротник ВЛІВО
[2026-05-19 10:20:47] Автоповоротники вимкнено
[2026-05-19 10:20:57] НАХИЛ ГОЛОВИ вниз (51.7°)
[2026-05-19 10:21:06] Аварійку вимкнено жестом peace
[2026-05-19 10:21:14] Автоповоротник ВЛІВО
[2026-05-19 10:21:16] Автоповоротник ВЛІВО
[2026-05-19 10:21:18] Автоповоротник ВЛІВО
[2026-05-19 10:21:20] Автоповоротник ВЛІВО
[2026-05-19 10:21:22] Автоповоротник ВЛІВО
[2026-05-19 10:21:24] Автоповоротники вимкнено
[2026-05-19 10:21:33] Автоповоротник ВЛІВО
[2026-05-19 10:21:36] Автоповоротники вимкнено
[2026-05-19 10:21:55] Аварійку вимкнено жестом peace
[2026-05-19 10:22:02] Автоповоротник ВЛІВО
[2026-05-19 10:22:04] Автоповоротник ВЛІВО
[2026-05-19 10:22:07] Автоповоротники вимкнено
[2026-05-19 10:22:12] Автоповоротник ВЛІВО
[2026-05-19 10:22:14] Автоповоротник ВЛІВО
[2026-05-19 10:22:16] Автоповоротники вимкнено
[2026-05-19 10:22:40] Аварійку вимкнено жестом peace
[2026-05-19 10:23:45] Автоповоротник ВЛІВО
[2026-05-19 10:23:48] Автоповоротники вимкнено
[2026-05-19 10:23:51] Автоповоротник ВЛІВО
[2026-05-19 10:23:54] Автоповоротники вимкнено
[2026-05-19 10:24:26] Автоповоротник ВЛІВО
[2026-05-19 10:24:28] Автоповоротник ВЛІВО
[2026-05-19 10:24:30] Автоповоротник ВЛІВО
[2026-05-19 10:24:32] Автоповоротник ВЛІВО
[2026-05-19 10:24:34] Автоповоротник ВЛІВО
[2026-05-19 10:24:36] Автоповоротник ВЛІВО
[2026-05-19 10:24:38] Автоповоротники вимкнено
[2026-05-19 10:25:22] Аварійку вимкнено жестом peace
[2026-05-19 10:25:32] Автоповоротник ВЛІВО
[2026-05-19 10:25:37] Автоповоротники вимкнено
[2026-05-19 10:26:53] Автоповоротник ВЛІВО
[2026-05-19 10:26:55] Автоповоротник ВЛІВО
[2026-05-19 10:26:57] Автоповоротники вимкнено
[2026-05-19 10:27:02] Автоповоротник ВЛІВО
[2026-05-19 10:27:06] Автоповоротники вимкнено
[2026-05-19 10:36:20] Аварійку вимкнено жестом peace
[2026-05-19 10:36:52] НАХИЛ ГОЛОВИ вниз (50.1°)
[2026-05-19 10:36:58] НАХИЛ ГОЛОВИ вниз (48.6°)
[2026-05-19 10:37:03] Обличчя зникло
[2026-05-19 10:44:22] Обличчя зникло
[2026-05-19 10:45:54] Автоповоротник ВПРАВО
[2026-05-19 10:45:56] Автоповоротник ВПРАВО
[2026-05-19 10:45:58] Автоповоротник ВПРАВО
[2026-05-19 10:46:00] Автоповоротник ВПРАВО
[2026-05-19 10:46:06] Автоповоротники вимкнено
[2026-05-19 10:46:17] Аварійку вимкнено жестом peace
[2026-05-19 10:46:34] Автоповоротник ВПРАВО
[2026-05-19 10:46:36] Автоповоротник ВПРАВО
[2026-05-19 10:46:38] Автоповоротник ВПРАВО
[2026-05-19 10:46:40] Автоповоротник ВПРАВО
[2026-05-19 10:46:43] Автоповоротник ВПРАВО
[2026-05-19 10:46:45] Автоповоротник ВПРАВО
[2026-05-19 10:46:47] Автоповоротник ВПРАВО
[2026-05-19 10:46:51] Автоповоротники вимкнено
[2026-05-19 10:47:10] Аварійку вимкнено жестом peace
[2026-05-19 10:47:42] Аварійку вимкнено жестом peace
[2026-05-19 10:54:55] Автоповоротник ВПРАВО
[2026-05-19 10:55:00] Автоповоротники вимкнено
[2026-05-19 10:56:14] НАХИЛ ГОЛОВИ вниз (41.4°)
[2026-05-19 10:56:44] Аварійку вимкнено жестом peace
[2026-05-19 11:18:04] Arduino не знайдено
[2026-05-19 11:18:10] Обличчя зникло
[2026-05-19 11:18:17] Автоповоротник ВПРАВО
[2026-05-19 11:18:19] Автоповоротник ВПРАВО
[2026-05-19 11:18:21] Автоповоротник ВПРАВО
[2026-05-19 11:19:16] Обличчя зникло
[2026-05-19 11:24:59] Arduino не знайдено
[2026-05-19 11:25:08] Обличчя зникло
[2026-05-19 11:26:05] Arduino не знайдено
[2026-05-19 11:30:16] Arduino не знайдено
[2026-05-19 11:35:52] НАХИЛ ГОЛОВИ вниз (49.0°)
[2026-05-19 11:36:05] Аварійку вимкнено жестом peace
[2026-05-19 11:37:36] НАХИЛ ГОЛОВИ вниз (48.9°)
[2026-05-19 11:38:02] НАХИЛ ГОЛОВИ вниз (40.6°)
[2026-05-19 11:38:07] НАХИЛ ГОЛОВИ вниз (41.6°)
[2026-05-19 11:38:21] Обличчя зникло
[2026-05-19 11:38:22] НАХИЛ ГОЛОВИ вниз (56.5°)
[2026-05-19 11:38:23] НАХИЛ ГОЛОВИ вниз (56.0°)
[2026-05-19 11:38:23] НАХИЛ ГОЛОВИ вниз (55.8°)
[2026-05-19 11:38:23] НАХИЛ ГОЛОВИ вниз (55.4°)
[2026-05-19 11:38:24] НАХИЛ ГОЛОВИ вниз (55.0°)
[2026-05-19 11:38:51] НАХИЛ ГОЛОВИ вниз (44.5°)
[2026-05-19 11:40:07] Обличчя зникло
[2026-05-19 11:40:07] НАХИЛ ГОЛОВИ вниз (48.7°)
[2026-05-19 11:40:12] Обличчя зникло
[2026-05-19 11:40:12] НАХИЛ ГОЛОВИ вниз (53.7°)
[2026-05-19 11:40:13] НАХИЛ ГОЛОВИ вниз (51.2°)
[2026-05-19 11:40:13] НАХИЛ ГОЛОВИ вниз (50.7°)
[2026-05-19 11:42:41] НАХИЛ ГОЛОВИ вниз (42.5°)
[2026-05-19 11:43:52] НАХИЛ ГОЛОВИ вниз (44.1°)
[2026-05-19 11:44:35] НАХИЛ ГОЛОВИ вниз (44.7°)
[2026-05-19 11:44:46] НАХИЛ ГОЛОВИ вниз (45.8°)
[2026-05-19 11:45:19] НАХИЛ ГОЛОВИ вниз (47.0°)
[2026-05-19 12:07:15] Аварійку вимкнено жестом peace
[2026-05-19 12:08:07] Обличчя зникло
[2026-05-19 12:08:11] НАХИЛ ГОЛОВИ вниз (48.6°)
[2026-05-19 12:08:50] Аварійку вимкнено жестом peace
[2026-05-19 12:09:10] НАХИЛ ГОЛОВИ вниз (53.0°)
[2026-05-19 12:09:48] Аварійку вимкнено жестом peace
[2026-05-19 12:11:13] Аварійку вимкнено жестом peace
[2026-05-19 12:11:40] Обличчя зникло
[2026-05-19 12:11:44] АВАРІЙКА: обличчя відсутнє 4.0с
[2026-05-19 12:12:45] Аварійку вимкнено жестом peace
[2026-05-19 12:14:11] НАХИЛ ГОЛОВИ вниз (42.3°)
[2026-05-19 12:14:22] НАХИЛ ГОЛОВИ вниз (42.3°)
[2026-05-19 12:16:07] НАХИЛ ГОЛОВИ вниз (42.9°)
[2026-05-19 12:16:28] НАХИЛ ГОЛОВИ вниз (45.1°)
[2026-05-19 12:17:01] НАХИЛ ГОЛОВИ вниз (43.0°)
[2026-05-19 12:17:37] НАХИЛ ГОЛОВИ вниз (42.0°)
[2026-05-19 12:18:08] Автоповоротник ВПРАВО
[2026-05-19 12:18:10] Автоповоротники вимкнено
[2026-05-19 12:20:04] Аварійку вимкнено жестом peace
[2026-05-19 12:20:07] Обличчя зникло
[2026-05-19 13:11:23] Аварійку вимкнено жестом peace
[2026-05-19 13:11:29] Аварійку вимкнено жестом peace
[2026-05-19 13:11:37] Аварійку вимкнено жестом peace
[2026-05-19 13:11:38] Обличчя зникло
[2026-05-19 13:12:35] Обличчя зникло
[2026-05-19 13:14:05] Автоповоротник ВПРАВО
[2026-05-19 13:14:06] Обличчя зникло
[2026-05-19 13:21:51] Аварійку вимкнено жестом peace
[2026-05-19 13:21:52] Обличчя зникло
[2026-05-19 14:50:15] Arduino не знайдено
[2026-05-19 16:30:31] Arduino підключено: COM12
[2026-05-19 16:30:32] SERIAL:OK: LEFT:0
[2026-05-19 16:30:32] SERIAL:OK: RIGHT:0
[2026-05-19 16:30:32] SERIAL:OK: EMERGENCY:0
[2026-05-19 16:30:34] SERIAL:INFO: servo detached (idle)
[2026-05-19 16:31:48] SERIAL:OK: BRAKE:1
[2026-05-19 16:31:57] SERIAL:OK: SPEED:0
[2026-05-19 16:31:57] SERIAL:OK: LEFT:0
[2026-05-19 16:31:57] SERIAL:OK: RIGHT:0
[2026-05-19 16:31:57] SERIAL:OK: EMERGENCY:0
[2026-05-19 16:31:57] SERIAL:OK: BRAKE:0
[2026-05-19 16:31:57] SERIAL:OK: ALARM:0
[2026-05-19 16:31:57] SERIAL:OK: LEFT:0
[2026-05-19 16:31:57] SERIAL:OK: RIGHT:0
[2026-05-19 16:31:57] SERIAL:OK: EMERGENCY:0
[2026-05-19 16:32:00] SERIAL:INFO: servo detached (idle)
[2026-05-19 16:32:15] SERIAL:OK: BRAKE:1
[2026-05-19 16:32:38] SERIAL:OK: SPEED:1
[2026-05-19 16:32:38] SERIAL:OK: BRAKE:0
[2026-05-19 16:32:38] SERIAL:OK: SPEED:2
[2026-05-19 16:32:38] SERIAL:OK: SPEED:4
[2026-05-19 16:32:38] SERIAL:OK: SPEED:7
[2026-05-19 16:32:38] SERIAL:OK: SPEED:11
[2026-05-19 16:32:38] SERIAL:OK: SPEED:14
[2026-05-19 16:32:38] SERIAL:OK: SPEED:17
[2026-05-19 16:32:38] SERIAL:OK: SPEED:19
[2026-05-19 16:32:38] SERIAL:OK: SPEED:21
[2026-05-19 16:32:38] SERIAL:OK: SPEED:25
[2026-05-19 16:32:38] SERIAL:OK: SPEED:28
[2026-05-19 16:32:38] SERIAL:OK: SPEED:31
[2026-05-19 16:32:38] SERIAL:OK: SPEED:34
[2026-05-19 16:32:38] SERIAL:OK: SPEED:36
[2026-05-19 16:32:39] SERIAL:OK: SPEED:37
[2026-05-19 16:32:39] SERIAL:OK: SPEED:38
[2026-05-19 16:32:39] SERIAL:OK: SPEED:43
[2026-05-19 16:32:39] SERIAL:OK: SPEED:47
[2026-05-19 16:32:39] SERIAL:OK: SPEED:51
[2026-05-19 16:32:39] SERIAL:OK: SPEED:56
[2026-05-19 16:32:39] SERIAL:OK: SPEED:60
[2026-05-19 16:32:39] SERIAL:OK: SPEED:61
[2026-05-19 16:32:39] SERIAL:OK: SPEED:62
[2026-05-19 16:32:39] SERIAL:OK: SPEED:63
[2026-05-19 16:32:39] SERIAL:OK: SPEED:64
[2026-05-19 16:32:39] SERIAL:OK: SPEED:65
[2026-05-19 16:32:39] SERIAL:OK: SPEED:66
[2026-05-19 16:32:39] SERIAL:OK: SPEED:67
[2026-05-19 16:32:39] SERIAL:OK: SPEED:68
[2026-05-19 16:32:40] SERIAL:OK: SPEED:69
[2026-05-19 16:32:40] SERIAL:OK: SPEED:70
[2026-05-19 16:32:40] SERIAL:OK: SPEED:71
[2026-05-19 16:32:40] SERIAL:OK: SPEED:72
[2026-05-19 16:32:40] SERIAL:OK: SPEED:73
[2026-05-19 16:32:40] SERIAL:OK: SPEED:74
[2026-05-19 16:32:42] SERIAL:OK: SPEED:75
[2026-05-19 16:32:42] SERIAL:OK: SPEED:76
[2026-05-19 16:32:43] SERIAL:OK: SPEED:77
[2026-05-19 16:32:43] SERIAL:OK: SPEED:78
[2026-05-19 16:32:43] SERIAL:OK: SPEED:79
[2026-05-19 16:32:43] SERIAL:OK: SPEED:81
[2026-05-19 16:32:43] SERIAL:OK: SPEED:82
[2026-05-19 16:32:43] SERIAL:OK: SPEED:83
[2026-05-19 16:32:43] SERIAL:OK: SPEED:84
[2026-05-19 16:32:43] SERIAL:OK: SPEED:86
[2026-05-19 16:32:43] SERIAL:OK: SPEED:88
[2026-05-19 16:32:43] SERIAL:OK: SPEED:89
[2026-05-19 16:32:43] SERIAL:OK: SPEED:90
[2026-05-19 16:32:46] SERIAL:OK: SPEED:89
[2026-05-19 16:32:46] SERIAL:OK: BRAKE:1
[2026-05-19 16:32:46] SERIAL:OK: SPEED:86
[2026-05-19 16:32:46] SERIAL:OK: SPEED:80
[2026-05-19 16:32:46] SERIAL:OK: SPEED:74
[2026-05-19 16:32:46] SERIAL:OK: SPEED:65
[2026-05-19 16:32:46] SERIAL:OK: SPEED:51
[2026-05-19 16:32:46] SERIAL:OK: SPEED:36
[2026-05-19 16:32:46] SERIAL:OK: SPEED:24
[2026-05-19 16:32:46] SERIAL:OK: SPEED:13
[2026-05-19 16:32:46] SERIAL:OK: SPEED:4
[2026-05-19 16:32:46] SERIAL:OK: SPEED:2
[2026-05-19 16:32:46] SERIAL:OK: SPEED:1
[2026-05-19 16:32:46] SERIAL:OK: SPEED:0
[2026-05-19 16:32:49] SERIAL:OK: LEFT:0
[2026-05-19 16:32:49] SERIAL:OK: RIGHT:0
[2026-05-19 16:32:49] SERIAL:OK: EMERGENCY:0
[2026-05-19 16:32:49] SERIAL:OK: BRAKE:0
[2026-05-19 16:32:49] SERIAL:OK: LEFT:0
[2026-05-19 16:32:49] SERIAL:OK: RIGHT:0
[2026-05-19 16:32:49] SERIAL:OK: EMERGENCY:0
[2026-05-19 16:32:49] SERIAL:INFO: servo detached (idle)
[2026-05-19 16:33:02] SERIAL:OK: BRAKE:1
[2026-05-19 16:33:03] Обличчя зникло
[2026-05-19 16:33:04] SERIAL:OK: SPEED:100
[2026-05-19 16:33:04] SERIAL:OK: BRAKE:0
[2026-05-19 16:33:04] SERIAL:OK: SPEED:99
[2026-05-19 16:33:04] SERIAL:OK: BRAKE:1
[2026-05-19 16:33:04] SERIAL:OK: SPEED:95
[2026-05-19 16:33:05] SERIAL:OK: SPEED:92
[2026-05-19 16:33:05] SERIAL:OK: SPEED:91
[2026-05-19 16:33:05] SERIAL:OK: SPEED:96
[2026-05-19 16:33:05] SERIAL:OK: SPEED:99
[2026-05-19 16:33:05] SERIAL:OK: SPEED:100
[2026-05-19 16:33:05] SERIAL:OK: BRAKE:0
[2026-05-19 16:33:06] SERIAL:OK: SPEED:99
[2026-05-19 16:33:06] SERIAL:OK: BRAKE:1
[2026-05-19 16:33:06] SERIAL:OK: SPEED:92
[2026-05-19 16:33:06] SERIAL:OK: SPEED:83
[2026-05-19 16:33:06] SERIAL:OK: SPEED:63
[2026-05-19 16:33:06] SERIAL:OK: SPEED:43
[2026-05-19 16:33:07] SERIAL:OK: SPEED:24
[2026-05-19 16:33:07] SERIAL:OK: SPEED:10
[2026-05-19 16:33:07] SERIAL:OK: SPEED:0
[2026-05-19 16:33:07] Автоповоротник ВЛІВО
[2026-05-19 16:33:07] SERIAL:OK: SPEED:1
[2026-05-19 16:33:07] SERIAL:OK: BRAKE:0
[2026-05-19 16:33:08] SERIAL:OK: LEFT:1
[2026-05-19 16:33:08] SERIAL:OK: LEFT:0
[2026-05-19 16:33:08] SERIAL:OK: LEFT:1
[2026-05-19 16:33:09] SERIAL:OK: LEFT:0
[2026-05-19 16:33:09] SERIAL:OK: LEFT:1
[2026-05-19 16:33:09] SERIAL:OK: LEFT:0
[2026-05-19 16:33:09] Автоповоротник ВЛІВО
[2026-05-19 16:33:10] SERIAL:OK: LEFT:1
[2026-05-19 16:33:10] SERIAL:OK: SPEED:3
[2026-05-19 16:33:10] SERIAL:OK: SPEED:7
[2026-05-19 16:33:10] SERIAL:OK: SPEED:13
[2026-05-19 16:33:10] SERIAL:OK: SPEED:18
[2026-05-19 16:33:10] SERIAL:OK: SPEED:15
[2026-05-19 16:33:10] SERIAL:OK: BRAKE:1
[2026-05-19 16:33:10] SERIAL:OK: LEFT:0
[2026-05-19 16:33:10] SERIAL:OK: SPEED:10
[2026-05-19 16:33:10] SERIAL:OK: SPEED:5
[2026-05-19 16:33:10] SERIAL:OK: SPEED:0
[2026-05-19 16:33:10] SERIAL:OK: LEFT:1
[2026-05-19 16:33:11] SERIAL:OK: LEFT:0
[2026-05-19 16:33:11] SERIAL:OK: LEFT:1
[2026-05-19 16:33:11] Обличчя зникло
[2026-05-19 16:33:11] SERIAL:OK: LEFT:0
[2026-05-19 16:33:12] SERIAL:OK: LEFT:1
[2026-05-19 16:33:12] SERIAL:OK: LEFT:0
[2026-05-19 16:33:12] SERIAL:OK: LEFT:1
[2026-05-19 16:33:13] SERIAL:OK: LEFT:0
[2026-05-19 16:33:13] SERIAL:OK: LEFT:1
[2026-05-19 16:33:13] SERIAL:INFO: servo detached (idle)
[2026-05-19 16:33:13] SERIAL:OK: LEFT:0
[2026-05-19 16:33:13] Автоповоротник ВЛІВО
[2026-05-19 16:33:14] SERIAL:OK: LEFT:1
[2026-05-19 16:33:14] SERIAL:OK: SPEED:9
[2026-05-19 16:33:14] SERIAL:OK: BRAKE:0
[2026-05-19 16:33:14] SERIAL:OK: SPEED:18
[2026-05-19 16:33:14] SERIAL:OK: SPEED:28
[2026-05-19 16:33:14] SERIAL:OK: LEFT:0
[2026-05-19 16:33:14] SERIAL:OK: SPEED:40
[2026-05-19 16:33:14] SERIAL:OK: SPEED:52
[2026-05-19 16:33:14] SERIAL:OK: SPEED:56
[2026-05-19 16:33:14] SERIAL:OK: SPEED:59
[2026-05-19 16:33:14] SERIAL:OK: SPEED:62
[2026-05-19 16:33:14] SERIAL:OK: SPEED:63
[2026-05-19 16:33:14] SERIAL:OK: SPEED:64
[2026-05-19 16:33:14] SERIAL:OK: LEFT:1
[2026-05-19 16:33:14] SERIAL:OK: SPEED:63
[2026-05-19 16:33:14] SERIAL:OK: BRAKE:1
[2026-05-19 16:33:15] SERIAL:OK: SPEED:62
[2026-05-19 16:33:15] SERIAL:OK: SPEED:61
[2026-05-19 16:33:15] SERIAL:OK: LEFT:0
[2026-05-19 16:33:15] SERIAL:OK: SPEED:62
[2026-05-19 16:33:15] SERIAL:OK: SPEED:61
[2026-05-19 16:33:15] SERIAL:OK: LEFT:1
[2026-05-19 16:33:15] SERIAL:OK: SPEED:62
[2026-05-19 16:33:15] SERIAL:OK: BRAKE:0
[2026-05-19 16:33:15] SERIAL:OK: SPEED:63
[2026-05-19 16:33:15] SERIAL:OK: LEFT:0
[2026-05-19 16:33:16] SERIAL:OK: SPEED:64
[2026-05-19 16:33:16] SERIAL:OK: LEFT:1
[2026-05-19 16:33:16] SERIAL:OK: LEFT:0
[2026-05-19 16:33:16] SERIAL:OK: SPEED:66
[2026-05-19 16:33:16] SERIAL:OK: SPEED:70
[2026-05-19 16:33:16] SERIAL:OK: SPEED:77
[2026-05-19 16:33:16] SERIAL:OK: SPEED:84
[2026-05-19 16:33:16] SERIAL:OK: SPEED:91
[2026-05-19 16:33:16] SERIAL:OK: LEFT:1
[2026-05-19 16:33:16] SERIAL:OK: SPEED:96
[2026-05-19 16:33:16] Автоповоротник ВЛІВО
[2026-05-19 16:33:16] SERIAL:OK: SPEED:100
[2026-05-19 16:33:17] SERIAL:OK: LEFT:0
[2026-05-19 16:33:17] SERIAL:OK: LEFT:1
[2026-05-19 16:33:17] SERIAL:OK: LEFT:0
[2026-05-19 16:33:18] SERIAL:OK: SPEED:95
[2026-05-19 16:33:18] SERIAL:OK: BRAKE:1
[2026-05-19 16:33:18] SERIAL:OK: LEFT:1
[2026-05-19 16:33:18] SERIAL:OK: SPEED:92
[2026-05-19 16:33:18] SERIAL:OK: SPEED:87
[2026-05-19 16:33:18] SERIAL:OK: LEFT:0
[2026-05-19 16:33:18] SERIAL:OK: LEFT:1
[2026-05-19 16:33:18] SERIAL:OK: BRAKE:0
[2026-05-19 16:33:19] SERIAL:OK: LEFT:0
[2026-05-19 16:33:19] SERIAL:OK: LEFT:1
[2026-05-19 16:33:19] SERIAL:OK: LEFT:0
[2026-05-19 16:33:19] SERIAL:OK: SPEED:67
[2026-05-19 16:33:19] SERIAL:OK: BRAKE:1
[2026-05-19 16:33:19] SERIAL:OK: SPEED:47
[2026-05-19 16:33:20] SERIAL:OK: SPEED:31
[2026-05-19 16:33:20] SERIAL:OK: SPEED:15
[2026-05-19 16:33:20] SERIAL:OK: SPEED:0
[2026-05-19 16:33:20] SERIAL:OK: LEFT:1
[2026-05-19 16:33:20] SERIAL:OK: LEFT:0
[2026-05-19 16:33:20] Автоповоротники вимкнено
[2026-05-19 16:33:23] SERIAL:INFO: servo detached (idle)
[2026-05-19 16:33:25] Автоповоротник ВЛІВО
[2026-05-19 16:33:25] SERIAL:OK: LEFT:1
[2026-05-19 16:33:26] SERIAL:OK: LEFT:0
[2026-05-19 16:33:26] SERIAL:OK: LEFT:1
[2026-05-19 16:33:26] SERIAL:OK: LEFT:0
[2026-05-19 16:33:27] SERIAL:OK: LEFT:1
[2026-05-19 16:33:27] SERIAL:OK: LEFT:0
[2026-05-19 16:33:27] SERIAL:OK: LEFT:1
[2026-05-19 16:33:28] SERIAL:OK: LEFT:0
[2026-05-19 16:33:28] SERIAL:OK: LEFT:1
[2026-05-19 16:33:28] SERIAL:OK: LEFT:0
[2026-05-19 16:33:29] SERIAL:OK: LEFT:1
[2026-05-19 16:33:29] Автоповоротники вимкнено
[2026-05-19 16:33:29] SERIAL:OK: LEFT:0
[2026-05-19 16:33:34] Автоповоротник ВЛІВО
[2026-05-19 16:33:34] SERIAL:OK: LEFT:1
[2026-05-19 16:33:34] SERIAL:OK: LEFT:0
[2026-05-19 16:33:35] SERIAL:OK: LEFT:1
[2026-05-19 16:33:35] SERIAL:OK: LEFT:0
[2026-05-19 16:33:35] SERIAL:OK: LEFT:1
[2026-05-19 16:33:36] Автоповоротник ВЛІВО
[2026-05-19 16:33:36] SERIAL:OK: LEFT:0
[2026-05-19 16:33:36] SERIAL:OK: LEFT:1
[2026-05-19 16:33:36] SERIAL:OK: LEFT:0
[2026-05-19 16:33:37] SERIAL:OK: LEFT:1
[2026-05-19 16:33:37] SERIAL:OK: LEFT:0
[2026-05-19 16:33:37] SERIAL:OK: LEFT:1
[2026-05-19 16:33:38] SERIAL:OK: LEFT:0
[2026-05-19 16:33:38] SERIAL:OK: LEFT:1
[2026-05-19 16:33:38] SERIAL:OK: LEFT:0
[2026-05-19 16:33:39] SERIAL:OK: LEFT:1
[2026-05-19 16:33:39] Автоповоротник ВПРАВО
[2026-05-19 16:33:39] SERIAL:OK: LEFT:0
[2026-05-19 16:33:39] SERIAL:OK: RIGHT:1
[2026-05-19 16:33:40] SERIAL:OK: RIGHT:0
[2026-05-19 16:33:40] SERIAL:OK: RIGHT:1
[2026-05-19 16:33:40] SERIAL:OK: RIGHT:0
[2026-05-19 16:33:41] SERIAL:OK: RIGHT:1
[2026-05-19 16:33:41] SERIAL:OK: RIGHT:0
[2026-05-19 16:33:42] SERIAL:OK: RIGHT:1
[2026-05-19 16:33:42] SERIAL:OK: RIGHT:0
[2026-05-19 16:33:42] SERIAL:OK: RIGHT:1
[2026-05-19 16:33:43] SERIAL:OK: RIGHT:0
[2026-05-19 16:33:43] SERIAL:OK: RIGHT:1
[2026-05-19 16:33:43] SERIAL:OK: RIGHT:0
[2026-05-19 16:33:44] SERIAL:OK: RIGHT:1
[2026-05-19 16:33:44] SERIAL:OK: RIGHT:0
[2026-05-19 16:33:44] Автоповоротники вимкнено
[2026-05-19 16:33:47] SERIAL:OK: LEFT:0
[2026-05-19 16:33:47] SERIAL:OK: RIGHT:0
[2026-05-19 16:33:47] SERIAL:OK: EMERGENCY:0
[2026-05-19 16:33:47] SERIAL:OK: BRAKE:0
[2026-05-19 16:33:48] SERIAL:OK: LEFT:0
[2026-05-19 16:33:48] SERIAL:OK: RIGHT:0
[2026-05-19 16:33:48] SERIAL:OK: EMERGENCY:0
[2026-05-19 16:33:48] SERIAL:OK: BRAKE:1
[2026-05-19 16:33:49] SERIAL:OK: SPEED:11
[2026-05-19 16:33:49] SERIAL:OK: BRAKE:0
[2026-05-19 16:33:49] SERIAL:OK: SPEED:12
[2026-05-19 16:33:49] SERIAL:OK: SPEED:16
[2026-05-19 16:33:49] SERIAL:OK: SPEED:20
[2026-05-19 16:33:49] SERIAL:OK: SPEED:28
[2026-05-19 16:33:49] SERIAL:OK: SPEED:33
[2026-05-19 16:33:49] SERIAL:OK: SPEED:42
[2026-05-19 16:33:49] SERIAL:OK: SPEED:50
[2026-05-19 16:33:50] SERIAL:OK: SPEED:55
[2026-05-19 16:33:50] SERIAL:OK: SPEED:60
[2026-05-19 16:33:50] SERIAL:OK: SPEED:65
[2026-05-19 16:33:50] SERIAL:OK: SPEED:68
[2026-05-19 16:33:50] SERIAL:OK: SPEED:72
[2026-05-19 16:33:50] SERIAL:OK: SPEED:75
[2026-05-19 16:33:50] SERIAL:OK: SPEED:78
[2026-05-19 16:33:50] SERIAL:OK: SPEED:83
[2026-05-19 16:33:50] SERIAL:OK: SPEED:86
[2026-05-19 16:33:50] SERIAL:OK: SPEED:90
[2026-05-19 16:33:50] SERIAL:OK: SPEED:93
[2026-05-19 16:33:50] SERIAL:OK: SPEED:96
[2026-05-19 16:33:50] SERIAL:OK: SPEED:98
[2026-05-19 16:33:50] SERIAL:OK: SPEED:99
[2026-05-19 16:33:50] SERIAL:OK: SPEED:100
[2026-05-19 16:33:53] SERIAL:OK: SPEED:99
[2026-05-19 16:33:53] SERIAL:OK: BRAKE:1
[2026-05-19 16:33:53] SERIAL:OK: SPEED:98
[2026-05-19 16:33:53] SERIAL:OK: SPEED:91
[2026-05-19 16:33:53] SERIAL:OK: SPEED:81
[2026-05-19 16:33:53] SERIAL:OK: SPEED:66
[2026-05-19 16:33:53] SERIAL:OK: SPEED:47
[2026-05-19 16:33:53] SERIAL:OK: SPEED:28
[2026-05-19 16:33:53] SERIAL:OK: SPEED:14
[2026-05-19 16:33:53] SERIAL:OK: SPEED:5
[2026-05-19 16:33:53] SERIAL:OK: SPEED:0
[2026-05-19 16:33:55] Обличчя зникло
[2026-05-19 16:33:56] SERIAL:INFO: servo detached (idle)
[2026-05-19 16:33:59] АВАРІЙКА: обличчя відсутнє 4.0с
[2026-05-19 16:33:59] SERIAL:OK: ALARM:1
[2026-05-19 16:34:00] SERIAL:OK: LEFT:1
[2026-05-19 16:34:00] SERIAL:OK: RIGHT:1
[2026-05-19 16:34:00] SERIAL:OK: EMERGENCY:1
[2026-05-19 16:34:00] SERIAL:OK: LEFT:0
[2026-05-19 16:34:00] SERIAL:OK: RIGHT:0
[2026-05-19 16:34:00] SERIAL:OK: EMERGENCY:0
[2026-05-19 16:34:00] SERIAL:OK: LEFT:1
[2026-05-19 16:34:00] SERIAL:OK: RIGHT:1
[2026-05-19 16:34:00] SERIAL:OK: EMERGENCY:1
[2026-05-19 16:34:01] SERIAL:OK: LEFT:0
[2026-05-19 16:34:01] SERIAL:OK: RIGHT:0
[2026-05-19 16:34:01] SERIAL:OK: EMERGENCY:0
[2026-05-19 16:34:01] SERIAL:OK: LEFT:1
[2026-05-19 16:34:01] SERIAL:OK: RIGHT:1
[2026-05-19 16:34:01] SERIAL:OK: EMERGENCY:1
[2026-05-19 16:34:01] SERIAL:OK: LEFT:0
[2026-05-19 16:34:01] SERIAL:OK: RIGHT:0
[2026-05-19 16:34:01] SERIAL:OK: EMERGENCY:0
[2026-05-19 16:34:02] SERIAL:OK: LEFT:1
[2026-05-19 16:34:02] SERIAL:OK: RIGHT:1
[2026-05-19 16:34:02] SERIAL:OK: EMERGENCY:1
[2026-05-19 16:34:02] SERIAL:OK: LEFT:0
[2026-05-19 16:34:02] SERIAL:OK: RIGHT:0
[2026-05-19 16:34:02] SERIAL:OK: EMERGENCY:0
[2026-05-19 16:34:03] SERIAL:OK: LEFT:1
[2026-05-19 16:34:03] SERIAL:OK: RIGHT:1
[2026-05-19 16:34:03] SERIAL:OK: EMERGENCY:1
[2026-05-19 16:34:03] SERIAL:OK: LEFT:0
[2026-05-19 16:34:03] SERIAL:OK: RIGHT:0
[2026-05-19 16:34:03] SERIAL:OK: EMERGENCY:0
[2026-05-19 16:34:03] SERIAL:OK: LEFT:1
[2026-05-19 16:34:03] SERIAL:OK: RIGHT:1
[2026-05-19 16:34:03] SERIAL:OK: EMERGENCY:1
[2026-05-19 16:34:04] SERIAL:OK: LEFT:0
[2026-05-19 16:34:04] SERIAL:OK: RIGHT:0
[2026-05-19 16:34:04] SERIAL:OK: EMERGENCY:0
[2026-05-19 16:34:04] SERIAL:OK: LEFT:1
[2026-05-19 16:34:04] SERIAL:OK: RIGHT:1
[2026-05-19 16:34:04] SERIAL:OK: EMERGENCY:1
[2026-05-19 16:34:04] SERIAL:OK: LEFT:0
[2026-05-19 16:34:04] SERIAL:OK: RIGHT:0
[2026-05-19 16:34:04] SERIAL:OK: EMERGENCY:0
[2026-05-19 16:34:05] SERIAL:OK: LEFT:1
[2026-05-19 16:34:05] SERIAL:OK: RIGHT:1
[2026-05-19 16:34:05] SERIAL:OK: EMERGENCY:1
[2026-05-19 16:34:05] SERIAL:OK: LEFT:0
[2026-05-19 16:34:05] SERIAL:OK: RIGHT:0
[2026-05-19 16:34:05] SERIAL:OK: EMERGENCY:0
[2026-05-19 16:34:05] Автоповоротник ВЛІВО
[2026-05-19 16:34:05] SERIAL:OK: LEFT:1
[2026-05-19 16:34:05] SERIAL:OK: RIGHT:1
[2026-05-19 16:34:05] SERIAL:OK: EMERGENCY:1
[2026-05-19 16:34:06] SERIAL:OK: LEFT:0
[2026-05-19 16:34:06] SERIAL:OK: RIGHT:0
[2026-05-19 16:34:06] SERIAL:OK: EMERGENCY:0
[2026-05-19 16:34:06] SERIAL:OK: LEFT:1
[2026-05-19 16:34:06] SERIAL:OK: RIGHT:1
[2026-05-19 16:34:06] SERIAL:OK: EMERGENCY:1
[2026-05-19 16:34:06] Аварійку вимкнено жестом peace
[2026-05-19 16:34:06] SERIAL:OK: ALARM:0
[2026-05-19 16:34:06] SERIAL:OK: LEFT:0
[2026-05-19 16:34:06] SERIAL:OK: RIGHT:0
[2026-05-19 16:34:06] SERIAL:OK: EMERGENCY:0
[2026-05-19 16:34:07] SERIAL:OK: LEFT:1
[2026-05-19 16:34:07] SERIAL:OK: LEFT:0
[2026-05-19 16:34:07] Автоповоротники вимкнено
[2026-05-19 16:34:39] SERIAL:OK: LEFT:0
[2026-05-19 16:34:39] SERIAL:OK: RIGHT:0
[2026-05-19 16:34:39] SERIAL:OK: EMERGENCY:0
[2026-05-19 16:34:39] SERIAL:OK: BRAKE:0
[2026-05-19 16:34:39] SERIAL:OK: LEFT:0
[2026-05-19 16:34:39] SERIAL:OK: RIGHT:0
[2026-05-19 16:34:39] SERIAL:OK: EMERGENCY:0
[2026-05-19 16:34:41] SERIAL:OK: BRAKE:1
[2026-05-19 16:34:42] SERIAL:OK: SPEED:14
[2026-05-19 16:34:42] SERIAL:OK: BRAKE:0
[2026-05-19 16:34:42] SERIAL:OK: SPEED:7
[2026-05-19 16:34:42] SERIAL:OK: BRAKE:1
[2026-05-19 16:34:42] SERIAL:OK: SPEED:5
[2026-05-19 16:34:42] SERIAL:OK: SPEED:9
[2026-05-19 16:34:42] SERIAL:OK: SPEED:18
[2026-05-19 16:34:42] SERIAL:OK: SPEED:31
[2026-05-19 16:34:42] SERIAL:OK: SPEED:45
[2026-05-19 16:34:42] SERIAL:OK: SPEED:58
[2026-05-19 16:34:43] SERIAL:OK: SPEED:69
[2026-05-19 16:34:43] SERIAL:OK: SPEED:73
[2026-05-19 16:34:43] SERIAL:OK: SPEED:76
[2026-05-19 16:34:43] SERIAL:OK: SPEED:79
[2026-05-19 16:34:43] SERIAL:OK: SPEED:83
[2026-05-19 16:34:43] SERIAL:OK: SPEED:86
[2026-05-19 16:34:43] SERIAL:OK: SPEED:89
[2026-05-19 16:34:43] SERIAL:OK: SPEED:92
[2026-05-19 16:34:43] SERIAL:OK: BRAKE:0
[2026-05-19 16:34:43] SERIAL:OK: SPEED:95
[2026-05-19 16:34:43] SERIAL:OK: SPEED:97
[2026-05-19 16:34:43] SERIAL:OK: SPEED:98
[2026-05-19 16:34:43] SERIAL:OK: SPEED:99
[2026-05-19 16:34:43] SERIAL:OK: SPEED:100
[2026-05-19 16:34:44] SERIAL:OK: SPEED:99
[2026-05-19 16:34:44] SERIAL:OK: BRAKE:1
[2026-05-19 16:34:44] SERIAL:OK: SPEED:95
[2026-05-19 16:34:44] SERIAL:OK: SPEED:87
[2026-05-19 16:34:44] SERIAL:OK: SPEED:79
[2026-05-19 16:34:44] SERIAL:OK: SPEED:67
[2026-05-19 16:34:44] SERIAL:OK: SPEED:49
[2026-05-19 16:34:45] SERIAL:OK: SPEED:33
[2026-05-19 16:34:45] SERIAL:OK: SPEED:21
[2026-05-19 16:34:45] SERIAL:OK: SPEED:9
[2026-05-19 16:34:45] SERIAL:OK: SPEED:2
[2026-05-19 16:34:45] SERIAL:OK: SPEED:0
[2026-05-19 16:34:48] SERIAL:INFO: servo detached (idle)
[2026-05-19 16:34:48] SERIAL:OK: LEFT:0
[2026-05-19 16:34:48] SERIAL:OK: RIGHT:0
[2026-05-19 16:34:48] SERIAL:OK: EMERGENCY:0
[2026-05-19 16:34:48] SERIAL:OK: BRAKE:0
[2026-05-19 16:34:49] SERIAL:OK: LEFT:0
[2026-05-19 16:34:49] SERIAL:OK: RIGHT:0
[2026-05-19 16:34:49] SERIAL:OK: EMERGENCY:0
[2026-05-19 16:35:00] SERIAL:OK: BRAKE:1
[2026-05-19 16:35:50] SERIAL:OK: SPEED:2
[2026-05-19 16:35:50] SERIAL:OK: BRAKE:0
[2026-05-19 16:35:50] SERIAL:OK: SPEED:5
[2026-05-19 16:35:50] SERIAL:OK: SPEED:10
[2026-05-19 16:35:50] SERIAL:OK: SPEED:16
[2026-05-19 16:35:50] SERIAL:OK: SPEED:25
[2026-05-19 16:35:50] SERIAL:OK: SPEED:32
[2026-05-19 16:35:50] SERIAL:OK: SPEED:39
[2026-05-19 16:35:50] SERIAL:OK: SPEED:48
[2026-05-19 16:35:50] SERIAL:OK: SPEED:54
[2026-05-19 16:35:50] SERIAL:OK: SPEED:60
[2026-05-19 16:35:51] SERIAL:OK: SPEED:65
[2026-05-19 16:35:51] SERIAL:OK: SPEED:69
[2026-05-19 16:35:51] SERIAL:OK: SPEED:70
[2026-05-19 16:35:51] SERIAL:OK: SPEED:72
[2026-05-19 16:35:51] SERIAL:OK: SPEED:73
[2026-05-19 16:35:51] SERIAL:OK: SPEED:74
[2026-05-19 16:35:51] SERIAL:OK: SPEED:75
[2026-05-19 16:35:51] SERIAL:OK: SPEED:76
[2026-05-19 16:35:51] SERIAL:OK: SPEED:77
[2026-05-19 16:35:51] SERIAL:OK: SPEED:78
[2026-05-19 16:35:51] SERIAL:OK: SPEED:79
[2026-05-19 16:35:51] SERIAL:OK: SPEED:80
[2026-05-19 16:35:51] SERIAL:OK: SPEED:81
[2026-05-19 16:35:51] SERIAL:OK: SPEED:82
[2026-05-19 16:35:51] SERIAL:OK: SPEED:84
[2026-05-19 16:35:51] SERIAL:OK: SPEED:87
[2026-05-19 16:35:52] SERIAL:OK: SPEED:91
[2026-05-19 16:35:52] SERIAL:OK: SPEED:94
[2026-05-19 16:35:52] SERIAL:OK: SPEED:97
[2026-05-19 16:35:52] SERIAL:OK: SPEED:99
[2026-05-19 16:35:52] SERIAL:OK: SPEED:100
[2026-05-19 16:35:58] SERIAL:OK: SPEED:99
[2026-05-19 16:35:58] SERIAL:OK: BRAKE:1
[2026-05-19 16:35:58] SERIAL:OK: SPEED:97
[2026-05-19 16:35:58] SERIAL:OK: SPEED:95
[2026-05-19 16:35:58] SERIAL:OK: SPEED:92
[2026-05-19 16:35:58] SERIAL:OK: SPEED:89
[2026-05-19 16:35:58] SERIAL:OK: SPEED:85
[2026-05-19 16:35:58] SERIAL:OK: SPEED:83
[2026-05-19 16:35:58] SERIAL:OK: SPEED:80
[2026-05-19 16:35:58] SERIAL:OK: SPEED:77
[2026-05-19 16:35:59] SERIAL:OK: SPEED:74
[2026-05-19 16:35:59] SERIAL:OK: SPEED:71
[2026-05-19 16:35:59] SERIAL:OK: SPEED:70
[2026-05-19 16:35:59] SERIAL:OK: SPEED:69
[2026-05-19 16:35:59] SERIAL:OK: SPEED:68
[2026-05-19 16:35:59] SERIAL:OK: BRAKE:0
[2026-05-19 16:35:59] SERIAL:OK: SPEED:67
[2026-05-19 16:36:00] SERIAL:OK: BRAKE:1
[2026-05-19 16:36:00] SERIAL:OK: SPEED:66
[2026-05-19 16:36:00] SERIAL:OK: SPEED:65
[2026-05-19 16:36:00] SERIAL:OK: SPEED:64
[2026-05-19 16:36:00] SERIAL:OK: SPEED:63
[2026-05-19 16:36:00] SERIAL:OK: SPEED:61
[2026-05-19 16:36:00] SERIAL:OK: SPEED:60
[2026-05-19 16:36:00] SERIAL:OK: SPEED:59
[2026-05-19 16:36:00] SERIAL:OK: SPEED:58
[2026-05-19 16:36:00] SERIAL:OK: SPEED:57
[2026-05-19 16:36:00] SERIAL:OK: SPEED:56
[2026-05-19 16:36:00] SERIAL:OK: SPEED:55
[2026-05-19 16:36:00] SERIAL:OK: SPEED:54
[2026-05-19 16:36:00] SERIAL:OK: SPEED:53
[2026-05-19 16:36:01] SERIAL:OK: SPEED:52
[2026-05-19 16:36:01] SERIAL:OK: SPEED:51
[2026-05-19 16:36:01] SERIAL:OK: SPEED:50
[2026-05-19 16:36:01] SERIAL:OK: SPEED:49
[2026-05-19 16:36:01] SERIAL:OK: SPEED:48
[2026-05-19 16:36:01] SERIAL:OK: SPEED:47
[2026-05-19 16:36:01] SERIAL:OK: SPEED:45
[2026-05-19 16:36:01] SERIAL:OK: SPEED:44
[2026-05-19 16:36:01] SERIAL:OK: SPEED:42
[2026-05-19 16:36:01] SERIAL:OK: SPEED:41
[2026-05-19 16:36:02] SERIAL:OK: SPEED:40
[2026-05-19 16:36:02] SERIAL:OK: SPEED:39
[2026-05-19 16:36:02] SERIAL:OK: SPEED:38
[2026-05-19 16:36:02] SERIAL:OK: SPEED:37
[2026-05-19 16:36:02] SERIAL:OK: SPEED:36
[2026-05-19 16:36:02] SERIAL:OK: SPEED:35
[2026-05-19 16:36:02] SERIAL:OK: SPEED:34
[2026-05-19 16:36:02] SERIAL:OK: SPEED:33
[2026-05-19 16:36:02] SERIAL:OK: SPEED:32
[2026-05-19 16:36:02] SERIAL:OK: SPEED:31
[2026-05-19 16:36:03] SERIAL:OK: SPEED:30
[2026-05-19 16:36:03] SERIAL:OK: SPEED:29
[2026-05-19 16:36:03] SERIAL:OK: SPEED:28
[2026-05-19 16:36:03] SERIAL:OK: SPEED:29
[2026-05-19 16:36:03] SERIAL:OK: BRAKE:0
[2026-05-19 16:36:03] SERIAL:OK: SPEED:30
[2026-05-19 16:36:04] SERIAL:OK: SPEED:29
[2026-05-19 16:36:04] SERIAL:OK: SPEED:28
[2026-05-19 16:36:04] SERIAL:OK: BRAKE:1
[2026-05-19 16:36:04] SERIAL:OK: SPEED:27
[2026-05-19 16:36:04] SERIAL:OK: SPEED:26
[2026-05-19 16:36:05] SERIAL:OK: SPEED:25
[2026-05-19 16:36:05] SERIAL:OK: BRAKE:0
[2026-05-19 16:36:05] SERIAL:OK: SPEED:24
[2026-05-19 16:36:05] SERIAL:OK: BRAKE:1
[2026-05-19 16:36:05] SERIAL:OK: SPEED:23
[2026-05-19 16:36:05] SERIAL:OK: SPEED:22
[2026-05-19 16:36:05] SERIAL:OK: SPEED:21
[2026-05-19 16:36:05] SERIAL:OK: SPEED:20
[2026-05-19 16:36:06] SERIAL:OK: BRAKE:0
[2026-05-19 16:36:06] SERIAL:OK: SPEED:19
[2026-05-19 16:36:06] SERIAL:OK: SPEED:18
[2026-05-19 16:36:06] SERIAL:OK: SPEED:17
[2026-05-19 16:36:07] SERIAL:OK: SPEED:16
[2026-05-19 16:36:07] SERIAL:OK: SPEED:15
[2026-05-19 16:36:07] SERIAL:OK: SPEED:14
[2026-05-19 16:36:07] SERIAL:OK: SPEED:13
[2026-05-19 16:36:07] SERIAL:OK: SPEED:12
[2026-05-19 16:36:07] SERIAL:OK: BRAKE:1
[2026-05-19 16:36:07] SERIAL:OK: SPEED:11
[2026-05-19 16:36:07] SERIAL:OK: SPEED:10
[2026-05-19 16:36:08] SERIAL:OK: SPEED:9
[2026-05-19 16:36:08] SERIAL:OK: SPEED:8
[2026-05-19 16:36:08] SERIAL:OK: SPEED:7
[2026-05-19 16:36:08] SERIAL:OK: BRAKE:0
[2026-05-19 16:36:08] SERIAL:OK: SPEED:6
[2026-05-19 16:36:08] SERIAL:OK: BRAKE:1
[2026-05-19 16:36:08] SERIAL:OK: SPEED:5
[2026-05-19 16:36:08] SERIAL:OK: SPEED:4
[2026-05-19 16:36:09] SERIAL:OK: SPEED:3
[2026-05-19 16:36:09] SERIAL:OK: SPEED:2
[2026-05-19 16:36:09] SERIAL:OK: BRAKE:0
[2026-05-19 16:36:09] SERIAL:OK: SPEED:1
[2026-05-19 16:36:10] SERIAL:OK: SPEED:0
[2026-05-19 16:36:10] SERIAL:OK: BRAKE:1
[2026-05-19 16:36:13] SERIAL:INFO: servo detached (idle)
[2026-05-19 16:36:17] Автоповоротник ВЛІВО
[2026-05-19 16:36:18] SERIAL:OK: LEFT:1
[2026-05-19 16:36:18] SERIAL:OK: LEFT:0
[2026-05-19 16:36:19] SERIAL:OK: LEFT:1
[2026-05-19 16:36:19] SERIAL:OK: LEFT:0
[2026-05-19 16:36:19] Автоповоротник ВЛІВО
[2026-05-19 16:36:19] SERIAL:OK: LEFT:1
[2026-05-19 16:36:20] SERIAL:OK: LEFT:0
[2026-05-19 16:36:20] SERIAL:OK: LEFT:1
[2026-05-19 16:36:20] SERIAL:OK: LEFT:0
[2026-05-19 16:36:21] SERIAL:OK: LEFT:1
[2026-05-19 16:36:21] SERIAL:OK: LEFT:0
[2026-05-19 16:36:21] SERIAL:OK: LEFT:1
[2026-05-19 16:36:22] SERIAL:OK: LEFT:0
[2026-05-19 16:36:22] Автоповоротники вимкнено
[2026-05-19 16:36:27] Автоповоротник ВПРАВО
[2026-05-19 16:36:27] SERIAL:OK: RIGHT:1
[2026-05-19 16:36:28] SERIAL:OK: RIGHT:0
[2026-05-19 16:36:28] SERIAL:OK: RIGHT:1
[2026-05-19 16:36:28] SERIAL:OK: RIGHT:0
[2026-05-19 16:36:29] SERIAL:OK: RIGHT:1
[2026-05-19 16:36:29] Автоповоротник ВПРАВО
[2026-05-19 16:36:29] SERIAL:OK: RIGHT:0
[2026-05-19 16:36:29] SERIAL:OK: RIGHT:1
[2026-05-19 16:36:30] SERIAL:OK: RIGHT:0
[2026-05-19 16:36:30] SERIAL:OK: RIGHT:1
[2026-05-19 16:36:30] SERIAL:OK: RIGHT:0
[2026-05-19 16:36:31] SERIAL:OK: RIGHT:1
[2026-05-19 16:36:31] SERIAL:OK: RIGHT:0
[2026-05-19 16:36:31] SERIAL:OK: RIGHT:1
[2026-05-19 16:36:32] Автоповоротники вимкнено
[2026-05-19 16:36:32] SERIAL:OK: RIGHT:0
[2026-05-19 16:36:49] SERIAL:OK: SPEED:1
[2026-05-19 16:36:49] SERIAL:OK: BRAKE:0
[2026-05-19 16:36:49] SERIAL:OK: SPEED:7
[2026-05-19 16:36:49] SERIAL:OK: SPEED:14
[2026-05-19 16:36:49] SERIAL:OK: SPEED:22
[2026-05-19 16:36:49] SERIAL:OK: SPEED:30
[2026-05-19 16:36:49] SERIAL:OK: SPEED:37
[2026-05-19 16:36:49] SERIAL:OK: SPEED:40
[2026-05-19 16:36:49] SERIAL:OK: SPEED:41
[2026-05-19 16:36:49] SERIAL:OK: SPEED:42
[2026-05-19 16:36:50] SERIAL:OK: SPEED:43
[2026-05-19 16:36:50] SERIAL:OK: SPEED:44
[2026-05-19 16:36:50] SERIAL:OK: SPEED:45
[2026-05-19 16:36:50] SERIAL:OK: SPEED:46
[2026-05-19 16:36:50] SERIAL:OK: SPEED:47
[2026-05-19 16:36:50] SERIAL:OK: SPEED:48
[2026-05-19 16:36:51] SERIAL:OK: SPEED:49
[2026-05-19 16:36:59] SERIAL:OK: ALARM:1
[2026-05-19 16:36:59] SERIAL:OK: BRAKE:1
[2026-05-19 16:36:59] SERIAL:OK: SPEED:48
[2026-05-19 16:36:59] SERIAL:OK: LEFT:1
[2026-05-19 16:36:59] SERIAL:OK: RIGHT:1
[2026-05-19 16:36:59] SERIAL:OK: EMERGENCY:1
[2026-05-19 16:36:59] SERIAL:OK: SPEED:47
[2026-05-19 16:37:00] SERIAL:OK: LEFT:0
[2026-05-19 16:37:00] SERIAL:OK: RIGHT:0
[2026-05-19 16:37:00] SERIAL:OK: EMERGENCY:0
[2026-05-19 16:37:00] SERIAL:OK: SPEED:46
[2026-05-19 16:37:00] SERIAL:OK: SPEED:45
[2026-05-19 16:37:00] SERIAL:OK: LEFT:1
[2026-05-19 16:37:00] SERIAL:OK: RIGHT:1
[2026-05-19 16:37:00] SERIAL:OK: EMERGENCY:1
[2026-05-19 16:37:00] SERIAL:OK: SPEED:44
[2026-05-19 16:37:00] SERIAL:OK: LEFT:0
[2026-05-19 16:37:00] SERIAL:OK: RIGHT:0
[2026-05-19 16:37:00] SERIAL:OK: EMERGENCY:0
[2026-05-19 16:37:00] SERIAL:OK: SPEED:43
[2026-05-19 16:37:00] SERIAL:OK: SPEED:42
[2026-05-19 16:37:01] SERIAL:OK: LEFT:1
[2026-05-19 16:37:01] SERIAL:OK: RIGHT:1
[2026-05-19 16:37:01] SERIAL:OK: EMERGENCY:1
[2026-05-19 16:37:01] SERIAL:OK: SPEED:41
[2026-05-19 16:37:01] SERIAL:OK: SPEED:40
[2026-05-19 16:37:01] SERIAL:OK: LEFT:0
[2026-05-19 16:37:01] SERIAL:OK: RIGHT:0
[2026-05-19 16:37:01] SERIAL:OK: EMERGENCY:0
[2026-05-19 16:37:01] SERIAL:OK: SPEED:39
[2026-05-19 16:37:01] SERIAL:OK: LEFT:1
[2026-05-19 16:37:01] SERIAL:OK: RIGHT:1
[2026-05-19 16:37:01] SERIAL:OK: EMERGENCY:1
[2026-05-19 16:37:01] SERIAL:OK: SPEED:38
[2026-05-19 16:37:01] SERIAL:OK: SPEED:37
[2026-05-19 16:37:02] SERIAL:OK: LEFT:0
[2026-05-19 16:37:02] SERIAL:OK: RIGHT:0
[2026-05-19 16:37:02] SERIAL:OK: EMERGENCY:0
[2026-05-19 16:37:02] SERIAL:OK: SPEED:36
[2026-05-19 16:37:02] SERIAL:OK: LEFT:1
[2026-05-19 16:37:02] SERIAL:OK: RIGHT:1
[2026-05-19 16:37:02] SERIAL:OK: EMERGENCY:1
[2026-05-19 16:37:02] SERIAL:OK: SPEED:35
[2026-05-19 16:37:02] SERIAL:OK: SPEED:34
[2026-05-19 16:37:02] SERIAL:OK: LEFT:0
[2026-05-19 16:37:02] SERIAL:OK: RIGHT:0
[2026-05-19 16:37:02] SERIAL:OK: EMERGENCY:0
[2026-05-19 16:37:02] SERIAL:OK: SPEED:33
[2026-05-19 16:37:02] SERIAL:OK: SPEED:32
[2026-05-19 16:37:03] SERIAL:OK: LEFT:1
[2026-05-19 16:37:03] SERIAL:OK: RIGHT:1
[2026-05-19 16:37:03] SERIAL:OK: EMERGENCY:1
[2026-05-19 16:37:03] SERIAL:OK: SPEED:31
[2026-05-19 16:37:03] SERIAL:OK: LEFT:0
[2026-05-19 16:37:03] SERIAL:OK: RIGHT:0
[2026-05-19 16:37:03] SERIAL:OK: EMERGENCY:0
[2026-05-19 16:37:03] SERIAL:OK: SPEED:30
[2026-05-19 16:37:03] SERIAL:OK: SPEED:29
[2026-05-19 16:37:03] SERIAL:OK: LEFT:1
[2026-05-19 16:37:03] SERIAL:OK: RIGHT:1
[2026-05-19 16:37:03] SERIAL:OK: EMERGENCY:1
[2026-05-19 16:37:03] SERIAL:OK: SPEED:28
[2026-05-19 16:37:03] SERIAL:OK: SPEED:27
[2026-05-19 16:37:04] SERIAL:OK: LEFT:0
[2026-05-19 16:37:04] SERIAL:OK: RIGHT:0
[2026-05-19 16:37:04] SERIAL:OK: EMERGENCY:0
[2026-05-19 16:37:04] SERIAL:OK: SPEED:26
[2026-05-19 16:37:04] SERIAL:OK: SPEED:25
[2026-05-19 16:37:04] SERIAL:OK: LEFT:1
[2026-05-19 16:37:04] SERIAL:OK: RIGHT:1
[2026-05-19 16:37:04] SERIAL:OK: EMERGENCY:1
[2026-05-19 16:37:04] SERIAL:OK: SPEED:24
[2026-05-19 16:37:04] SERIAL:OK: LEFT:0
[2026-05-19 16:37:04] SERIAL:OK: RIGHT:0
[2026-05-19 16:37:04] SERIAL:OK: EMERGENCY:0
[2026-05-19 16:37:04] SERIAL:OK: SPEED:23
[2026-05-19 16:37:04] SERIAL:OK: SPEED:22
[2026-05-19 16:37:05] SERIAL:OK: LEFT:1
[2026-05-19 16:37:05] SERIAL:OK: RIGHT:1
[2026-05-19 16:37:05] SERIAL:OK: EMERGENCY:1
[2026-05-19 16:37:05] SERIAL:OK: SPEED:21
[2026-05-19 16:37:05] SERIAL:OK: SPEED:20
[2026-05-19 16:37:05] SERIAL:OK: LEFT:0
[2026-05-19 16:37:05] SERIAL:OK: RIGHT:0
[2026-05-19 16:37:05] SERIAL:OK: EMERGENCY:0
[2026-05-19 16:37:05] SERIAL:OK: SPEED:19
[2026-05-19 16:37:05] SERIAL:OK: LEFT:1
[2026-05-19 16:37:05] SERIAL:OK: RIGHT:1
[2026-05-19 16:37:05] SERIAL:OK: EMERGENCY:1
[2026-05-19 16:37:05] SERIAL:OK: SPEED:18
[2026-05-19 16:37:06] SERIAL:OK: SPEED:17
[2026-05-19 16:37:06] SERIAL:OK: LEFT:0
[2026-05-19 16:37:06] SERIAL:OK: RIGHT:0
[2026-05-19 16:37:06] SERIAL:OK: EMERGENCY:0
[2026-05-19 16:37:06] SERIAL:OK: SPEED:16
[2026-05-19 16:37:06] SERIAL:OK: LEFT:1
[2026-05-19 16:37:06] SERIAL:OK: RIGHT:1
[2026-05-19 16:37:06] SERIAL:OK: EMERGENCY:1
[2026-05-19 16:37:06] SERIAL:OK: SPEED:15
[2026-05-19 16:37:06] SERIAL:OK: SPEED:14
[2026-05-19 16:37:06] SERIAL:OK: LEFT:0
[2026-05-19 16:37:06] SERIAL:OK: RIGHT:0
[2026-05-19 16:37:06] SERIAL:OK: EMERGENCY:0
[2026-05-19 16:37:06] SERIAL:OK: SPEED:13
[2026-05-19 16:37:07] SERIAL:OK: SPEED:12
[2026-05-19 16:37:07] SERIAL:OK: LEFT:1
[2026-05-19 16:37:07] SERIAL:OK: RIGHT:1
[2026-05-19 16:37:07] SERIAL:OK: EMERGENCY:1
[2026-05-19 16:37:07] SERIAL:OK: SPEED:11
[2026-05-19 16:37:07] SERIAL:OK: LEFT:0
[2026-05-19 16:37:07] SERIAL:OK: RIGHT:0
[2026-05-19 16:37:07] SERIAL:OK: EMERGENCY:0
[2026-05-19 16:37:07] SERIAL:OK: SPEED:10
[2026-05-19 16:37:07] SERIAL:OK: SPEED:9
[2026-05-19 16:37:07] SERIAL:OK: LEFT:1
[2026-05-19 16:37:07] SERIAL:OK: RIGHT:1
[2026-05-19 16:37:07] SERIAL:OK: EMERGENCY:1
[2026-05-19 16:37:07] SERIAL:OK: SPEED:8
[2026-05-19 16:37:08] SERIAL:OK: SPEED:7
[2026-05-19 16:37:08] SERIAL:OK: LEFT:0
[2026-05-19 16:37:08] SERIAL:OK: RIGHT:0
[2026-05-19 16:37:08] SERIAL:OK: EMERGENCY:0
[2026-05-19 16:37:08] SERIAL:OK: SPEED:6
[2026-05-19 16:37:08] SERIAL:OK: LEFT:1
[2026-05-19 16:37:08] SERIAL:OK: RIGHT:1
[2026-05-19 16:37:08] SERIAL:OK: EMERGENCY:1
[2026-05-19 16:37:08] SERIAL:OK: SPEED:5
[2026-05-19 16:37:08] SERIAL:OK: SPEED:4
[2026-05-19 16:37:08] SERIAL:OK: LEFT:0
[2026-05-19 16:37:08] SERIAL:OK: RIGHT:0
[2026-05-19 16:37:08] SERIAL:OK: EMERGENCY:0
[2026-05-19 16:37:08] SERIAL:OK: SPEED:3
[2026-05-19 16:37:09] SERIAL:OK: SPEED:2
[2026-05-19 16:37:09] SERIAL:OK: LEFT:1
[2026-05-19 16:37:09] SERIAL:OK: RIGHT:1
[2026-05-19 16:37:09] SERIAL:OK: EMERGENCY:1
[2026-05-19 16:37:09] SERIAL:OK: SPEED:1
[2026-05-19 16:37:09] SERIAL:OK: LEFT:0
[2026-05-19 16:37:09] SERIAL:OK: RIGHT:0
[2026-05-19 16:37:09] SERIAL:OK: EMERGENCY:0
[2026-05-19 16:37:09] SERIAL:OK: SPEED:0
[2026-05-19 16:37:09] SERIAL:OK: LEFT:1
[2026-05-19 16:37:09] SERIAL:OK: RIGHT:1
[2026-05-19 16:37:09] SERIAL:OK: EMERGENCY:1
[2026-05-19 16:37:10] SERIAL:OK: LEFT:0
[2026-05-19 16:37:10] SERIAL:OK: RIGHT:0
[2026-05-19 16:37:10] SERIAL:OK: EMERGENCY:0
[2026-05-19 16:37:10] SERIAL:OK: LEFT:1
[2026-05-19 16:37:10] SERIAL:OK: RIGHT:1
[2026-05-19 16:37:10] SERIAL:OK: EMERGENCY:1
[2026-05-19 16:37:10] SERIAL:OK: LEFT:0
[2026-05-19 16:37:10] SERIAL:OK: RIGHT:0
[2026-05-19 16:37:10] SERIAL:OK: EMERGENCY:0
[2026-05-19 16:37:11] SERIAL:OK: LEFT:1
[2026-05-19 16:37:11] SERIAL:OK: RIGHT:1
[2026-05-19 16:37:11] SERIAL:OK: EMERGENCY:1
[2026-05-19 16:37:11] SERIAL:OK: LEFT:0
[2026-05-19 16:37:11] SERIAL:OK: RIGHT:0
[2026-05-19 16:37:11] SERIAL:OK: EMERGENCY:0
[2026-05-19 16:37:11] SERIAL:OK: LEFT:1
[2026-05-19 16:37:11] SERIAL:OK: RIGHT:1
[2026-05-19 16:37:11] SERIAL:OK: EMERGENCY:1
[2026-05-19 16:37:12] SERIAL:OK: LEFT:0
[2026-05-19 16:37:12] SERIAL:OK: RIGHT:0
[2026-05-19 16:37:12] SERIAL:OK: EMERGENCY:0
[2026-05-19 16:37:12] SERIAL:OK: LEFT:1
[2026-05-19 16:37:12] SERIAL:OK: RIGHT:1
[2026-05-19 16:37:12] SERIAL:OK: EMERGENCY:1
[2026-05-19 16:37:12] SERIAL:INFO: servo detached (idle)
[2026-05-19 16:37:12] SERIAL:OK: LEFT:0
[2026-05-19 16:37:12] SERIAL:OK: RIGHT:0
[2026-05-19 16:37:12] SERIAL:OK: EMERGENCY:0
[2026-05-19 16:37:13] SERIAL:OK: LEFT:1
[2026-05-19 16:37:13] SERIAL:OK: RIGHT:1
[2026-05-19 16:37:13] SERIAL:OK: EMERGENCY:1
[2026-05-19 16:37:13] SERIAL:OK: LEFT:0
[2026-05-19 16:37:13] SERIAL:OK: RIGHT:0
[2026-05-19 16:37:13] SERIAL:OK: EMERGENCY:0
[2026-05-19 16:37:13] SERIAL:OK: LEFT:1
[2026-05-19 16:37:13] SERIAL:OK: RIGHT:1
[2026-05-19 16:37:13] SERIAL:OK: EMERGENCY:1
[2026-05-19 16:37:14] SERIAL:OK: LEFT:0
[2026-05-19 16:37:14] SERIAL:OK: RIGHT:0
[2026-05-19 16:37:14] SERIAL:OK: EMERGENCY:0
[2026-05-19 16:37:14] SERIAL:OK: LEFT:1
[2026-05-19 16:37:14] SERIAL:OK: RIGHT:1
[2026-05-19 16:37:14] SERIAL:OK: EMERGENCY:1
[2026-05-19 16:37:14] SERIAL:OK: LEFT:0
[2026-05-19 16:37:14] SERIAL:OK: RIGHT:0
[2026-05-19 16:37:14] SERIAL:OK: EMERGENCY:0
[2026-05-19 16:37:15] SERIAL:OK: LEFT:1
[2026-05-19 16:37:15] SERIAL:OK: RIGHT:1
[2026-05-19 16:37:15] SERIAL:OK: EMERGENCY:1
[2026-05-19 16:37:15] SERIAL:OK: LEFT:0
[2026-05-19 16:37:15] SERIAL:OK: RIGHT:0
[2026-05-19 16:37:15] SERIAL:OK: EMERGENCY:0
[2026-05-19 16:37:15] SERIAL:OK: LEFT:1
[2026-05-19 16:37:15] SERIAL:OK: RIGHT:1
[2026-05-19 16:37:15] SERIAL:OK: EMERGENCY:1
[2026-05-19 16:37:16] SERIAL:OK: LEFT:0
[2026-05-19 16:37:16] SERIAL:OK: RIGHT:0
[2026-05-19 16:37:16] SERIAL:OK: EMERGENCY:0
[2026-05-19 16:37:16] SERIAL:OK: LEFT:1
[2026-05-19 16:37:16] SERIAL:OK: RIGHT:1
[2026-05-19 16:37:16] SERIAL:OK: EMERGENCY:1
[2026-05-19 16:37:16] Аварійку вимкнено жестом peace
[2026-05-19 16:37:16] SERIAL:OK: ALARM:0
[2026-05-19 16:37:16] SERIAL:OK: LEFT:0
[2026-05-19 16:37:16] SERIAL:OK: RIGHT:0
[2026-05-19 16:37:16] SERIAL:OK: EMERGENCY:0
[2026-05-19 16:37:29] SERIAL:OK: SPEED:70
[2026-05-19 16:37:29] SERIAL:OK: BRAKE:0
[2026-05-19 16:37:29] SERIAL:OK: SPEED:51
[2026-05-19 16:37:29] SERIAL:OK: BRAKE:1
[2026-05-19 16:37:29] SERIAL:OK: SPEED:40
[2026-05-19 16:37:29] SERIAL:OK: SPEED:30
[2026-05-19 16:37:30] SERIAL:OK: SPEED:24
[2026-05-19 16:37:30] SERIAL:OK: SPEED:10
[2026-05-19 16:37:30] SERIAL:OK: SPEED:4
[2026-05-19 16:37:30] SERIAL:OK: SPEED:0
[2026-05-19 16:37:33] SERIAL:INFO: servo detached (idle)
[2026-05-19 16:37:34] SERIAL:OK: SPEED:1
[2026-05-19 16:37:34] SERIAL:OK: BRAKE:0
[2026-05-19 16:37:34] SERIAL:OK: SPEED:3
[2026-05-19 16:37:34] SERIAL:OK: SPEED:7
[2026-05-19 16:37:34] SERIAL:OK: SPEED:11
[2026-05-19 16:37:34] SERIAL:OK: SPEED:15
[2026-05-19 16:37:34] SERIAL:OK: SPEED:19
[2026-05-19 16:37:34] SERIAL:OK: SPEED:23
[2026-05-19 16:37:34] SERIAL:OK: SPEED:25
[2026-05-19 16:37:34] SERIAL:OK: SPEED:26
[2026-05-19 16:37:34] SERIAL:OK: SPEED:28
[2026-05-19 16:37:35] SERIAL:OK: SPEED:29
[2026-05-19 16:37:35] SERIAL:OK: SPEED:30
[2026-05-19 16:37:35] SERIAL:OK: SPEED:31
[2026-05-19 16:37:35] SERIAL:OK: SPEED:32
[2026-05-19 16:37:35] SERIAL:OK: SPEED:33
[2026-05-19 16:37:35] SERIAL:OK: SPEED:34
[2026-05-19 16:37:35] SERIAL:OK: SPEED:35
[2026-05-19 16:37:35] SERIAL:OK: SPEED:36
[2026-05-19 16:37:36] SERIAL:OK: SPEED:37
[2026-05-19 16:37:36] SERIAL:OK: SPEED:38
[2026-05-19 16:37:36] SERIAL:OK: SPEED:39
[2026-05-19 16:37:37] SERIAL:OK: SPEED:38
[2026-05-19 16:37:37] SERIAL:OK: SPEED:37
[2026-05-19 16:37:37] SERIAL:OK: SPEED:38
[2026-05-19 16:37:38] SERIAL:OK: SPEED:37
[2026-05-19 16:37:38] SERIAL:OK: SPEED:38
[2026-05-19 16:37:38] SERIAL:OK: SPEED:37
[2026-05-19 16:37:38] SERIAL:OK: BRAKE:1
[2026-05-19 16:37:38] SERIAL:OK: SPEED:35
[2026-05-19 16:37:39] SERIAL:OK: BRAKE:0
[2026-05-19 16:37:45] Обличчя зникло
[2026-05-19 16:37:49] SERIAL:OK: ALARM:1
[2026-05-19 16:37:49] НАХИЛ ГОЛОВИ вниз (50.2°)
[2026-05-19 16:37:49] SERIAL:OK: BRAKE:1
[2026-05-19 16:37:49] SERIAL:OK: SPEED:34
[2026-05-19 16:37:50] SERIAL:OK: SPEED:33
[2026-05-19 16:37:50] SERIAL:OK: LEFT:1
[2026-05-19 16:37:50] SERIAL:OK: RIGHT:1
[2026-05-19 16:37:50] SERIAL:OK: EMERGENCY:1
[2026-05-19 16:37:50] SERIAL:OK: SPEED:32
[2026-05-19 16:37:50] SERIAL:OK: LEFT:0
[2026-05-19 16:37:50] SERIAL:OK: RIGHT:0
[2026-05-19 16:37:50] SERIAL:OK: EMERGENCY:0
[2026-05-19 16:37:50] SERIAL:OK: SPEED:31
[2026-05-19 16:37:51] SERIAL:OK: LEFT:1
[2026-05-19 16:37:51] SERIAL:OK: RIGHT:1
[2026-05-19 16:37:51] SERIAL:OK: EMERGENCY:1
[2026-05-19 16:37:51] SERIAL:OK: SPEED:30
[2026-05-19 16:37:51] SERIAL:OK: LEFT:0
[2026-05-19 16:37:51] SERIAL:OK: RIGHT:0
[2026-05-19 16:37:51] SERIAL:OK: EMERGENCY:0
[2026-05-19 16:37:51] SERIAL:OK: SPEED:29
[2026-05-19 16:37:51] SERIAL:OK: SPEED:28
[2026-05-19 16:37:51] SERIAL:OK: LEFT:1
[2026-05-19 16:37:51] SERIAL:OK: RIGHT:1
[2026-05-19 16:37:51] SERIAL:OK: EMERGENCY:1
[2026-05-19 16:37:51] SERIAL:OK: SPEED:27
[2026-05-19 16:37:52] SERIAL:OK: LEFT:0
[2026-05-19 16:37:52] SERIAL:OK: RIGHT:0
[2026-05-19 16:37:52] SERIAL:OK: EMERGENCY:0
[2026-05-19 16:37:52] SERIAL:OK: SPEED:26
[2026-05-19 16:37:52] SERIAL:OK: LEFT:1
[2026-05-19 16:37:52] SERIAL:OK: RIGHT:1
[2026-05-19 16:37:52] SERIAL:OK: EMERGENCY:1
[2026-05-19 16:37:52] SERIAL:OK: SPEED:25
[2026-05-19 16:37:52] SERIAL:OK: LEFT:0
[2026-05-19 16:37:52] SERIAL:OK: RIGHT:0
[2026-05-19 16:37:52] SERIAL:OK: EMERGENCY:0
[2026-05-19 16:37:52] SERIAL:OK: SPEED:24
[2026-05-19 16:37:53] SERIAL:OK: LEFT:1
[2026-05-19 16:37:53] SERIAL:OK: RIGHT:1
[2026-05-19 16:37:53] SERIAL:OK: EMERGENCY:1
[2026-05-19 16:37:53] SERIAL:OK: SPEED:23
[2026-05-19 16:37:53] SERIAL:OK: SPEED:22
[2026-05-19 16:37:53] SERIAL:OK: LEFT:0
[2026-05-19 16:37:53] SERIAL:OK: RIGHT:0
[2026-05-19 16:37:53] SERIAL:OK: EMERGENCY:0
[2026-05-19 16:37:53] SERIAL:OK: SPEED:21
[2026-05-19 16:37:53] SERIAL:OK: LEFT:1
[2026-05-19 16:37:53] SERIAL:OK: RIGHT:1
[2026-05-19 16:37:53] SERIAL:OK: EMERGENCY:1
[2026-05-19 16:37:53] SERIAL:OK: SPEED:20
[2026-05-19 16:37:54] SERIAL:OK: LEFT:0
[2026-05-19 16:37:54] SERIAL:OK: RIGHT:0
[2026-05-19 16:37:54] SERIAL:OK: EMERGENCY:0
[2026-05-19 16:37:54] SERIAL:OK: SPEED:19
[2026-05-19 16:37:54] SERIAL:OK: LEFT:1
[2026-05-19 16:37:54] SERIAL:OK: RIGHT:1
[2026-05-19 16:37:54] SERIAL:OK: EMERGENCY:1
[2026-05-19 16:37:54] SERIAL:OK: SPEED:18
[2026-05-19 16:37:54] SERIAL:OK: LEFT:0
[2026-05-19 16:37:54] SERIAL:OK: RIGHT:0
[2026-05-19 16:37:54] SERIAL:OK: EMERGENCY:0
[2026-05-19 16:37:54] SERIAL:OK: SPEED:17
[2026-05-19 16:37:55] SERIAL:OK: SPEED:16
[2026-05-19 16:37:55] SERIAL:OK: LEFT:1
[2026-05-19 16:37:55] SERIAL:OK: RIGHT:1
[2026-05-19 16:37:55] SERIAL:OK: EMERGENCY:1
[2026-05-19 16:37:55] SERIAL:OK: SPEED:15
[2026-05-19 16:37:55] SERIAL:OK: LEFT:0
[2026-05-19 16:37:55] SERIAL:OK: RIGHT:0
[2026-05-19 16:37:55] SERIAL:OK: EMERGENCY:0
[2026-05-19 16:37:55] SERIAL:OK: SPEED:14
[2026-05-19 16:37:55] SERIAL:OK: LEFT:1
[2026-05-19 16:37:55] SERIAL:OK: RIGHT:1
[2026-05-19 16:37:55] SERIAL:OK: EMERGENCY:1
[2026-05-19 16:37:55] SERIAL:OK: SPEED:13
[2026-05-19 16:37:56] SERIAL:OK: LEFT:0
[2026-05-19 16:37:56] SERIAL:OK: RIGHT:0
[2026-05-19 16:37:56] SERIAL:OK: EMERGENCY:0
[2026-05-19 16:37:56] SERIAL:OK: SPEED:12
[2026-05-19 16:37:56] SERIAL:OK: LEFT:1
[2026-05-19 16:37:56] SERIAL:OK: RIGHT:1
[2026-05-19 16:37:56] SERIAL:OK: EMERGENCY:1
[2026-05-19 16:37:56] SERIAL:OK: SPEED:11
[2026-05-19 16:37:56] SERIAL:OK: SPEED:10
[2026-05-19 16:37:56] SERIAL:OK: LEFT:0
[2026-05-19 16:37:56] SERIAL:OK: RIGHT:0
[2026-05-19 16:37:56] SERIAL:OK: EMERGENCY:0
[2026-05-19 16:37:57] SERIAL:OK: SPEED:9
[2026-05-19 16:37:57] SERIAL:OK: LEFT:1
[2026-05-19 16:37:57] SERIAL:OK: RIGHT:1
[2026-05-19 16:37:57] SERIAL:OK: EMERGENCY:1
[2026-05-19 16:37:57] SERIAL:OK: SPEED:8
[2026-05-19 16:37:57] SERIAL:OK: LEFT:0
[2026-05-19 16:37:57] SERIAL:OK: RIGHT:0
[2026-05-19 16:37:57] SERIAL:OK: EMERGENCY:0
[2026-05-19 16:37:57] SERIAL:OK: SPEED:7
[2026-05-19 16:37:57] SERIAL:OK: LEFT:1
[2026-05-19 16:37:57] SERIAL:OK: RIGHT:1
[2026-05-19 16:37:57] SERIAL:OK: EMERGENCY:1
[2026-05-19 16:37:57] SERIAL:OK: SPEED:6
[2026-05-19 16:37:58] SERIAL:OK: LEFT:0
[2026-05-19 16:37:58] SERIAL:OK: RIGHT:0
[2026-05-19 16:37:58] SERIAL:OK: EMERGENCY:0
[2026-05-19 16:37:58] SERIAL:OK: SPEED:5
[2026-05-19 16:37:58] SERIAL:OK: SPEED:4
[2026-05-19 16:37:58] SERIAL:OK: LEFT:1
[2026-05-19 16:37:58] SERIAL:OK: RIGHT:1
[2026-05-19 16:37:58] SERIAL:OK: EMERGENCY:1
[2026-05-19 16:37:58] SERIAL:OK: SPEED:3
[2026-05-19 16:37:58] SERIAL:OK: LEFT:0
[2026-05-19 16:37:58] SERIAL:OK: RIGHT:0
[2026-05-19 16:37:58] SERIAL:OK: EMERGENCY:0
[2026-05-19 16:37:59] SERIAL:OK: SPEED:2
[2026-05-19 16:37:59] SERIAL:OK: LEFT:1
[2026-05-19 16:37:59] SERIAL:OK: RIGHT:1
[2026-05-19 16:37:59] SERIAL:OK: EMERGENCY:1
[2026-05-19 16:37:59] SERIAL:OK: SPEED:1
[2026-05-19 16:37:59] SERIAL:OK: LEFT:0
[2026-05-19 16:37:59] SERIAL:OK: RIGHT:0
[2026-05-19 16:37:59] SERIAL:OK: EMERGENCY:0
[2026-05-19 16:37:59] SERIAL:OK: SPEED:0
[2026-05-19 16:37:59] SERIAL:OK: LEFT:1
[2026-05-19 16:37:59] SERIAL:OK: RIGHT:1
[2026-05-19 16:37:59] SERIAL:OK: EMERGENCY:1
[2026-05-19 16:38:00] SERIAL:OK: LEFT:0
[2026-05-19 16:38:00] SERIAL:OK: RIGHT:0
[2026-05-19 16:38:00] SERIAL:OK: EMERGENCY:0
[2026-05-19 16:38:00] SERIAL:OK: LEFT:1
[2026-05-19 16:38:00] SERIAL:OK: RIGHT:1
[2026-05-19 16:38:00] SERIAL:OK: EMERGENCY:1
[2026-05-19 16:38:00] SERIAL:OK: LEFT:0
[2026-05-19 16:38:00] SERIAL:OK: RIGHT:0
[2026-05-19 16:38:00] SERIAL:OK: EMERGENCY:0
[2026-05-19 16:38:01] SERIAL:OK: LEFT:1
[2026-05-19 16:38:01] SERIAL:OK: RIGHT:1
[2026-05-19 16:38:01] SERIAL:OK: EMERGENCY:1
[2026-05-19 16:38:01] SERIAL:OK: LEFT:0
[2026-05-19 16:38:01] SERIAL:OK: RIGHT:0
[2026-05-19 16:38:01] SERIAL:OK: EMERGENCY:0
[2026-05-19 16:38:01] SERIAL:OK: LEFT:1
[2026-05-19 16:38:01] SERIAL:OK: RIGHT:1
[2026-05-19 16:38:01] SERIAL:OK: EMERGENCY:1
[2026-05-19 16:38:02] SERIAL:OK: LEFT:0
[2026-05-19 16:38:02] SERIAL:OK: RIGHT:0
[2026-05-19 16:38:02] SERIAL:OK: EMERGENCY:0
[2026-05-19 16:38:02] SERIAL:OK: LEFT:1
[2026-05-19 16:38:02] SERIAL:OK: RIGHT:1
[2026-05-19 16:38:02] SERIAL:OK: EMERGENCY:1
[2026-05-19 16:38:02] SERIAL:INFO: servo detached (idle)
[2026-05-19 16:38:02] SERIAL:OK: LEFT:0
[2026-05-19 16:38:02] SERIAL:OK: RIGHT:0
[2026-05-19 16:38:02] SERIAL:OK: EMERGENCY:0
[2026-05-19 16:38:03] SERIAL:OK: LEFT:1
[2026-05-19 16:38:03] SERIAL:OK: RIGHT:1
[2026-05-19 16:38:03] SERIAL:OK: EMERGENCY:1
[2026-05-19 16:38:03] SERIAL:OK: LEFT:0
[2026-05-19 16:38:03] SERIAL:OK: RIGHT:0
[2026-05-19 16:38:03] SERIAL:OK: EMERGENCY:0
[2026-05-19 16:38:03] SERIAL:OK: LEFT:1
[2026-05-19 16:38:03] SERIAL:OK: RIGHT:1
[2026-05-19 16:38:03] SERIAL:OK: EMERGENCY:1
[2026-05-19 16:38:04] SERIAL:OK: LEFT:0
[2026-05-19 16:38:04] SERIAL:OK: RIGHT:0
[2026-05-19 16:38:04] SERIAL:OK: EMERGENCY:0
[2026-05-19 16:38:04] SERIAL:OK: LEFT:1
[2026-05-19 16:38:04] SERIAL:OK: RIGHT:1
[2026-05-19 16:38:04] SERIAL:OK: EMERGENCY:1
[2026-05-19 16:38:04] SERIAL:OK: LEFT:0
[2026-05-19 16:38:04] SERIAL:OK: RIGHT:0
[2026-05-19 16:38:04] SERIAL:OK: EMERGENCY:0
[2026-05-19 16:38:05] SERIAL:OK: LEFT:1
[2026-05-19 16:38:05] SERIAL:OK: RIGHT:1
[2026-05-19 16:38:05] SERIAL:OK: EMERGENCY:1
[2026-05-19 16:38:05] SERIAL:OK: LEFT:0
[2026-05-19 16:38:05] SERIAL:OK: RIGHT:0
[2026-05-19 16:38:05] SERIAL:OK: EMERGENCY:0
[2026-05-19 16:38:05] SERIAL:OK: LEFT:1
[2026-05-19 16:38:05] SERIAL:OK: RIGHT:1
[2026-05-19 16:38:05] SERIAL:OK: EMERGENCY:1
[2026-05-19 16:38:06] SERIAL:OK: LEFT:0
[2026-05-19 16:38:06] SERIAL:OK: RIGHT:0
[2026-05-19 16:38:06] SERIAL:OK: EMERGENCY:0
[2026-05-19 16:38:06] SERIAL:OK: LEFT:1
[2026-05-19 16:38:06] SERIAL:OK: RIGHT:1
[2026-05-19 16:38:06] SERIAL:OK: EMERGENCY:1
[2026-05-19 16:38:06] SERIAL:OK: LEFT:0
[2026-05-19 16:38:06] SERIAL:OK: RIGHT:0
[2026-05-19 16:38:06] SERIAL:OK: EMERGENCY:0
[2026-05-19 16:38:07] SERIAL:OK: LEFT:1
[2026-05-19 16:38:07] SERIAL:OK: RIGHT:1
[2026-05-19 16:38:07] SERIAL:OK: EMERGENCY:1
[2026-05-19 16:38:07] SERIAL:OK: LEFT:0
[2026-05-19 16:38:07] SERIAL:OK: RIGHT:0
[2026-05-19 16:38:07] SERIAL:OK: EMERGENCY:0
[2026-05-19 16:38:07] SERIAL:OK: LEFT:1
[2026-05-19 16:38:07] SERIAL:OK: RIGHT:1
[2026-05-19 16:38:07] SERIAL:OK: EMERGENCY:1
[2026-05-19 16:38:08] SERIAL:OK: LEFT:0
[2026-05-19 16:38:08] SERIAL:OK: RIGHT:0
[2026-05-19 16:38:08] SERIAL:OK: EMERGENCY:0
[2026-05-19 16:38:08] SERIAL:OK: LEFT:1
[2026-05-19 16:38:08] SERIAL:OK: RIGHT:1
[2026-05-19 16:38:08] SERIAL:OK: EMERGENCY:1
[2026-05-19 16:38:08] SERIAL:OK: LEFT:0
[2026-05-19 16:38:08] SERIAL:OK: RIGHT:0
[2026-05-19 16:38:08] SERIAL:OK: EMERGENCY:0
[2026-05-19 16:38:09] SERIAL:OK: LEFT:1
[2026-05-19 16:38:09] SERIAL:OK: RIGHT:1
[2026-05-19 16:38:09] SERIAL:OK: EMERGENCY:1
[2026-05-19 16:38:09] SERIAL:OK: LEFT:0
[2026-05-19 16:38:09] SERIAL:OK: RIGHT:0
[2026-05-19 16:38:09] SERIAL:OK: EMERGENCY:0
[2026-05-19 16:38:09] SERIAL:OK: LEFT:1
[2026-05-19 16:38:09] SERIAL:OK: RIGHT:1
[2026-05-19 16:38:09] SERIAL:OK: EMERGENCY:1
[2026-05-19 16:38:10] SERIAL:OK: LEFT:0
[2026-05-19 16:38:10] SERIAL:OK: RIGHT:0
[2026-05-19 16:38:10] SERIAL:OK: EMERGENCY:0
[2026-05-19 16:38:10] SERIAL:OK: LEFT:1
[2026-05-19 16:38:10] SERIAL:OK: RIGHT:1
[2026-05-19 16:38:10] SERIAL:OK: EMERGENCY:1
[2026-05-19 16:38:10] Аварійку вимкнено жестом peace
[2026-05-19 16:38:10] SERIAL:OK: ALARM:0
[2026-05-19 16:38:10] SERIAL:OK: LEFT:0
[2026-05-19 16:38:10] SERIAL:OK: RIGHT:0
[2026-05-19 16:38:10] SERIAL:OK: EMERGENCY:0
[2026-05-19 16:38:15] SERIAL:OK: SPEED:3
[2026-05-19 16:38:15] SERIAL:OK: BRAKE:0
[2026-05-19 16:38:15] SERIAL:OK: SPEED:8
[2026-05-19 16:38:15] SERIAL:OK: SPEED:13
[2026-05-19 16:38:15] SERIAL:OK: SPEED:19
[2026-05-19 16:38:15] SERIAL:OK: SPEED:26
[2026-05-19 16:38:15] SERIAL:OK: SPEED:29
[2026-05-19 16:38:15] SERIAL:OK: SPEED:32
[2026-05-19 16:38:15] SERIAL:OK: SPEED:34
[2026-05-19 16:38:15] SERIAL:OK: SPEED:35
[2026-05-19 16:38:15] SERIAL:OK: SPEED:36
[2026-05-19 16:38:16] SERIAL:OK: SPEED:37
[2026-05-19 16:38:16] SERIAL:OK: SPEED:38
[2026-05-19 16:38:16] SERIAL:OK: SPEED:39
[2026-05-19 16:38:16] SERIAL:OK: SPEED:40
[2026-05-19 16:38:16] SERIAL:OK: SPEED:41
[2026-05-19 16:38:16] SERIAL:OK: SPEED:42
[2026-05-19 16:38:16] SERIAL:OK: SPEED:43
[2026-05-19 16:38:16] SERIAL:OK: SPEED:44
[2026-05-19 16:38:16] SERIAL:OK: SPEED:45
[2026-05-19 16:38:16] SERIAL:OK: SPEED:46
[2026-05-19 16:38:17] SERIAL:OK: SPEED:48
[2026-05-19 16:38:17] SERIAL:OK: SPEED:49
[2026-05-19 16:38:17] SERIAL:OK: SPEED:51
[2026-05-19 16:38:17] SERIAL:OK: SPEED:53
[2026-05-19 16:38:17] SERIAL:OK: SPEED:55
[2026-05-19 16:38:17] SERIAL:OK: SPEED:57
[2026-05-19 16:38:17] SERIAL:OK: SPEED:60
[2026-05-19 16:38:29] Обличчя зникло
[2026-05-19 16:38:33] SERIAL:OK: ALARM:1
[2026-05-19 16:38:33] АВАРІЙКА: обличчя відсутнє 4.0с
[2026-05-19 16:38:33] SERIAL:OK: BRAKE:1
[2026-05-19 16:38:33] SERIAL:OK: SPEED:59
[2026-05-19 16:38:33] SERIAL:OK: LEFT:1
[2026-05-19 16:38:33] SERIAL:OK: RIGHT:1
[2026-05-19 16:38:33] SERIAL:OK: EMERGENCY:1
[2026-05-19 16:38:33] SERIAL:OK: SPEED:58
[2026-05-19 16:38:33] SERIAL:OK: SPEED:57
[2026-05-19 16:38:34] SERIAL:OK: LEFT:0
[2026-05-19 16:38:34] SERIAL:OK: RIGHT:0
[2026-05-19 16:38:34] SERIAL:OK: EMERGENCY:0
[2026-05-19 16:38:34] SERIAL:OK: SPEED:56
[2026-05-19 16:38:34] SERIAL:OK: SPEED:55
[2026-05-19 16:38:34] SERIAL:OK: LEFT:1
[2026-05-19 16:38:34] SERIAL:OK: RIGHT:1
[2026-05-19 16:38:34] SERIAL:OK: EMERGENCY:1
[2026-05-19 16:38:34] SERIAL:OK: SPEED:54
[2026-05-19 16:38:34] SERIAL:OK: SPEED:53
[2026-05-19 16:38:34] SERIAL:OK: LEFT:0
[2026-05-19 16:38:34] SERIAL:OK: RIGHT:0
[2026-05-19 16:38:34] SERIAL:OK: EMERGENCY:0
[2026-05-19 16:38:34] SERIAL:OK: SPEED:52
[2026-05-19 16:38:34] SERIAL:OK: SPEED:51
[2026-05-19 16:38:35] SERIAL:OK: LEFT:1
[2026-05-19 16:38:35] SERIAL:OK: RIGHT:1
[2026-05-19 16:38:35] SERIAL:OK: EMERGENCY:1
[2026-05-19 16:38:35] SERIAL:OK: SPEED:50
[2026-05-19 16:38:35] SERIAL:OK: SPEED:49
[2026-05-19 16:38:35] SERIAL:OK: LEFT:0
[2026-05-19 16:38:35] SERIAL:OK: RIGHT:0
[2026-05-19 16:38:35] SERIAL:OK: EMERGENCY:0
[2026-05-19 16:38:35] SERIAL:OK: SPEED:48
[2026-05-19 16:38:35] SERIAL:OK: SPEED:47
[2026-05-19 16:38:35] SERIAL:OK: LEFT:1
[2026-05-19 16:38:35] SERIAL:OK: RIGHT:1
[2026-05-19 16:38:35] SERIAL:OK: EMERGENCY:1
[2026-05-19 16:38:35] SERIAL:OK: SPEED:46
[2026-05-19 16:38:35] SERIAL:OK: SPEED:45
[2026-05-19 16:38:36] SERIAL:OK: LEFT:0
[2026-05-19 16:38:36] SERIAL:OK: RIGHT:0
[2026-05-19 16:38:36] SERIAL:OK: EMERGENCY:0
[2026-05-19 16:38:36] SERIAL:OK: SPEED:44
[2026-05-19 16:38:36] SERIAL:OK: SPEED:43
[2026-05-19 16:38:36] SERIAL:OK: LEFT:1
[2026-05-19 16:38:36] SERIAL:OK: RIGHT:1
[2026-05-19 16:38:36] SERIAL:OK: EMERGENCY:1
[2026-05-19 16:38:36] SERIAL:OK: SPEED:42
[2026-05-19 16:38:36] SERIAL:OK: SPEED:41
[2026-05-19 16:38:36] SERIAL:OK: LEFT:0
[2026-05-19 16:38:36] SERIAL:OK: RIGHT:0
[2026-05-19 16:38:36] SERIAL:OK: EMERGENCY:0
[2026-05-19 16:38:36] SERIAL:OK: SPEED:40
[2026-05-19 16:38:36] SERIAL:OK: SPEED:39
[2026-05-19 16:38:37] SERIAL:OK: LEFT:1
[2026-05-19 16:38:37] SERIAL:OK: RIGHT:1
[2026-05-19 16:38:37] SERIAL:OK: EMERGENCY:1
[2026-05-19 16:38:37] SERIAL:OK: SPEED:38
[2026-05-19 16:38:37] SERIAL:OK: SPEED:37
[2026-05-19 16:38:37] SERIAL:OK: SPEED:36
[2026-05-19 16:38:37] SERIAL:OK: LEFT:0
[2026-05-19 16:38:37] SERIAL:OK: RIGHT:0
[2026-05-19 16:38:37] SERIAL:OK: EMERGENCY:0
[2026-05-19 16:38:37] SERIAL:OK: SPEED:35
[2026-05-19 16:38:37] SERIAL:OK: SPEED:34
[2026-05-19 16:38:37] SERIAL:OK: LEFT:1
[2026-05-19 16:38:37] SERIAL:OK: RIGHT:1
[2026-05-19 16:38:37] SERIAL:OK: EMERGENCY:1
[2026-05-19 16:38:37] SERIAL:OK: SPEED:33
[2026-05-19 16:38:38] SERIAL:OK: SPEED:32
[2026-05-19 16:38:38] SERIAL:OK: LEFT:0
[2026-05-19 16:38:38] SERIAL:OK: RIGHT:0
[2026-05-19 16:38:38] SERIAL:OK: EMERGENCY:0
[2026-05-19 16:38:38] Обличчя зникло
[2026-05-19 16:38:38] SERIAL:OK: SPEED:31
[2026-05-19 16:38:38] SERIAL:OK: SPEED:30
[2026-05-19 16:38:38] SERIAL:OK: LEFT:1
[2026-05-19 16:38:38] SERIAL:OK: RIGHT:1
[2026-05-19 16:38:38] SERIAL:OK: EMERGENCY:1
[2026-05-19 16:38:38] SERIAL:OK: SPEED:29
[2026-05-19 16:38:38] SERIAL:OK: SPEED:28
[2026-05-19 16:38:38] SERIAL:OK: LEFT:0
[2026-05-19 16:38:38] SERIAL:OK: RIGHT:0
[2026-05-19 16:38:38] SERIAL:OK: EMERGENCY:0
[2026-05-19 16:38:38] SERIAL:OK: SPEED:27
[2026-05-19 16:38:39] SERIAL:OK: SPEED:26
[2026-05-19 16:38:39] SERIAL:OK: LEFT:1
[2026-05-19 16:38:39] SERIAL:OK: RIGHT:1
[2026-05-19 16:38:39] SERIAL:OK: EMERGENCY:1
[2026-05-19 16:38:39] SERIAL:OK: SPEED:25
[2026-05-19 16:38:39] SERIAL:OK: SPEED:24
[2026-05-19 16:38:39] SERIAL:OK: LEFT:0
[2026-05-19 16:38:39] SERIAL:OK: RIGHT:0
[2026-05-19 16:38:39] SERIAL:OK: EMERGENCY:0
[2026-05-19 16:38:39] SERIAL:OK: SPEED:23
[2026-05-19 16:38:39] SERIAL:OK: SPEED:22
[2026-05-19 16:38:39] SERIAL:OK: LEFT:1
[2026-05-19 16:38:39] SERIAL:OK: RIGHT:1
[2026-05-19 16:38:39] SERIAL:OK: EMERGENCY:1
[2026-05-19 16:38:39] SERIAL:OK: SPEED:21
[2026-05-19 16:38:40] SERIAL:OK: SPEED:20
[2026-05-19 16:38:40] SERIAL:OK: LEFT:0
[2026-05-19 16:38:40] SERIAL:OK: RIGHT:0
[2026-05-19 16:38:40] SERIAL:OK: EMERGENCY:0
[2026-05-19 16:38:40] SERIAL:OK: SPEED:19
[2026-05-19 16:38:40] SERIAL:OK: SPEED:18
[2026-05-19 16:38:40] SERIAL:OK: LEFT:1
[2026-05-19 16:38:40] SERIAL:OK: RIGHT:1
[2026-05-19 16:38:40] SERIAL:OK: EMERGENCY:1
[2026-05-19 16:38:40] SERIAL:OK: SPEED:17
[2026-05-19 16:38:40] SERIAL:OK: SPEED:16
[2026-05-19 16:38:40] SERIAL:OK: LEFT:0
[2026-05-19 16:38:40] SERIAL:OK: RIGHT:0
[2026-05-19 16:38:40] SERIAL:OK: EMERGENCY:0
[2026-05-19 16:38:40] SERIAL:OK: SPEED:15
[2026-05-19 16:38:41] SERIAL:OK: SPEED:14
[2026-05-19 16:38:41] SERIAL:OK: LEFT:1
[2026-05-19 16:38:41] SERIAL:OK: RIGHT:1
[2026-05-19 16:38:41] SERIAL:OK: EMERGENCY:1
[2026-05-19 16:38:41] SERIAL:OK: SPEED:13
[2026-05-19 16:38:41] SERIAL:OK: SPEED:12
[2026-05-19 16:38:41] SERIAL:OK: LEFT:0
[2026-05-19 16:38:41] SERIAL:OK: RIGHT:0
[2026-05-19 16:38:41] SERIAL:OK: EMERGENCY:0
[2026-05-19 16:38:41] SERIAL:OK: SPEED:11
[2026-05-19 16:38:41] SERIAL:OK: SPEED:10
[2026-05-19 16:38:41] SERIAL:OK: LEFT:1
[2026-05-19 16:38:41] SERIAL:OK: RIGHT:1
[2026-05-19 16:38:41] SERIAL:OK: EMERGENCY:1
[2026-05-19 16:38:41] SERIAL:OK: SPEED:9
[2026-05-19 16:38:42] SERIAL:OK: SPEED:8
[2026-05-19 16:38:42] SERIAL:OK: LEFT:0
[2026-05-19 16:38:42] SERIAL:OK: RIGHT:0
[2026-05-19 16:38:42] SERIAL:OK: EMERGENCY:0
[2026-05-19 16:38:42] SERIAL:OK: SPEED:7
[2026-05-19 16:38:42] SERIAL:OK: SPEED:6
[2026-05-19 16:38:42] SERIAL:OK: LEFT:1
[2026-05-19 16:38:42] SERIAL:OK: RIGHT:1
[2026-05-19 16:38:42] SERIAL:OK: EMERGENCY:1
[2026-05-19 16:38:42] SERIAL:OK: SPEED:5
[2026-05-19 16:38:42] SERIAL:OK: SPEED:4
[2026-05-19 16:38:42] SERIAL:OK: LEFT:0
[2026-05-19 16:38:42] SERIAL:OK: RIGHT:0
[2026-05-19 16:38:42] SERIAL:OK: EMERGENCY:0
[2026-05-19 16:38:42] SERIAL:OK: SPEED:3
[2026-05-19 16:38:43] SERIAL:OK: SPEED:2
[2026-05-19 16:38:43] SERIAL:OK: SPEED:1
[2026-05-19 16:38:43] SERIAL:OK: LEFT:1
[2026-05-19 16:38:43] SERIAL:OK: RIGHT:1
[2026-05-19 16:38:43] SERIAL:OK: EMERGENCY:1
[2026-05-19 16:38:43] SERIAL:OK: SPEED:0
[2026-05-19 16:38:43] SERIAL:OK: LEFT:0
[2026-05-19 16:38:43] SERIAL:OK: RIGHT:0
[2026-05-19 16:38:43] SERIAL:OK: EMERGENCY:0
[2026-05-19 16:38:43] SERIAL:OK: LEFT:1
[2026-05-19 16:38:43] SERIAL:OK: RIGHT:1
[2026-05-19 16:38:43] SERIAL:OK: EMERGENCY:1
[2026-05-19 16:38:44] SERIAL:OK: LEFT:0
[2026-05-19 16:38:44] SERIAL:OK: RIGHT:0
[2026-05-19 16:38:44] SERIAL:OK: EMERGENCY:0
[2026-05-19 16:38:44] SERIAL:OK: LEFT:1
[2026-05-19 16:38:44] SERIAL:OK: RIGHT:1
[2026-05-19 16:38:44] SERIAL:OK: EMERGENCY:1
[2026-05-19 16:38:44] Обличчя зникло
[2026-05-19 16:38:44] SERIAL:OK: LEFT:0
[2026-05-19 16:38:44] SERIAL:OK: RIGHT:0
[2026-05-19 16:38:44] SERIAL:OK: EMERGENCY:0
[2026-05-19 16:38:45] SERIAL:OK: LEFT:1
[2026-05-19 16:38:45] SERIAL:OK: RIGHT:1
[2026-05-19 16:38:45] SERIAL:OK: EMERGENCY:1
[2026-05-19 16:38:45] SERIAL:OK: LEFT:0
[2026-05-19 16:38:45] SERIAL:OK: RIGHT:0
[2026-05-19 16:38:45] SERIAL:OK: EMERGENCY:0
[2026-05-19 16:38:45] SERIAL:OK: LEFT:1
[2026-05-19 16:38:45] SERIAL:OK: RIGHT:1
[2026-05-19 16:38:45] SERIAL:OK: EMERGENCY:1
[2026-05-19 16:38:46] SERIAL:OK: LEFT:0
[2026-05-19 16:38:46] SERIAL:OK: RIGHT:0
[2026-05-19 16:38:46] SERIAL:OK: EMERGENCY:0
[2026-05-19 16:38:46] SERIAL:INFO: servo detached (idle)
[2026-05-19 16:38:46] SERIAL:OK: LEFT:1
[2026-05-19 16:38:46] SERIAL:OK: RIGHT:1
[2026-05-19 16:38:46] SERIAL:OK: EMERGENCY:1
[2026-05-19 16:38:46] SERIAL:OK: LEFT:0
[2026-05-19 16:38:46] SERIAL:OK: RIGHT:0
[2026-05-19 16:38:46] SERIAL:OK: EMERGENCY:0
[2026-05-19 16:38:47] SERIAL:OK: LEFT:1
[2026-05-19 16:38:47] SERIAL:OK: RIGHT:1
[2026-05-19 16:38:47] SERIAL:OK: EMERGENCY:1
[2026-05-19 16:38:47] SERIAL:OK: LEFT:0
[2026-05-19 16:38:47] SERIAL:OK: RIGHT:0
[2026-05-19 16:38:47] SERIAL:OK: EMERGENCY:0
[2026-05-19 16:38:47] SERIAL:OK: LEFT:1
[2026-05-19 16:38:47] SERIAL:OK: RIGHT:1
[2026-05-19 16:38:47] SERIAL:OK: EMERGENCY:1
[2026-05-19 16:38:48] SERIAL:OK: LEFT:0
[2026-05-19 16:38:48] SERIAL:OK: RIGHT:0
[2026-05-19 16:38:48] SERIAL:OK: EMERGENCY:0
[2026-05-19 16:38:48] SERIAL:OK: LEFT:1
[2026-05-19 16:38:48] SERIAL:OK: RIGHT:1
[2026-05-19 16:38:48] SERIAL:OK: EMERGENCY:1
[2026-05-19 16:38:48] SERIAL:OK: LEFT:0
[2026-05-19 16:38:48] SERIAL:OK: RIGHT:0
[2026-05-19 16:38:49] SERIAL:OK: EMERGENCY:0
[2026-05-19 16:38:49] SERIAL:OK: LEFT:1
[2026-05-19 16:38:49] SERIAL:OK: RIGHT:1
[2026-05-19 16:38:49] SERIAL:OK: EMERGENCY:1
[2026-05-19 16:38:49] SERIAL:OK: LEFT:0
[2026-05-19 16:38:49] SERIAL:OK: RIGHT:0
[2026-05-19 16:38:49] SERIAL:OK: EMERGENCY:0
[2026-05-19 16:38:49] Обличчя зникло
[2026-05-19 16:38:50] SERIAL:OK: LEFT:1
[2026-05-19 16:38:50] SERIAL:OK: RIGHT:1
[2026-05-19 16:38:50] SERIAL:OK: EMERGENCY:1
[2026-05-19 16:38:50] SERIAL:OK: LEFT:0
[2026-05-19 16:38:50] SERIAL:OK: RIGHT:0
[2026-05-19 16:38:50] SERIAL:OK: EMERGENCY:0
[2026-05-19 16:38:50] SERIAL:OK: LEFT:1
[2026-05-19 16:38:50] SERIAL:OK: RIGHT:1
[2026-05-19 16:38:50] SERIAL:OK: EMERGENCY:1
[2026-05-19 16:38:51] SERIAL:OK: LEFT:0
[2026-05-19 16:38:51] SERIAL:OK: RIGHT:0
[2026-05-19 16:38:51] SERIAL:OK: EMERGENCY:0
[2026-05-19 16:38:51] SERIAL:OK: LEFT:1
[2026-05-19 16:38:51] SERIAL:OK: RIGHT:1
[2026-05-19 16:38:51] SERIAL:OK: EMERGENCY:1
[2026-05-19 16:38:51] SERIAL:OK: LEFT:0
[2026-05-19 16:38:51] SERIAL:OK: RIGHT:0
[2026-05-19 16:38:51] SERIAL:OK: EMERGENCY:0
[2026-05-19 16:38:52] SERIAL:OK: LEFT:1
[2026-05-19 16:38:52] SERIAL:OK: RIGHT:1
[2026-05-19 16:38:52] SERIAL:OK: EMERGENCY:1
[2026-05-19 16:38:52] SERIAL:OK: LEFT:0
[2026-05-19 16:38:52] SERIAL:OK: RIGHT:0
[2026-05-19 16:38:52] SERIAL:OK: EMERGENCY:0
[2026-05-19 16:38:52] SERIAL:OK: LEFT:1
[2026-05-19 16:38:52] SERIAL:OK: RIGHT:1
[2026-05-19 16:38:52] SERIAL:OK: EMERGENCY:1
[2026-05-19 16:38:53] SERIAL:OK: LEFT:0
[2026-05-19 16:38:53] SERIAL:OK: RIGHT:0
[2026-05-19 16:38:53] SERIAL:OK: EMERGENCY:0
[2026-05-19 16:38:53] Аварійку вимкнено жестом peace
[2026-05-19 16:38:53] SERIAL:OK: ALARM:0
[2026-05-19 16:38:56] Обличчя зникло
[2026-05-19 16:39:19] SERIAL:OK: LEFT:0
[2026-05-19 16:39:19] SERIAL:OK: RIGHT:0
[2026-05-19 16:39:19] SERIAL:OK: EMERGENCY:0
[2026-05-19 16:39:19] SERIAL:OK: BRAKE:0
[2026-05-19 16:39:19] SERIAL:OK: LEFT:0
[2026-05-19 16:39:19] SERIAL:OK: RIGHT:0
[2026-05-19 16:39:19] SERIAL:OK: EMERGENCY:0
[2026-05-19 16:39:45] SERIAL:OK: BRAKE:1
[2026-05-19 16:40:42] SERIAL:OK: LEFT:0
[2026-05-19 16:40:42] SERIAL:OK: RIGHT:0
[2026-05-19 16:40:42] SERIAL:OK: EMERGENCY:0
[2026-05-19 16:40:42] SERIAL:OK: BRAKE:0
[2026-05-19 16:40:42] SERIAL:OK: LEFT:0
[2026-05-19 16:40:42] SERIAL:OK: RIGHT:0
[2026-05-19 16:40:42] SERIAL:OK: EMERGENCY:0
[2026-05-19 20:42:19] Arduino не знайдено
[2026-05-20 12:03:32] Arduino не знайдено
[2026-05-20 12:09:48] Автоповоротник ВЛІВО
[2026-05-20 12:09:49] Обличчя зникло
[2026-05-20 12:09:50] Автоповоротник ВЛІВО
[2026-05-20 12:10:42] Обличчя зникло
[2026-05-20 12:11:15] Автоповоротник ВЛІВО
[2026-05-20 12:11:16] Обличчя зникло
[2026-05-20 12:11:17] Автоповоротник ВЛІВО
[2026-05-20 12:12:02] Arduino підключено: COM12
[2026-05-20 12:12:02] SERIAL:OK: LEFT:0
[2026-05-20 12:12:02] SERIAL:OK: RIGHT:0
[2026-05-20 12:12:02] SERIAL:OK: EMERGENCY:0
[2026-05-20 12:12:03] SERIAL:OK: BRAKE:1
[2026-05-20 12:12:04] SERIAL:INFO: servo detached (idle)
[2026-05-20 12:12:04] SERIAL:OK: SPEED:0
[2026-05-20 12:12:04] SERIAL:OK: LEFT:0
[2026-05-20 12:12:04] SERIAL:OK: RIGHT:0
[2026-05-20 12:12:04] SERIAL:OK: EMERGENCY:0
[2026-05-20 12:12:04] SERIAL:OK: BRAKE:0
[2026-05-20 12:12:04] SERIAL:OK: ALARM:0
[2026-05-20 12:12:04] SERIAL:OK: LEFT:0
[2026-05-20 12:12:04] SERIAL:OK: RIGHT:0
[2026-05-20 12:12:04] SERIAL:OK: EMERGENCY:0
[2026-05-20 12:12:07] SERIAL:INFO: servo detached (idle)
[2026-05-20 12:12:10] SERIAL:OK: BRAKE:1
[2026-05-20 12:12:11] SERIAL:OK: SPEED:8
[2026-05-20 12:12:11] SERIAL:OK: BRAKE:0
[2026-05-20 12:12:11] SERIAL:OK: SPEED:14
[2026-05-20 12:12:11] SERIAL:OK: SPEED:18
[2026-05-20 12:12:11] SERIAL:OK: SPEED:25
[2026-05-20 12:12:11] SERIAL:OK: SPEED:33
[2026-05-20 12:12:11] SERIAL:OK: SPEED:35
[2026-05-20 12:12:11] SERIAL:OK: SPEED:37
[2026-05-20 12:12:11] SERIAL:OK: SPEED:39
[2026-05-20 12:12:11] SERIAL:OK: SPEED:41
[2026-05-20 12:12:11] SERIAL:OK: SPEED:42
[2026-05-20 12:12:11] SERIAL:OK: SPEED:45
[2026-05-20 12:12:11] SERIAL:OK: SPEED:47
[2026-05-20 12:12:11] SERIAL:OK: SPEED:49
[2026-05-20 12:12:11] SERIAL:OK: SPEED:51
[2026-05-20 12:12:11] SERIAL:OK: SPEED:53
[2026-05-20 12:12:11] SERIAL:OK: SPEED:55
[2026-05-20 12:12:11] SERIAL:OK: SPEED:57
[2026-05-20 12:12:11] SERIAL:OK: SPEED:59
[2026-05-20 12:12:11] SERIAL:OK: SPEED:62
[2026-05-20 12:12:12] SERIAL:OK: SPEED:64
[2026-05-20 12:12:12] SERIAL:OK: SPEED:67
[2026-05-20 12:12:12] SERIAL:OK: SPEED:70
[2026-05-20 12:12:12] SERIAL:OK: SPEED:72
[2026-05-20 12:12:12] SERIAL:OK: SPEED:73
[2026-05-20 12:12:12] SERIAL:OK: SPEED:75
[2026-05-20 12:12:12] SERIAL:OK: SPEED:78
[2026-05-20 12:12:12] SERIAL:OK: SPEED:81
[2026-05-20 12:12:12] SERIAL:OK: SPEED:85
[2026-05-20 12:12:12] SERIAL:OK: SPEED:88
[2026-05-20 12:12:12] SERIAL:OK: SPEED:90
[2026-05-20 12:12:12] SERIAL:OK: SPEED:92
[2026-05-20 12:12:12] SERIAL:OK: SPEED:93
[2026-05-20 12:12:12] SERIAL:OK: SPEED:94
[2026-05-20 12:12:12] SERIAL:OK: SPEED:95
[2026-05-20 12:12:12] SERIAL:OK: SPEED:97
[2026-05-20 12:12:12] SERIAL:OK: SPEED:98
[2026-05-20 12:12:12] SERIAL:OK: SPEED:99
[2026-05-20 12:12:12] SERIAL:OK: SPEED:100
[2026-05-20 12:12:13] Автоповоротник ВЛІВО
[2026-05-20 12:12:14] SERIAL:OK: LEFT:1
[2026-05-20 12:12:14] SERIAL:OK: LEFT:0
[2026-05-20 12:12:14] Обличчя зникло
[2026-05-20 12:12:14] SERIAL:OK: LEFT:1
[2026-05-20 12:12:15] SERIAL:OK: LEFT:0
[2026-05-20 12:12:15] SERIAL:OK: LEFT:1
[2026-05-20 12:12:15] SERIAL:OK: LEFT:0
[2026-05-20 12:12:16] SERIAL:OK: LEFT:1
[2026-05-20 12:12:16] SERIAL:OK: LEFT:0
[2026-05-20 12:12:16] SERIAL:OK: LEFT:1
[2026-05-20 12:12:16] SERIAL:OK: SPEED:80
[2026-05-20 12:12:16] SERIAL:OK: BRAKE:1
[2026-05-20 12:12:16] SERIAL:OK: SPEED:60
[2026-05-20 12:12:16] SERIAL:OK: SPEED:40
[2026-05-20 12:12:17] SERIAL:OK: SPEED:20
[2026-05-20 12:12:17] SERIAL:OK: SPEED:0
[2026-05-20 12:12:17] SERIAL:OK: LEFT:0
[2026-05-20 12:12:17] SERIAL:OK: LEFT:1
[2026-05-20 12:12:17] SERIAL:OK: LEFT:0
[2026-05-20 12:12:18] SERIAL:OK: LEFT:1
[2026-05-20 12:12:18] SERIAL:OK: LEFT:0
[2026-05-20 12:12:18] SERIAL:OK: LEFT:1
[2026-05-20 12:12:19] SERIAL:OK: LEFT:0
[2026-05-20 12:12:19] SERIAL:OK: LEFT:1
[2026-05-20 12:12:19] SERIAL:OK: LEFT:0
[2026-05-20 12:12:20] SERIAL:OK: LEFT:1
[2026-05-20 12:12:20] SERIAL:OK: LEFT:0
[2026-05-20 12:12:20] SERIAL:INFO: servo detached (idle)
[2026-05-20 12:12:20] SERIAL:OK: LEFT:1
[2026-05-20 12:12:21] SERIAL:OK: LEFT:0
[2026-05-20 12:12:21] SERIAL:OK: LEFT:1
[2026-05-20 12:12:21] Автоповоротник ВПРАВО
[2026-05-20 12:12:21] SERIAL:OK: LEFT:0
[2026-05-20 12:12:22] SERIAL:OK: RIGHT:1
[2026-05-20 12:12:22] SERIAL:OK: RIGHT:0
[2026-05-20 12:12:22] SERIAL:OK: RIGHT:1
[2026-05-20 12:12:23] SERIAL:OK: RIGHT:0
[2026-05-20 12:12:23] SERIAL:OK: RIGHT:1
[2026-05-20 12:12:23] SERIAL:OK: RIGHT:0
[2026-05-20 12:12:24] SERIAL:OK: RIGHT:1
[2026-05-20 12:12:24] SERIAL:OK: RIGHT:0
[2026-05-20 12:12:24] SERIAL:OK: RIGHT:1
[2026-05-20 12:12:25] SERIAL:OK: RIGHT:0
[2026-05-20 12:12:25] SERIAL:OK: RIGHT:1
[2026-05-20 12:12:25] SERIAL:OK: RIGHT:0
[2026-05-20 12:12:26] SERIAL:OK: RIGHT:1
[2026-05-20 12:12:26] Автоповоротники вимкнено
[2026-05-20 12:12:26] SERIAL:OK: RIGHT:0
[2026-05-20 12:12:29] SERIAL:OK: ALARM:1
[2026-05-20 12:12:29] SERIAL:OK: LEFT:1
[2026-05-20 12:12:29] SERIAL:OK: RIGHT:1
[2026-05-20 12:12:29] SERIAL:OK: EMERGENCY:1
[2026-05-20 12:12:30] SERIAL:OK: LEFT:0
[2026-05-20 12:12:30] SERIAL:OK: RIGHT:0
[2026-05-20 12:12:30] SERIAL:OK: EMERGENCY:0
[2026-05-20 12:12:30] SERIAL:OK: LEFT:1
[2026-05-20 12:12:30] SERIAL:OK: RIGHT:1
[2026-05-20 12:12:30] SERIAL:OK: EMERGENCY:1
[2026-05-20 12:12:30] SERIAL:OK: LEFT:0
[2026-05-20 12:12:30] SERIAL:OK: RIGHT:0
[2026-05-20 12:12:30] SERIAL:OK: EMERGENCY:0
[2026-05-20 12:12:31] SERIAL:OK: LEFT:1
[2026-05-20 12:12:31] SERIAL:OK: RIGHT:1
[2026-05-20 12:12:31] SERIAL:OK: EMERGENCY:1
[2026-05-20 12:12:31] SERIAL:OK: LEFT:0
[2026-05-20 12:12:31] SERIAL:OK: RIGHT:0
[2026-05-20 12:12:31] SERIAL:OK: EMERGENCY:0
[2026-05-20 12:12:31] SERIAL:OK: LEFT:1
[2026-05-20 12:12:31] SERIAL:OK: RIGHT:1
[2026-05-20 12:12:31] SERIAL:OK: EMERGENCY:1
[2026-05-20 12:12:32] SERIAL:OK: LEFT:0
[2026-05-20 12:12:32] SERIAL:OK: RIGHT:0
[2026-05-20 12:12:32] SERIAL:OK: EMERGENCY:0
[2026-05-20 12:12:32] SERIAL:OK: LEFT:1
[2026-05-20 12:12:32] SERIAL:OK: RIGHT:1
[2026-05-20 12:12:32] SERIAL:OK: EMERGENCY:1
[2026-05-20 12:12:32] Аварійку вимкнено жестом peace
[2026-05-20 12:12:32] SERIAL:OK: ALARM:0
[2026-05-20 12:12:32] SERIAL:OK: LEFT:0
[2026-05-20 12:12:32] SERIAL:OK: RIGHT:0
[2026-05-20 12:12:32] SERIAL:OK: EMERGENCY:0
[2026-05-20 12:12:37] SERIAL:OK: ALARM:1
[2026-05-20 12:12:38] SERIAL:OK: LEFT:1
[2026-05-20 12:12:38] SERIAL:OK: RIGHT:1
[2026-05-20 12:12:38] SERIAL:OK: EMERGENCY:1
[2026-05-20 12:12:38] SERIAL:OK: LEFT:0
[2026-05-20 12:12:38] SERIAL:OK: RIGHT:0
[2026-05-20 12:12:38] SERIAL:OK: EMERGENCY:0
[2026-05-20 12:12:39] SERIAL:OK: LEFT:1
[2026-05-20 12:12:39] SERIAL:OK: RIGHT:1
[2026-05-20 12:12:39] SERIAL:OK: EMERGENCY:1
[2026-05-20 12:12:39] SERIAL:OK: LEFT:0
[2026-05-20 12:12:39] SERIAL:OK: RIGHT:0
[2026-05-20 12:12:39] SERIAL:OK: EMERGENCY:0
[2026-05-20 12:12:39] SERIAL:OK: LEFT:1
[2026-05-20 12:12:39] SERIAL:OK: RIGHT:1
[2026-05-20 12:12:39] SERIAL:OK: EMERGENCY:1
[2026-05-20 12:12:40] SERIAL:OK: LEFT:0
[2026-05-20 12:12:40] SERIAL:OK: RIGHT:0
[2026-05-20 12:12:40] SERIAL:OK: EMERGENCY:0
[2026-05-20 12:12:40] Обличчя зникло
[2026-05-20 12:12:40] SERIAL:OK: LEFT:1
[2026-05-20 12:12:40] SERIAL:OK: RIGHT:1
[2026-05-20 12:12:40] SERIAL:OK: EMERGENCY:1
[2026-05-20 12:12:40] Автоповоротник ВЛІВО
[2026-05-20 12:12:40] SERIAL:OK: LEFT:0
[2026-05-20 12:12:40] SERIAL:OK: RIGHT:0
[2026-05-20 12:12:40] SERIAL:OK: EMERGENCY:0
[2026-05-20 12:12:41] SERIAL:OK: LEFT:1
[2026-05-20 12:12:41] SERIAL:OK: RIGHT:1
[2026-05-20 12:12:41] SERIAL:OK: EMERGENCY:1
[2026-05-20 12:12:41] SERIAL:OK: LEFT:0
[2026-05-20 12:12:41] SERIAL:OK: RIGHT:0
[2026-05-20 12:12:41] SERIAL:OK: EMERGENCY:0
[2026-05-20 12:12:41] SERIAL:OK: LEFT:1
[2026-05-20 12:12:41] SERIAL:OK: RIGHT:1
[2026-05-20 12:12:41] SERIAL:OK: EMERGENCY:1
[2026-05-20 12:12:42] SERIAL:OK: LEFT:0
[2026-05-20 12:12:42] SERIAL:OK: RIGHT:0
[2026-05-20 12:12:42] SERIAL:OK: EMERGENCY:0
[2026-05-20 12:12:42] SERIAL:OK: LEFT:1
[2026-05-20 12:12:42] SERIAL:OK: RIGHT:1
[2026-05-20 12:12:42] SERIAL:OK: EMERGENCY:1
[2026-05-20 12:12:42] Автоповоротник ВЛІВО
[2026-05-20 12:12:42] SERIAL:OK: LEFT:0
[2026-05-20 12:12:42] SERIAL:OK: RIGHT:0
[2026-05-20 12:12:42] SERIAL:OK: EMERGENCY:0
[2026-05-20 12:12:43] SERIAL:OK: LEFT:1
[2026-05-20 12:12:43] SERIAL:OK: RIGHT:1
[2026-05-20 12:12:43] SERIAL:OK: EMERGENCY:1
[2026-05-20 12:12:43] SERIAL:OK: LEFT:0
[2026-05-20 12:12:43] SERIAL:OK: RIGHT:0
[2026-05-20 12:12:43] SERIAL:OK: EMERGENCY:0
[2026-05-20 12:12:43] SERIAL:OK: LEFT:1
[2026-05-20 12:12:43] SERIAL:OK: RIGHT:1
[2026-05-20 12:12:43] SERIAL:OK: EMERGENCY:1
[2026-05-20 12:12:44] SERIAL:OK: LEFT:0
[2026-05-20 12:12:44] SERIAL:OK: RIGHT:0
[2026-05-20 12:12:44] SERIAL:OK: EMERGENCY:0
[2026-05-20 12:12:44] SERIAL:OK: LEFT:1
[2026-05-20 12:12:44] SERIAL:OK: RIGHT:1
[2026-05-20 12:12:44] SERIAL:OK: EMERGENCY:1
[2026-05-20 12:12:44] SERIAL:OK: LEFT:0
[2026-05-20 12:12:44] SERIAL:OK: RIGHT:0
[2026-05-20 12:12:44] SERIAL:OK: EMERGENCY:0
[2026-05-20 12:12:45] SERIAL:OK: LEFT:1
[2026-05-20 12:12:45] SERIAL:OK: RIGHT:1
[2026-05-20 12:12:45] SERIAL:OK: EMERGENCY:1
[2026-05-20 12:12:45] SERIAL:OK: LEFT:0
[2026-05-20 12:12:45] SERIAL:OK: RIGHT:0
[2026-05-20 12:12:45] SERIAL:OK: EMERGENCY:0
[2026-05-20 12:12:45] SERIAL:OK: LEFT:1
[2026-05-20 12:12:45] SERIAL:OK: RIGHT:1
[2026-05-20 12:12:45] SERIAL:OK: EMERGENCY:1
[2026-05-20 12:12:46] SERIAL:OK: LEFT:0
[2026-05-20 12:12:46] SERIAL:OK: RIGHT:0
[2026-05-20 12:12:46] SERIAL:OK: EMERGENCY:0
[2026-05-20 12:12:46] Автоповоротники вимкнено
[2026-05-20 12:12:46] SERIAL:OK: LEFT:1
[2026-05-20 12:12:46] SERIAL:OK: RIGHT:1
[2026-05-20 12:12:46] SERIAL:OK: EMERGENCY:1
[2026-05-20 12:12:46] SERIAL:OK: LEFT:0
[2026-05-20 12:12:46] SERIAL:OK: RIGHT:0
[2026-05-20 12:12:46] SERIAL:OK: EMERGENCY:0
[2026-05-20 12:12:47] SERIAL:OK: LEFT:1
[2026-05-20 12:12:47] SERIAL:OK: RIGHT:1
[2026-05-20 12:12:47] SERIAL:OK: EMERGENCY:1
[2026-05-20 12:12:47] SERIAL:OK: LEFT:0
[2026-05-20 12:12:47] SERIAL:OK: RIGHT:0
[2026-05-20 12:12:47] SERIAL:OK: EMERGENCY:0
[2026-05-20 12:12:48] SERIAL:OK: LEFT:1
[2026-05-20 12:12:48] SERIAL:OK: RIGHT:1
[2026-05-20 12:12:48] SERIAL:OK: EMERGENCY:1
[2026-05-20 12:12:48] SERIAL:OK: LEFT:0
[2026-05-20 12:12:48] SERIAL:OK: RIGHT:0
[2026-05-20 12:12:48] SERIAL:OK: EMERGENCY:0
[2026-05-20 12:12:48] SERIAL:OK: LEFT:1
[2026-05-20 12:12:48] SERIAL:OK: RIGHT:1
[2026-05-20 12:12:48] SERIAL:OK: EMERGENCY:1
[2026-05-20 12:12:49] SERIAL:OK: LEFT:0
[2026-05-20 12:12:49] SERIAL:OK: RIGHT:0
[2026-05-20 12:12:49] SERIAL:OK: EMERGENCY:0
[2026-05-20 12:12:49] SERIAL:OK: LEFT:1
[2026-05-20 12:12:49] SERIAL:OK: RIGHT:1
[2026-05-20 12:12:49] SERIAL:OK: EMERGENCY:1
[2026-05-20 12:12:49] Аварійку вимкнено жестом peace
[2026-05-20 12:12:49] SERIAL:OK: ALARM:0
[2026-05-20 12:12:49] SERIAL:OK: LEFT:0
[2026-05-20 12:12:49] SERIAL:OK: RIGHT:0
[2026-05-20 12:12:49] SERIAL:OK: EMERGENCY:0
[2026-05-20 12:12:57] SERIAL:OK: ALARM:1
[2026-05-20 12:12:58] SERIAL:OK: LEFT:1
[2026-05-20 12:12:58] SERIAL:OK: RIGHT:1
[2026-05-20 12:12:58] SERIAL:OK: EMERGENCY:1
[2026-05-20 12:12:58] SERIAL:OK: LEFT:0
[2026-05-20 12:12:58] SERIAL:OK: RIGHT:0
[2026-05-20 12:12:58] SERIAL:OK: EMERGENCY:0
[2026-05-20 12:12:58] SERIAL:OK: LEFT:1
[2026-05-20 12:12:58] SERIAL:OK: RIGHT:1
[2026-05-20 12:12:58] SERIAL:OK: EMERGENCY:1
[2026-05-20 12:12:58] Аварійку вимкнено жестом peace
[2026-05-20 12:12:58] SERIAL:OK: ALARM:0
[2026-05-20 12:12:59] SERIAL:OK: LEFT:0
[2026-05-20 12:12:59] SERIAL:OK: RIGHT:0
[2026-05-20 12:12:59] SERIAL:OK: EMERGENCY:0
[2026-05-20 12:13:01] SERIAL:OK: LEFT:0
[2026-05-20 12:13:01] SERIAL:OK: RIGHT:0
[2026-05-20 12:13:01] SERIAL:OK: EMERGENCY:0
[2026-05-20 12:13:01] SERIAL:OK: BRAKE:0
[2026-05-20 12:13:01] SERIAL:OK: LEFT:0
[2026-05-20 12:13:01] SERIAL:OK: RIGHT:0
[2026-05-20 12:13:01] SERIAL:OK: EMERGENCY:0
[2026-05-20 12:14:16] Обличчя зникло
[2026-05-20 12:14:16] SERIAL:OK: BRAKE:1
[2026-05-20 12:14:21] SERIAL:OK: ALARM:1
[2026-05-20 12:14:22] SERIAL:OK: LEFT:1
[2026-05-20 12:14:22] SERIAL:OK: RIGHT:1
[2026-05-20 12:14:22] SERIAL:OK: EMERGENCY:1
[2026-05-20 12:14:22] SERIAL:OK: LEFT:0
[2026-05-20 12:14:22] SERIAL:OK: RIGHT:0
[2026-05-20 12:14:22] SERIAL:OK: EMERGENCY:0
[2026-05-20 12:14:22] SERIAL:OK: LEFT:1
[2026-05-20 12:14:22] SERIAL:OK: RIGHT:1
[2026-05-20 12:14:22] SERIAL:OK: EMERGENCY:1
[2026-05-20 12:14:23] SERIAL:OK: LEFT:0
[2026-05-20 12:14:23] SERIAL:OK: RIGHT:0
[2026-05-20 12:14:23] SERIAL:OK: EMERGENCY:0
[2026-05-20 12:14:23] SERIAL:OK: LEFT:1
[2026-05-20 12:14:23] SERIAL:OK: RIGHT:1
[2026-05-20 12:14:23] SERIAL:OK: EMERGENCY:1
[2026-05-20 12:14:23] SERIAL:OK: LEFT:0
[2026-05-20 12:14:23] SERIAL:OK: RIGHT:0
[2026-05-20 12:14:23] SERIAL:OK: EMERGENCY:0
[2026-05-20 12:14:24] SERIAL:OK: LEFT:1
[2026-05-20 12:14:24] SERIAL:OK: RIGHT:1
[2026-05-20 12:14:24] SERIAL:OK: EMERGENCY:1
[2026-05-20 12:14:24] SERIAL:OK: LEFT:0
[2026-05-20 12:14:24] SERIAL:OK: RIGHT:0
[2026-05-20 12:14:24] SERIAL:OK: EMERGENCY:0
[2026-05-20 12:14:24] SERIAL:OK: LEFT:1
[2026-05-20 12:14:24] SERIAL:OK: RIGHT:1
[2026-05-20 12:14:24] SERIAL:OK: EMERGENCY:1
[2026-05-20 12:14:25] SERIAL:OK: LEFT:0
[2026-05-20 12:14:25] SERIAL:OK: RIGHT:0
[2026-05-20 12:14:25] SERIAL:OK: EMERGENCY:0
[2026-05-20 12:14:25] SERIAL:OK: LEFT:1
[2026-05-20 12:14:25] SERIAL:OK: RIGHT:1
[2026-05-20 12:14:25] SERIAL:OK: EMERGENCY:1
[2026-05-20 12:14:25] SERIAL:OK: LEFT:0
[2026-05-20 12:14:25] SERIAL:OK: RIGHT:0
[2026-05-20 12:14:25] SERIAL:OK: EMERGENCY:0
[2026-05-20 12:14:26] Аварійку вимкнено жестом peace
[2026-05-20 12:14:26] SERIAL:OK: ALARM:0
[2026-05-20 12:14:28] SERIAL:OK: SPEED:41
[2026-05-20 12:14:28] SERIAL:OK: BRAKE:0
[2026-05-20 12:14:28] SERIAL:OK: SPEED:38
[2026-05-20 12:14:28] SERIAL:OK: BRAKE:1
[2026-05-20 12:14:28] SERIAL:OK: SPEED:36
[2026-05-20 12:14:28] SERIAL:OK: SPEED:34
[2026-05-20 12:14:28] SERIAL:OK: SPEED:33
[2026-05-20 12:14:28] SERIAL:OK: SPEED:30
[2026-05-20 12:14:28] SERIAL:OK: SPEED:29
[2026-05-20 12:14:28] SERIAL:OK: SPEED:37
[2026-05-20 12:14:28] SERIAL:OK: SPEED:46
[2026-05-20 12:14:28] SERIAL:OK: SPEED:55
[2026-05-20 12:14:28] SERIAL:OK: SPEED:63
[2026-05-20 12:14:28] SERIAL:OK: SPEED:72
[2026-05-20 12:14:28] SERIAL:OK: SPEED:71
[2026-05-20 12:14:28] SERIAL:OK: SPEED:70
[2026-05-20 12:14:28] SERIAL:OK: SPEED:68
[2026-05-20 12:14:28] SERIAL:OK: SPEED:67
[2026-05-20 12:14:28] SERIAL:OK: SPEED:66
[2026-05-20 12:14:28] SERIAL:OK: SPEED:64
[2026-05-20 12:14:28] SERIAL:OK: SPEED:61
[2026-05-20 12:14:28] SERIAL:OK: SPEED:56
[2026-05-20 12:14:28] SERIAL:OK: SPEED:52
[2026-05-20 12:14:28] SERIAL:OK: SPEED:48
[2026-05-20 12:14:29] SERIAL:OK: SPEED:44
[2026-05-20 12:14:29] SERIAL:OK: SPEED:42
[2026-05-20 12:14:29] SERIAL:OK: SPEED:41
[2026-05-20 12:14:29] SERIAL:OK: SPEED:40
[2026-05-20 12:14:29] SERIAL:OK: SPEED:39
[2026-05-20 12:14:29] SERIAL:OK: SPEED:40
[2026-05-20 12:14:29] SERIAL:OK: SPEED:41
[2026-05-20 12:14:29] SERIAL:OK: SPEED:42
[2026-05-20 12:14:29] SERIAL:OK: SPEED:43
[2026-05-20 12:14:29] SERIAL:OK: SPEED:44
[2026-05-20 12:14:29] SERIAL:OK: SPEED:43
[2026-05-20 12:14:29] SERIAL:OK: BRAKE:0
[2026-05-20 12:14:29] SERIAL:OK: SPEED:42
[2026-05-20 12:14:30] SERIAL:OK: BRAKE:1
[2026-05-20 12:14:30] SERIAL:OK: SPEED:41
[2026-05-20 12:14:30] SERIAL:OK: SPEED:40
[2026-05-20 12:14:30] SERIAL:OK: SPEED:39
[2026-05-20 12:14:30] SERIAL:OK: SPEED:40
[2026-05-20 12:14:30] SERIAL:OK: SPEED:39
[2026-05-20 12:14:30] SERIAL:OK: SPEED:40
[2026-05-20 12:14:30] SERIAL:OK: BRAKE:0
[2026-05-20 12:14:30] SERIAL:OK: SPEED:39
[2026-05-20 12:14:30] SERIAL:OK: BRAKE:1
[2026-05-20 12:14:31] SERIAL:OK: BRAKE:0
[2026-05-20 12:14:35] SERIAL:OK: ALARM:1
[2026-05-20 12:14:35] SERIAL:OK: BRAKE:1
[2026-05-20 12:14:35] SERIAL:OK: SPEED:38
[2026-05-20 12:14:35] SERIAL:OK: LEFT:1
[2026-05-20 12:14:35] SERIAL:OK: RIGHT:1
[2026-05-20 12:14:35] SERIAL:OK: EMERGENCY:1
[2026-05-20 12:14:35] SERIAL:OK: SPEED:37
[2026-05-20 12:14:35] SERIAL:OK: SPEED:36
[2026-05-20 12:14:35] SERIAL:OK: LEFT:0
[2026-05-20 12:14:35] SERIAL:OK: RIGHT:0
[2026-05-20 12:14:35] SERIAL:OK: EMERGENCY:0
[2026-05-20 12:14:36] SERIAL:OK: SPEED:35
[2026-05-20 12:14:36] SERIAL:OK: LEFT:1
[2026-05-20 12:14:36] SERIAL:OK: RIGHT:1
[2026-05-20 12:14:36] SERIAL:OK: EMERGENCY:1
[2026-05-20 12:14:36] SERIAL:OK: SPEED:34
[2026-05-20 12:14:36] SERIAL:OK: LEFT:0
[2026-05-20 12:14:36] SERIAL:OK: RIGHT:0
[2026-05-20 12:14:36] SERIAL:OK: EMERGENCY:0
[2026-05-20 12:14:36] SERIAL:OK: SPEED:33
[2026-05-20 12:14:36] SERIAL:OK: SPEED:32
[2026-05-20 12:14:36] SERIAL:OK: LEFT:1
[2026-05-20 12:14:36] SERIAL:OK: RIGHT:1
[2026-05-20 12:14:36] SERIAL:OK: EMERGENCY:1
[2026-05-20 12:14:37] SERIAL:OK: SPEED:31
[2026-05-20 12:14:37] SERIAL:OK: LEFT:0
[2026-05-20 12:14:37] SERIAL:OK: RIGHT:0
[2026-05-20 12:14:37] SERIAL:OK: EMERGENCY:0
[2026-05-20 12:14:37] SERIAL:OK: SPEED:30
[2026-05-20 12:14:37] SERIAL:OK: LEFT:1
[2026-05-20 12:14:37] SERIAL:OK: RIGHT:1
[2026-05-20 12:14:37] SERIAL:OK: EMERGENCY:1
[2026-05-20 12:14:37] SERIAL:OK: SPEED:29
[2026-05-20 12:14:37] SERIAL:OK: SPEED:28
[2026-05-20 12:14:38] SERIAL:OK: LEFT:0
[2026-05-20 12:14:38] SERIAL:OK: RIGHT:0
[2026-05-20 12:14:38] SERIAL:OK: EMERGENCY:0
[2026-05-20 12:14:38] SERIAL:OK: SPEED:27
[2026-05-20 12:14:38] SERIAL:OK: LEFT:1
[2026-05-20 12:14:38] SERIAL:OK: RIGHT:1
[2026-05-20 12:14:38] SERIAL:OK: EMERGENCY:1
[2026-05-20 12:14:38] SERIAL:OK: SPEED:26
[2026-05-20 12:14:38] SERIAL:OK: LEFT:0
[2026-05-20 12:14:38] SERIAL:OK: RIGHT:0
[2026-05-20 12:14:38] SERIAL:OK: EMERGENCY:0
[2026-05-20 12:14:38] SERIAL:OK: SPEED:25
[2026-05-20 12:14:38] SERIAL:OK: SPEED:24
[2026-05-20 12:14:39] SERIAL:OK: LEFT:1
[2026-05-20 12:14:39] SERIAL:OK: RIGHT:1
[2026-05-20 12:14:39] SERIAL:OK: EMERGENCY:1
[2026-05-20 12:14:39] SERIAL:OK: SPEED:23
[2026-05-20 12:14:39] SERIAL:OK: LEFT:0
[2026-05-20 12:14:39] SERIAL:OK: RIGHT:0
[2026-05-20 12:14:39] SERIAL:OK: EMERGENCY:0
[2026-05-20 12:14:39] SERIAL:OK: SPEED:22
[2026-05-20 12:14:39] SERIAL:OK: LEFT:1
[2026-05-20 12:14:39] SERIAL:OK: RIGHT:1
[2026-05-20 12:14:39] SERIAL:OK: EMERGENCY:1
[2026-05-20 12:14:39] SERIAL:OK: SPEED:21
[2026-05-20 12:14:40] SERIAL:OK: LEFT:0
[2026-05-20 12:14:40] SERIAL:OK: RIGHT:0
[2026-05-20 12:14:40] SERIAL:OK: EMERGENCY:0
[2026-05-20 12:14:40] SERIAL:OK: SPEED:20
[2026-05-20 12:14:40] SERIAL:OK: SPEED:19
[2026-05-20 12:14:40] SERIAL:OK: LEFT:1
[2026-05-20 12:14:40] SERIAL:OK: RIGHT:1
[2026-05-20 12:14:40] SERIAL:OK: EMERGENCY:1
[2026-05-20 12:14:40] SERIAL:OK: SPEED:0
[2026-05-20 12:14:40] SERIAL:OK: LEFT:0
[2026-05-20 12:14:40] SERIAL:OK: RIGHT:0
[2026-05-20 12:14:40] SERIAL:OK: EMERGENCY:0
[2026-05-20 12:14:40] SERIAL:OK: BRAKE:0
[2026-05-20 12:14:40] SERIAL:OK: ALARM:0
[2026-05-20 12:14:40] SERIAL:OK: LEFT:0
[2026-05-20 12:14:40] SERIAL:OK: RIGHT:0
[2026-05-20 12:14:40] SERIAL:OK: EMERGENCY:0
[2026-05-20 12:14:43] SERIAL:INFO: servo detached (idle)
[2026-05-20 12:16:01] SERIAL:OK: BRAKE:1
[2026-05-20 12:16:06] SERIAL:OK: ALARM:1
[2026-05-20 12:16:06] SERIAL:OK: LEFT:1
[2026-05-20 12:16:06] SERIAL:OK: RIGHT:1
[2026-05-20 12:16:06] SERIAL:OK: EMERGENCY:1
[2026-05-20 12:16:07] SERIAL:OK: LEFT:0
[2026-05-20 12:16:07] SERIAL:OK: RIGHT:0
[2026-05-20 12:16:07] SERIAL:OK: EMERGENCY:0
[2026-05-20 12:16:07] SERIAL:OK: LEFT:1
[2026-05-20 12:16:07] SERIAL:OK: RIGHT:1
[2026-05-20 12:16:07] SERIAL:OK: EMERGENCY:1
[2026-05-20 12:16:07] SERIAL:OK: LEFT:0
[2026-05-20 12:16:07] SERIAL:OK: RIGHT:0
[2026-05-20 12:16:07] SERIAL:OK: EMERGENCY:0
[2026-05-20 12:16:07] Аварійку вимкнено жестом peace
[2026-05-20 12:16:07] SERIAL:OK: ALARM:0
[2026-05-20 12:16:09] SERIAL:OK: LEFT:0
[2026-05-20 12:16:09] SERIAL:OK: RIGHT:0
[2026-05-20 12:16:09] SERIAL:OK: EMERGENCY:0
[2026-05-20 12:16:09] SERIAL:OK: BRAKE:0
[2026-05-20 12:16:09] SERIAL:OK: LEFT:0
[2026-05-20 12:16:09] SERIAL:OK: RIGHT:0
[2026-05-20 12:16:09] SERIAL:OK: EMERGENCY:0
[2026-05-20 12:17:56] SERIAL:OK: BRAKE:1
[2026-05-20 12:17:58] SERIAL:OK: SPEED:3
[2026-05-20 12:17:58] SERIAL:OK: BRAKE:0
[2026-05-20 12:17:58] SERIAL:OK: BRAKE:1
[2026-05-20 12:17:58] SERIAL:OK: SPEED:2
[2026-05-20 12:17:58] SERIAL:OK: SPEED:1
[2026-05-20 12:17:58] SERIAL:OK: SPEED:0
[2026-05-20 12:17:58] SERIAL:OK: BRAKE:0
[2026-05-20 12:17:58] SERIAL:OK: SPEED:2
[2026-05-20 12:17:58] SERIAL:OK: SPEED:6
[2026-05-20 12:17:58] SERIAL:OK: SPEED:11
[2026-05-20 12:17:58] SERIAL:OK: SPEED:18
[2026-05-20 12:17:58] SERIAL:OK: SPEED:26
[2026-05-20 12:17:58] SERIAL:OK: SPEED:32
[2026-05-20 12:17:58] SERIAL:OK: SPEED:38
[2026-05-20 12:17:58] SERIAL:OK: SPEED:41
[2026-05-20 12:17:58] SERIAL:OK: SPEED:44
[2026-05-20 12:17:59] SERIAL:OK: SPEED:47
[2026-05-20 12:17:59] SERIAL:OK: SPEED:48
[2026-05-20 12:17:59] SERIAL:OK: SPEED:49
[2026-05-20 12:17:59] SERIAL:OK: SPEED:50
[2026-05-20 12:17:59] SERIAL:OK: SPEED:51
[2026-05-20 12:17:59] SERIAL:OK: SPEED:52
[2026-05-20 12:17:59] SERIAL:OK: SPEED:53
[2026-05-20 12:17:59] SERIAL:OK: SPEED:54
[2026-05-20 12:17:59] SERIAL:OK: SPEED:55
[2026-05-20 12:17:59] SERIAL:OK: SPEED:54
[2026-05-20 12:17:59] SERIAL:OK: SPEED:55
[2026-05-20 12:17:59] SERIAL:OK: SPEED:56
[2026-05-20 12:17:59] SERIAL:OK: SPEED:57
[2026-05-20 12:17:59] SERIAL:OK: SPEED:58
[2026-05-20 12:18:00] SERIAL:OK: SPEED:59
[2026-05-20 12:18:00] SERIAL:OK: SPEED:60
[2026-05-20 12:18:00] SERIAL:OK: SPEED:61
[2026-05-20 12:18:00] SERIAL:OK: SPEED:60
[2026-05-20 12:18:00] SERIAL:OK: BRAKE:1
[2026-05-20 12:18:00] SERIAL:OK: BRAKE:0
[2026-05-20 12:18:02] Автоповоротник ВЛІВО
[2026-05-20 12:18:02] SERIAL:OK: LEFT:1
[2026-05-20 12:18:03] SERIAL:OK: LEFT:0
[2026-05-20 12:18:03] SERIAL:OK: LEFT:1
[2026-05-20 12:18:04] SERIAL:OK: LEFT:0
[2026-05-20 12:18:04] Автоповоротник ВЛІВО
[2026-05-20 12:18:04] SERIAL:OK: LEFT:1
[2026-05-20 12:18:04] SERIAL:OK: LEFT:0
[2026-05-20 12:18:05] SERIAL:OK: LEFT:1
[2026-05-20 12:18:05] SERIAL:OK: LEFT:0
[2026-05-20 12:18:05] SERIAL:OK: LEFT:1
[2026-05-20 12:18:05] SERIAL:OK: SPEED:48
[2026-05-20 12:18:05] SERIAL:OK: BRAKE:1
[2026-05-20 12:18:05] SERIAL:OK: SPEED:36
[2026-05-20 12:18:05] SERIAL:OK: SPEED:23
[2026-05-20 12:18:05] SERIAL:OK: SPEED:11
[2026-05-20 12:18:05] SERIAL:OK: SPEED:0
[2026-05-20 12:18:06] SERIAL:OK: SPEED:1
[2026-05-20 12:18:06] SERIAL:OK: BRAKE:0
[2026-05-20 12:18:06] SERIAL:OK: LEFT:0
[2026-05-20 12:18:06] SERIAL:OK: SPEED:5
[2026-05-20 12:18:06] SERIAL:OK: SPEED:10
[2026-05-20 12:18:06] SERIAL:OK: SPEED:23
[2026-05-20 12:18:06] SERIAL:OK: SPEED:37
[2026-05-20 12:18:06] SERIAL:OK: SPEED:51
[2026-05-20 12:18:06] SERIAL:OK: SPEED:63
[2026-05-20 12:18:06] SERIAL:OK: SPEED:73
[2026-05-20 12:18:06] SERIAL:OK: SPEED:78
[2026-05-20 12:18:06] SERIAL:OK: SPEED:82
[2026-05-20 12:18:06] SERIAL:OK: LEFT:1
[2026-05-20 12:18:06] SERIAL:OK: SPEED:86
[2026-05-20 12:18:06] SERIAL:OK: SPEED:89
[2026-05-20 12:18:06] SERIAL:OK: SPEED:92
[2026-05-20 12:18:06] SERIAL:OK: SPEED:95
[2026-05-20 12:18:06] SERIAL:OK: SPEED:97
[2026-05-20 12:18:06] SERIAL:OK: SPEED:99
[2026-05-20 12:18:06] SERIAL:OK: SPEED:100
[2026-05-20 12:18:06] SERIAL:OK: LEFT:0
[2026-05-20 12:18:07] SERIAL:OK: LEFT:1
[2026-05-20 12:18:07] SERIAL:OK: LEFT:0
[2026-05-20 12:18:07] Автоповоротники вимкнено
[2026-05-20 12:18:21] SERIAL:OK: ALARM:1
[2026-05-20 12:18:21] SERIAL:OK: BRAKE:1
[2026-05-20 12:18:21] SERIAL:OK: SPEED:99
[2026-05-20 12:18:21] SERIAL:OK: SPEED:98
[2026-05-20 12:18:21] SERIAL:OK: SPEED:97
[2026-05-20 12:18:21] SERIAL:OK: SPEED:96
[2026-05-20 12:18:22] SERIAL:OK: LEFT:1
[2026-05-20 12:18:22] SERIAL:OK: RIGHT:1
[2026-05-20 12:18:22] SERIAL:OK: EMERGENCY:1
[2026-05-20 12:18:22] SERIAL:OK: SPEED:95
[2026-05-20 12:18:22] SERIAL:OK: SPEED:94
[2026-05-20 12:18:22] SERIAL:OK: SPEED:93
[2026-05-20 12:18:22] SERIAL:OK: LEFT:0
[2026-05-20 12:18:22] SERIAL:OK: RIGHT:0
[2026-05-20 12:18:22] SERIAL:OK: EMERGENCY:0
[2026-05-20 12:18:22] SERIAL:OK: SPEED:92
[2026-05-20 12:18:22] SERIAL:OK: SPEED:91
[2026-05-20 12:18:22] SERIAL:OK: SPEED:90
[2026-05-20 12:18:22] SERIAL:OK: SPEED:89
[2026-05-20 12:18:22] SERIAL:OK: LEFT:1
[2026-05-20 12:18:22] SERIAL:OK: RIGHT:1
[2026-05-20 12:18:22] SERIAL:OK: EMERGENCY:1
[2026-05-20 12:18:22] SERIAL:OK: SPEED:88
[2026-05-20 12:18:22] SERIAL:OK: SPEED:87
[2026-05-20 12:18:22] SERIAL:OK: SPEED:86
[2026-05-20 12:18:23] SERIAL:OK: LEFT:0
[2026-05-20 12:18:23] SERIAL:OK: RIGHT:0
[2026-05-20 12:18:23] SERIAL:OK: EMERGENCY:0
[2026-05-20 12:18:23] SERIAL:OK: SPEED:85
[2026-05-20 12:18:23] SERIAL:OK: SPEED:84
[2026-05-20 12:18:23] SERIAL:OK: SPEED:83
[2026-05-20 12:18:23] SERIAL:OK: SPEED:82
[2026-05-20 12:18:23] SERIAL:OK: LEFT:1
[2026-05-20 12:18:23] SERIAL:OK: RIGHT:1
[2026-05-20 12:18:23] SERIAL:OK: EMERGENCY:1
[2026-05-20 12:18:23] SERIAL:OK: SPEED:81
[2026-05-20 12:18:23] SERIAL:OK: SPEED:80
[2026-05-20 12:18:23] SERIAL:OK: SPEED:79
[2026-05-20 12:18:23] SERIAL:OK: LEFT:0
[2026-05-20 12:18:23] SERIAL:OK: RIGHT:0
[2026-05-20 12:18:23] SERIAL:OK: EMERGENCY:0
[2026-05-20 12:18:23] SERIAL:OK: SPEED:78
[2026-05-20 12:18:23] SERIAL:OK: SPEED:77
[2026-05-20 12:18:23] SERIAL:OK: SPEED:76
[2026-05-20 12:18:24] SERIAL:OK: SPEED:75
[2026-05-20 12:18:24] SERIAL:OK: LEFT:1
[2026-05-20 12:18:24] SERIAL:OK: RIGHT:1
[2026-05-20 12:18:24] SERIAL:OK: EMERGENCY:1
[2026-05-20 12:18:24] SERIAL:OK: SPEED:74
[2026-05-20 12:18:24] SERIAL:OK: SPEED:73
[2026-05-20 12:18:24] SERIAL:OK: SPEED:72
[2026-05-20 12:18:24] SERIAL:OK: LEFT:0
[2026-05-20 12:18:24] SERIAL:OK: RIGHT:0
[2026-05-20 12:18:24] SERIAL:OK: EMERGENCY:0
[2026-05-20 12:18:24] SERIAL:OK: SPEED:71
[2026-05-20 12:18:24] SERIAL:OK: SPEED:70
[2026-05-20 12:18:24] SERIAL:OK: SPEED:69
[2026-05-20 12:18:24] SERIAL:OK: LEFT:1
[2026-05-20 12:18:24] SERIAL:OK: RIGHT:1
[2026-05-20 12:18:24] SERIAL:OK: EMERGENCY:1
[2026-05-20 12:18:24] SERIAL:OK: SPEED:68
[2026-05-20 12:18:24] SERIAL:OK: SPEED:67
[2026-05-20 12:18:24] SERIAL:OK: SPEED:66
[2026-05-20 12:18:25] SERIAL:OK: SPEED:65
[2026-05-20 12:18:25] SERIAL:OK: LEFT:0
[2026-05-20 12:18:25] SERIAL:OK: RIGHT:0
[2026-05-20 12:18:25] SERIAL:OK: EMERGENCY:0
[2026-05-20 12:18:25] SERIAL:OK: SPEED:64
[2026-05-20 12:18:25] SERIAL:OK: SPEED:63
[2026-05-20 12:18:25] SERIAL:OK: SPEED:62
[2026-05-20 12:18:25] SERIAL:OK: LEFT:1
[2026-05-20 12:18:25] SERIAL:OK: RIGHT:1
[2026-05-20 12:18:25] SERIAL:OK: EMERGENCY:1
[2026-05-20 12:18:25] SERIAL:OK: SPEED:61
[2026-05-20 12:18:25] SERIAL:OK: SPEED:60
[2026-05-20 12:18:25] SERIAL:OK: SPEED:59
[2026-05-20 12:18:25] SERIAL:OK: LEFT:0
[2026-05-20 12:18:25] SERIAL:OK: RIGHT:0
[2026-05-20 12:18:25] SERIAL:OK: EMERGENCY:0
[2026-05-20 12:18:25] SERIAL:OK: SPEED:58
[2026-05-20 12:18:25] SERIAL:OK: SPEED:57
[2026-05-20 12:18:25] SERIAL:OK: SPEED:56
[2026-05-20 12:18:26] SERIAL:OK: SPEED:55
[2026-05-20 12:18:26] SERIAL:OK: LEFT:1
[2026-05-20 12:18:26] SERIAL:OK: RIGHT:1
[2026-05-20 12:18:26] SERIAL:OK: EMERGENCY:1
[2026-05-20 12:18:26] SERIAL:OK: SPEED:54
[2026-05-20 12:18:26] SERIAL:OK: SPEED:53
[2026-05-20 12:18:26] SERIAL:OK: SPEED:52
[2026-05-20 12:18:26] SERIAL:OK: LEFT:0
[2026-05-20 12:18:26] SERIAL:OK: RIGHT:0
[2026-05-20 12:18:26] SERIAL:OK: EMERGENCY:0
[2026-05-20 12:18:26] SERIAL:OK: SPEED:51
[2026-05-20 12:18:26] SERIAL:OK: SPEED:50
[2026-05-20 12:18:26] SERIAL:OK: SPEED:49
[2026-05-20 12:18:26] SERIAL:OK: LEFT:1
[2026-05-20 12:18:26] SERIAL:OK: RIGHT:1
[2026-05-20 12:18:26] SERIAL:OK: EMERGENCY:1
[2026-05-20 12:18:26] SERIAL:OK: SPEED:48
[2026-05-20 12:18:26] SERIAL:OK: SPEED:47
[2026-05-20 12:18:26] SERIAL:OK: SPEED:46
[2026-05-20 12:18:27] SERIAL:OK: SPEED:45
[2026-05-20 12:18:27] SERIAL:OK: LEFT:0
[2026-05-20 12:18:27] SERIAL:OK: RIGHT:0
[2026-05-20 12:18:27] SERIAL:OK: EMERGENCY:0
[2026-05-20 12:18:27] SERIAL:OK: SPEED:44
[2026-05-20 12:18:27] SERIAL:OK: SPEED:43
[2026-05-20 12:18:27] SERIAL:OK: SPEED:42
[2026-05-20 12:18:27] SERIAL:OK: SPEED:41
[2026-05-20 12:18:27] SERIAL:OK: LEFT:1
[2026-05-20 12:18:27] SERIAL:OK: RIGHT:1
[2026-05-20 12:18:27] SERIAL:OK: EMERGENCY:1
[2026-05-20 12:18:27] Обличчя зникло
[2026-05-20 12:18:27] SERIAL:OK: SPEED:40
[2026-05-20 12:18:27] SERIAL:OK: SPEED:39
[2026-05-20 12:18:27] SERIAL:OK: SPEED:38
[2026-05-20 12:18:27] SERIAL:OK: LEFT:0
[2026-05-20 12:18:27] SERIAL:OK: RIGHT:0
[2026-05-20 12:18:27] SERIAL:OK: EMERGENCY:0
[2026-05-20 12:18:27] SERIAL:OK: SPEED:37
[2026-05-20 12:18:27] SERIAL:OK: SPEED:36
[2026-05-20 12:18:28] SERIAL:OK: SPEED:35
[2026-05-20 12:18:28] SERIAL:OK: LEFT:1
[2026-05-20 12:18:28] SERIAL:OK: RIGHT:1
[2026-05-20 12:18:28] SERIAL:OK: EMERGENCY:1
[2026-05-20 12:18:28] SERIAL:OK: SPEED:34
[2026-05-20 12:18:28] SERIAL:OK: SPEED:33
[2026-05-20 12:18:28] SERIAL:OK: SPEED:32
[2026-05-20 12:18:28] SERIAL:OK: LEFT:0
[2026-05-20 12:18:28] SERIAL:OK: RIGHT:0
[2026-05-20 12:18:28] SERIAL:OK: EMERGENCY:0
[2026-05-20 12:18:28] SERIAL:OK: SPEED:31
[2026-05-20 12:18:28] SERIAL:OK: SPEED:30
[2026-05-20 12:18:28] SERIAL:OK: SPEED:29
[2026-05-20 12:18:28] SERIAL:OK: SPEED:28
[2026-05-20 12:18:28] SERIAL:OK: LEFT:1
[2026-05-20 12:18:28] SERIAL:OK: RIGHT:1
[2026-05-20 12:18:28] SERIAL:OK: EMERGENCY:1
[2026-05-20 12:18:28] SERIAL:OK: SPEED:27
[2026-05-20 12:18:28] SERIAL:OK: SPEED:26
[2026-05-20 12:18:29] SERIAL:OK: SPEED:25
[2026-05-20 12:18:29] SERIAL:OK: LEFT:0
[2026-05-20 12:18:29] SERIAL:OK: RIGHT:0
[2026-05-20 12:18:29] SERIAL:OK: EMERGENCY:0
[2026-05-20 12:18:29] SERIAL:OK: SPEED:24
[2026-05-20 12:18:29] SERIAL:OK: SPEED:23
[2026-05-20 12:18:29] SERIAL:OK: SPEED:22
[2026-05-20 12:18:29] SERIAL:OK: SPEED:21
[2026-05-20 12:18:29] SERIAL:OK: LEFT:1
[2026-05-20 12:18:29] SERIAL:OK: RIGHT:1
[2026-05-20 12:18:29] SERIAL:OK: EMERGENCY:1
[2026-05-20 12:18:29] SERIAL:OK: SPEED:20
[2026-05-20 12:18:29] SERIAL:OK: SPEED:19
[2026-05-20 12:18:29] SERIAL:OK: SPEED:18
[2026-05-20 12:18:29] SERIAL:OK: LEFT:0
[2026-05-20 12:18:29] SERIAL:OK: RIGHT:0
[2026-05-20 12:18:29] SERIAL:OK: EMERGENCY:0
[2026-05-20 12:18:29] SERIAL:OK: SPEED:17
[2026-05-20 12:18:29] SERIAL:OK: SPEED:16
[2026-05-20 12:18:30] SERIAL:OK: SPEED:15
[2026-05-20 12:18:30] SERIAL:OK: SPEED:14
[2026-05-20 12:18:30] SERIAL:OK: LEFT:1
[2026-05-20 12:18:30] SERIAL:OK: RIGHT:1
[2026-05-20 12:18:30] SERIAL:OK: EMERGENCY:1
[2026-05-20 12:18:30] SERIAL:OK: SPEED:13
[2026-05-20 12:18:30] SERIAL:OK: SPEED:12
[2026-05-20 12:18:30] SERIAL:OK: SPEED:11
[2026-05-20 12:18:30] SERIAL:OK: LEFT:0
[2026-05-20 12:18:30] SERIAL:OK: RIGHT:0
[2026-05-20 12:18:30] SERIAL:OK: EMERGENCY:0
[2026-05-20 12:18:30] SERIAL:OK: SPEED:10
[2026-05-20 12:18:30] SERIAL:OK: SPEED:9
[2026-05-20 12:18:30] SERIAL:OK: SPEED:8
[2026-05-20 12:18:30] SERIAL:OK: LEFT:1
[2026-05-20 12:18:30] SERIAL:OK: RIGHT:1
[2026-05-20 12:18:30] SERIAL:OK: EMERGENCY:1
[2026-05-20 12:18:30] SERIAL:OK: SPEED:7
[2026-05-20 12:18:30] SERIAL:OK: SPEED:6
[2026-05-20 12:18:31] SERIAL:OK: SPEED:5
[2026-05-20 12:18:31] SERIAL:OK: SPEED:4
[2026-05-20 12:18:31] SERIAL:OK: LEFT:0
[2026-05-20 12:18:31] SERIAL:OK: RIGHT:0
[2026-05-20 12:18:31] SERIAL:OK: EMERGENCY:0
[2026-05-20 12:18:31] SERIAL:OK: SPEED:3
[2026-05-20 12:18:31] SERIAL:OK: SPEED:2
[2026-05-20 12:18:31] SERIAL:OK: SPEED:1
[2026-05-20 12:18:31] SERIAL:OK: LEFT:1
[2026-05-20 12:18:31] SERIAL:OK: RIGHT:1
[2026-05-20 12:18:31] SERIAL:OK: EMERGENCY:1
[2026-05-20 12:18:31] SERIAL:OK: SPEED:0
[2026-05-20 12:18:31] Аварійку вимкнено жестом peace
[2026-05-20 12:18:31] SERIAL:OK: ALARM:0
[2026-05-20 12:18:31] SERIAL:OK: BRAKE:0
[2026-05-20 12:18:31] SERIAL:OK: LEFT:0
[2026-05-20 12:18:31] SERIAL:OK: RIGHT:0
[2026-05-20 12:18:31] SERIAL:OK: EMERGENCY:0
[2026-05-20 12:18:34] SERIAL:INFO: servo detached (idle)
[2026-05-20 12:18:34] SERIAL:OK: LEFT:0
[2026-05-20 12:18:34] SERIAL:OK: RIGHT:0
[2026-05-20 12:18:34] SERIAL:OK: EMERGENCY:0
[2026-05-20 12:18:34] SERIAL:OK: LEFT:0
[2026-05-20 12:18:34] SERIAL:OK: RIGHT:0
[2026-05-20 12:18:34] SERIAL:OK: EMERGENCY:0
[2026-05-20 12:18:52] Обличчя зникло
[2026-05-20 12:18:52] SERIAL:OK: BRAKE:1
[2026-05-20 12:18:52] SERIAL:OK: SPEED:14
[2026-05-20 12:18:52] SERIAL:OK: BRAKE:0
[2026-05-20 12:18:52] SERIAL:OK: SPEED:23
[2026-05-20 12:18:52] SERIAL:OK: SPEED:28
[2026-05-20 12:18:52] SERIAL:OK: SPEED:34
[2026-05-20 12:18:52] SERIAL:OK: SPEED:46
[2026-05-20 12:18:52] SERIAL:OK: SPEED:54
[2026-05-20 12:18:52] SERIAL:OK: SPEED:63
[2026-05-20 12:18:53] SERIAL:OK: SPEED:70
[2026-05-20 12:18:53] SERIAL:OK: SPEED:76
[2026-05-20 12:18:53] SERIAL:OK: SPEED:80
[2026-05-20 12:18:53] SERIAL:OK: SPEED:84
[2026-05-20 12:18:53] SERIAL:OK: SPEED:85
[2026-05-20 12:18:53] SERIAL:OK: SPEED:86
[2026-05-20 12:18:53] SERIAL:OK: SPEED:87
[2026-05-20 12:18:53] SERIAL:OK: SPEED:88
[2026-05-20 12:18:53] SERIAL:OK: SPEED:89
[2026-05-20 12:18:53] SERIAL:OK: SPEED:90
[2026-05-20 12:18:53] SERIAL:OK: SPEED:92
[2026-05-20 12:18:53] SERIAL:OK: SPEED:93
[2026-05-20 12:18:53] SERIAL:OK: SPEED:95
[2026-05-20 12:18:53] SERIAL:OK: SPEED:96
[2026-05-20 12:18:53] SERIAL:OK: SPEED:97
[2026-05-20 12:18:53] SERIAL:OK: SPEED:98
[2026-05-20 12:18:53] SERIAL:OK: SPEED:99
[2026-05-20 12:18:53] SERIAL:OK: SPEED:100
[2026-05-20 12:18:54] SERIAL:OK: SPEED:99
[2026-05-20 12:18:54] SERIAL:OK: BRAKE:1
[2026-05-20 12:18:54] SERIAL:OK: SPEED:95
[2026-05-20 12:18:54] SERIAL:OK: SPEED:89
[2026-05-20 12:18:54] SERIAL:OK: SPEED:79
[2026-05-20 12:18:54] SERIAL:OK: SPEED:65
[2026-05-20 12:18:54] SERIAL:OK: SPEED:48
[2026-05-20 12:18:54] SERIAL:OK: SPEED:31
[2026-05-20 12:18:54] SERIAL:OK: SPEED:18
[2026-05-20 12:18:54] SERIAL:OK: SPEED:8
[2026-05-20 12:18:54] SERIAL:OK: SPEED:2
[2026-05-20 12:18:54] SERIAL:OK: SPEED:0
[2026-05-20 12:18:57] SERIAL:INFO: servo detached (idle)
[2026-05-20 12:18:59] Обличчя зникло
[2026-05-20 12:19:00] SERIAL:OK: SPEED:8
[2026-05-20 12:19:00] SERIAL:OK: BRAKE:0
[2026-05-20 12:19:00] SERIAL:OK: SPEED:16
[2026-05-20 12:19:00] SERIAL:OK: SPEED:25
[2026-05-20 12:19:00] SERIAL:OK: SPEED:35
[2026-05-20 12:19:00] SERIAL:OK: SPEED:47
[2026-05-20 12:19:00] SERIAL:OK: SPEED:51
[2026-05-20 12:19:00] SERIAL:OK: SPEED:55
[2026-05-20 12:19:00] SERIAL:OK: SPEED:59
[2026-05-20 12:19:00] SERIAL:OK: SPEED:61
[2026-05-20 12:19:00] SERIAL:OK: SPEED:64
[2026-05-20 12:19:01] SERIAL:OK: SPEED:66
[2026-05-20 12:19:01] SERIAL:OK: SPEED:69
[2026-05-20 12:19:01] SERIAL:OK: SPEED:72
[2026-05-20 12:19:01] SERIAL:OK: SPEED:73
[2026-05-20 12:19:01] SERIAL:OK: SPEED:75
[2026-05-20 12:19:01] SERIAL:OK: SPEED:76
[2026-05-20 12:19:01] SERIAL:OK: SPEED:77
[2026-05-20 12:19:01] SERIAL:OK: SPEED:78
[2026-05-20 12:19:01] SERIAL:OK: SPEED:79
[2026-05-20 12:19:01] SERIAL:OK: SPEED:80
[2026-05-20 12:19:01] SERIAL:OK: SPEED:82
[2026-05-20 12:19:01] SERIAL:OK: SPEED:83
[2026-05-20 12:19:01] SERIAL:OK: SPEED:85
[2026-05-20 12:19:01] SERIAL:OK: SPEED:87
[2026-05-20 12:19:01] SERIAL:OK: SPEED:88
[2026-05-20 12:19:01] SERIAL:OK: SPEED:89
[2026-05-20 12:19:01] SERIAL:OK: SPEED:90
[2026-05-20 12:19:01] SERIAL:OK: SPEED:91
[2026-05-20 12:19:01] SERIAL:OK: SPEED:92
[2026-05-20 12:19:01] SERIAL:OK: SPEED:93
[2026-05-20 12:19:01] SERIAL:OK: SPEED:94
[2026-05-20 12:19:02] SERIAL:OK: SPEED:95
[2026-05-20 12:19:02] SERIAL:OK: SPEED:96
[2026-05-20 12:19:02] SERIAL:OK: SPEED:97
[2026-05-20 12:19:02] SERIAL:OK: SPEED:98
[2026-05-20 12:19:02] SERIAL:OK: SPEED:99
[2026-05-20 12:19:02] SERIAL:OK: SPEED:100
[2026-05-20 12:19:03] Автоповоротник ВЛІВО
[2026-05-20 12:19:03] SERIAL:OK: LEFT:1
[2026-05-20 12:19:03] SERIAL:OK: LEFT:0
[2026-05-20 12:19:03] SERIAL:OK: SPEED:99
[2026-05-20 12:19:03] SERIAL:OK: SPEED:98
[2026-05-20 12:19:04] SERIAL:OK: SPEED:99
[2026-05-20 12:19:04] SERIAL:OK: LEFT:1
[2026-05-20 12:19:04] SERIAL:OK: SPEED:100
[2026-05-20 12:19:04] SERIAL:OK: LEFT:0
[2026-05-20 12:19:04] SERIAL:OK: SPEED:99
[2026-05-20 12:19:04] SERIAL:OK: LEFT:1
[2026-05-20 12:19:05] SERIAL:OK: SPEED:98
[2026-05-20 12:19:05] SERIAL:OK: BRAKE:1
[2026-05-20 12:19:05] SERIAL:OK: LEFT:0
[2026-05-20 12:19:05] SERIAL:OK: SPEED:97
[2026-05-20 12:19:05] SERIAL:OK: SPEED:98
[2026-05-20 12:19:05] Автоповоротники вимкнено
[2026-05-20 12:19:05] SERIAL:OK: SPEED:97
[2026-05-20 12:19:05] SERIAL:OK: SPEED:96
[2026-05-20 12:19:05] SERIAL:OK: SPEED:94
[2026-05-20 12:19:05] SERIAL:OK: SPEED:89
[2026-05-20 12:19:05] SERIAL:OK: SPEED:83
[2026-05-20 12:19:05] SERIAL:OK: SPEED:72
[2026-05-20 12:19:05] SERIAL:OK: SPEED:60
[2026-05-20 12:19:05] SERIAL:OK: SPEED:47
[2026-05-20 12:19:05] SERIAL:OK: SPEED:34
[2026-05-20 12:19:05] SERIAL:OK: SPEED:20
[2026-05-20 12:19:06] SERIAL:OK: SPEED:12
[2026-05-20 12:19:06] SERIAL:OK: SPEED:6
[2026-05-20 12:19:06] SERIAL:OK: SPEED:2
[2026-05-20 12:19:06] SERIAL:OK: SPEED:0
[2026-05-20 12:19:07] SERIAL:OK: SPEED:4
[2026-05-20 12:19:07] SERIAL:OK: BRAKE:0
[2026-05-20 12:19:07] SERIAL:OK: SPEED:11
[2026-05-20 12:19:07] SERIAL:OK: SPEED:20
[2026-05-20 12:19:07] SERIAL:OK: SPEED:31
[2026-05-20 12:19:07] SERIAL:OK: SPEED:44
[2026-05-20 12:19:07] SERIAL:OK: SPEED:55
[2026-05-20 12:19:07] SERIAL:OK: SPEED:68
[2026-05-20 12:19:07] SERIAL:OK: SPEED:79
[2026-05-20 12:19:07] SERIAL:OK: SPEED:88
[2026-05-20 12:19:07] SERIAL:OK: SPEED:95
[2026-05-20 12:19:07] SERIAL:OK: SPEED:100
[2026-05-20 12:19:09] SERIAL:OK: SPEED:99
[2026-05-20 12:19:09] SERIAL:OK: SPEED:98
[2026-05-20 12:19:09] SERIAL:OK: BRAKE:1
[2026-05-20 12:19:09] SERIAL:OK: SPEED:97
[2026-05-20 12:19:09] SERIAL:OK: SPEED:96
[2026-05-20 12:19:09] SERIAL:OK: SPEED:94
[2026-05-20 12:19:09] SERIAL:OK: SPEED:91
[2026-05-20 12:19:09] SERIAL:OK: SPEED:86
[2026-05-20 12:19:09] SERIAL:OK: SPEED:79
[2026-05-20 12:19:09] SERIAL:OK: SPEED:68
[2026-05-20 12:19:09] SERIAL:OK: SPEED:56
[2026-05-20 12:19:09] SERIAL:OK: SPEED:45
[2026-05-20 12:19:09] SERIAL:OK: SPEED:34
[2026-05-20 12:19:10] SERIAL:OK: SPEED:23
[2026-05-20 12:19:10] SERIAL:OK: SPEED:16
[2026-05-20 12:19:10] SERIAL:OK: SPEED:10
[2026-05-20 12:19:10] SERIAL:OK: SPEED:5
[2026-05-20 12:19:10] SERIAL:OK: SPEED:2
[2026-05-20 12:19:10] SERIAL:OK: SPEED:0
[2026-05-20 12:19:11] Обличчя зникло
[2026-05-20 12:19:12] SERIAL:OK: LEFT:0
[2026-05-20 12:19:12] SERIAL:OK: RIGHT:0
[2026-05-20 12:19:12] SERIAL:OK: EMERGENCY:0
[2026-05-20 12:19:12] SERIAL:OK: BRAKE:0
[2026-05-20 12:19:12] SERIAL:OK: LEFT:0
[2026-05-20 12:19:12] SERIAL:OK: RIGHT:0
[2026-05-20 12:19:12] SERIAL:OK: EMERGENCY:0
[2026-05-20 12:19:13] SERIAL:INFO: servo detached (idle)
[2026-05-20 12:19:19] SERIAL:OK: BRAKE:1
[2026-05-20 12:19:20] SERIAL:OK: SPEED:8
[2026-05-20 12:19:20] SERIAL:OK: BRAKE:0
[2026-05-20 12:19:20] SERIAL:OK: SPEED:14
[2026-05-20 12:19:20] SERIAL:OK: SPEED:18
[2026-05-20 12:19:20] SERIAL:OK: SPEED:22
[2026-05-20 12:19:20] SERIAL:OK: SPEED:32
[2026-05-20 12:19:20] SERIAL:OK: SPEED:39
[2026-05-20 12:19:20] SERIAL:OK: SPEED:46
[2026-05-20 12:19:20] SERIAL:OK: SPEED:53
[2026-05-20 12:19:20] SERIAL:OK: SPEED:59
[2026-05-20 12:19:20] SERIAL:OK: SPEED:65
[2026-05-20 12:19:20] SERIAL:OK: SPEED:70
[2026-05-20 12:19:20] SERIAL:OK: SPEED:75
[2026-05-20 12:19:20] SERIAL:OK: SPEED:79
[2026-05-20 12:19:20] SERIAL:OK: SPEED:82
[2026-05-20 12:19:20] SERIAL:OK: SPEED:83
[2026-05-20 12:19:20] SERIAL:OK: SPEED:84
[2026-05-20 12:19:20] SERIAL:OK: SPEED:86
[2026-05-20 12:19:20] SERIAL:OK: SPEED:88
[2026-05-20 12:19:21] SERIAL:OK: SPEED:89
[2026-05-20 12:19:21] SERIAL:OK: SPEED:90
[2026-05-20 12:19:21] SERIAL:OK: SPEED:91
[2026-05-20 12:19:21] SERIAL:OK: SPEED:92
[2026-05-20 12:19:21] SERIAL:OK: SPEED:93
[2026-05-20 12:19:21] SERIAL:OK: SPEED:92
[2026-05-20 12:19:21] SERIAL:OK: BRAKE:1
[2026-05-20 12:19:21] SERIAL:OK: SPEED:91
[2026-05-20 12:19:21] SERIAL:OK: SPEED:90
[2026-05-20 12:19:21] SERIAL:OK: SPEED:87
[2026-05-20 12:19:21] SERIAL:OK: SPEED:82
[2026-05-20 12:19:21] SERIAL:OK: SPEED:74
[2026-05-20 12:19:21] SERIAL:OK: SPEED:63
[2026-05-20 12:19:21] SERIAL:OK: SPEED:50
[2026-05-20 12:19:21] SERIAL:OK: SPEED:34
[2026-05-20 12:19:22] SERIAL:OK: SPEED:20
[2026-05-20 12:19:22] SERIAL:OK: SPEED:10
[2026-05-20 12:19:22] SERIAL:OK: SPEED:3
[2026-05-20 12:19:22] SERIAL:OK: SPEED:0
[2026-05-20 12:19:22] Обличчя зникло
[2026-05-20 12:19:25] SERIAL:INFO: servo detached (idle)
[2026-05-20 12:19:30] Обличчя зникло
[2026-05-20 12:19:32] SERIAL:OK: SPEED:5
[2026-05-20 12:19:32] SERIAL:OK: BRAKE:0
[2026-05-20 12:19:32] SERIAL:OK: SPEED:11
[2026-05-20 12:19:32] SERIAL:OK: SPEED:18
[2026-05-20 12:19:32] SERIAL:OK: SPEED:26
[2026-05-20 12:19:33] SERIAL:OK: SPEED:34
[2026-05-20 12:19:33] SERIAL:OK: SPEED:38
[2026-05-20 12:19:33] SERIAL:OK: SPEED:41
[2026-05-20 12:19:33] SERIAL:OK: SPEED:43
[2026-05-20 12:19:33] SERIAL:OK: SPEED:45
[2026-05-20 12:19:33] SERIAL:OK: SPEED:47
[2026-05-20 12:19:33] SERIAL:OK: SPEED:49
[2026-05-20 12:19:33] SERIAL:OK: SPEED:51
[2026-05-20 12:19:33] SERIAL:OK: SPEED:53
[2026-05-20 12:19:33] SERIAL:OK: SPEED:57
[2026-05-20 12:19:33] SERIAL:OK: SPEED:61
[2026-05-20 12:19:33] SERIAL:OK: SPEED:65
[2026-05-20 12:19:33] SERIAL:OK: SPEED:70
[2026-05-20 12:19:33] SERIAL:OK: SPEED:74
[2026-05-20 12:19:33] SERIAL:OK: SPEED:76
[2026-05-20 12:19:33] SERIAL:OK: SPEED:78
[2026-05-20 12:19:33] SERIAL:OK: SPEED:80
[2026-05-20 12:19:33] SERIAL:OK: SPEED:81
[2026-05-20 12:19:33] SERIAL:OK: SPEED:83
[2026-05-20 12:19:33] SERIAL:OK: SPEED:85
[2026-05-20 12:19:33] SERIAL:OK: SPEED:87
[2026-05-20 12:19:33] SERIAL:OK: SPEED:90
[2026-05-20 12:19:33] SERIAL:OK: SPEED:92
[2026-05-20 12:19:34] SERIAL:OK: SPEED:94
[2026-05-20 12:19:34] SERIAL:OK: SPEED:95
[2026-05-20 12:19:34] SERIAL:OK: SPEED:96
[2026-05-20 12:19:34] SERIAL:OK: SPEED:97
[2026-05-20 12:19:34] SERIAL:OK: SPEED:98
[2026-05-20 12:19:34] SERIAL:OK: SPEED:97
[2026-05-20 12:19:35] SERIAL:OK: SPEED:96
[2026-05-20 12:19:35] SERIAL:OK: SPEED:95
[2026-05-20 12:19:35] SERIAL:OK: SPEED:94
[2026-05-20 12:19:35] SERIAL:OK: SPEED:93
[2026-05-20 12:19:35] SERIAL:OK: BRAKE:1
[2026-05-20 12:19:36] SERIAL:OK: SPEED:92
[2026-05-20 12:19:36] SERIAL:OK: SPEED:91
[2026-05-20 12:19:36] SERIAL:OK: SPEED:90
[2026-05-20 12:19:36] SERIAL:OK: SPEED:89
[2026-05-20 12:19:36] SERIAL:OK: SPEED:87
[2026-05-20 12:19:36] SERIAL:OK: SPEED:85
[2026-05-20 12:19:36] SERIAL:OK: SPEED:82
[2026-05-20 12:19:36] SERIAL:OK: SPEED:76
[2026-05-20 12:19:36] SERIAL:OK: SPEED:66
[2026-05-20 12:19:36] SERIAL:OK: SPEED:56
[2026-05-20 12:19:36] SERIAL:OK: SPEED:40
[2026-05-20 12:19:36] SERIAL:OK: SPEED:26
[2026-05-20 12:19:36] SERIAL:OK: SPEED:14
[2026-05-20 12:19:36] SERIAL:OK: SPEED:6
[2026-05-20 12:19:36] SERIAL:OK: SPEED:0
[2026-05-20 12:19:37] Обличчя зникло
[2026-05-20 12:19:40] SERIAL:INFO: servo detached (idle)
[2026-05-20 12:19:49] Обличчя зникло
[2026-05-20 12:19:50] SERIAL:OK: SPEED:4
[2026-05-20 12:19:50] SERIAL:OK: BRAKE:0
[2026-05-20 12:19:50] SERIAL:OK: SPEED:12
[2026-05-20 12:19:50] SERIAL:OK: SPEED:23
[2026-05-20 12:19:50] SERIAL:OK: SPEED:35
[2026-05-20 12:19:50] SERIAL:OK: SPEED:48
[2026-05-20 12:19:50] SERIAL:OK: SPEED:58
[2026-05-20 12:19:50] SERIAL:OK: SPEED:64
[2026-05-20 12:19:50] SERIAL:OK: SPEED:67
[2026-05-20 12:19:50] SERIAL:OK: SPEED:72
[2026-05-20 12:19:50] SERIAL:OK: SPEED:77
[2026-05-20 12:19:50] SERIAL:OK: SPEED:83
[2026-05-20 12:19:50] SERIAL:OK: SPEED:89
[2026-05-20 12:19:50] SERIAL:OK: SPEED:94
[2026-05-20 12:19:50] SERIAL:OK: SPEED:98
[2026-05-20 12:19:50] SERIAL:OK: SPEED:99
[2026-05-20 12:19:50] SERIAL:OK: SPEED:100
[2026-05-20 12:19:54] SERIAL:OK: SPEED:88
[2026-05-20 12:19:54] SERIAL:OK: BRAKE:1
[2026-05-20 12:19:54] SERIAL:OK: SPEED:69
[2026-05-20 12:19:54] SERIAL:OK: SPEED:49
[2026-05-20 12:19:54] SERIAL:OK: SPEED:29
[2026-05-20 12:19:54] SERIAL:OK: SPEED:9
[2026-05-20 12:19:54] SERIAL:OK: SPEED:1
[2026-05-20 12:19:54] SERIAL:OK: SPEED:0
[2026-05-20 12:19:55] Обличчя зникло
[2026-05-20 12:19:58] SERIAL:INFO: servo detached (idle)
[2026-05-20 12:20:00] SERIAL:OK: SPEED:10
[2026-05-20 12:20:00] SERIAL:OK: BRAKE:0
[2026-05-20 12:20:00] SERIAL:OK: SPEED:21
[2026-05-20 12:20:00] SERIAL:OK: SPEED:32
[2026-05-20 12:20:00] SERIAL:OK: SPEED:45
[2026-05-20 12:20:00] SERIAL:OK: SPEED:59
[2026-05-20 12:20:00] SERIAL:OK: SPEED:64
[2026-05-20 12:20:00] SERIAL:OK: SPEED:68
[2026-05-20 12:20:00] SERIAL:OK: SPEED:72
[2026-05-20 12:20:00] SERIAL:OK: SPEED:76
[2026-05-20 12:20:00] SERIAL:OK: SPEED:79
[2026-05-20 12:20:01] SERIAL:OK: SPEED:82
[2026-05-20 12:20:01] SERIAL:OK: SPEED:86
[2026-05-20 12:20:01] SERIAL:OK: SPEED:90
[2026-05-20 12:20:01] SERIAL:OK: SPEED:93
[2026-05-20 12:20:01] SERIAL:OK: SPEED:96
[2026-05-20 12:20:01] SERIAL:OK: SPEED:98
[2026-05-20 12:20:01] SERIAL:OK: SPEED:100
[2026-05-20 12:20:03] SERIAL:OK: SPEED:97
[2026-05-20 12:20:03] SERIAL:OK: BRAKE:1
[2026-05-20 12:20:03] SERIAL:OK: SPEED:93
[2026-05-20 12:20:03] SERIAL:OK: SPEED:89
[2026-05-20 12:20:03] SERIAL:OK: SPEED:81
[2026-05-20 12:20:03] SERIAL:OK: SPEED:72
[2026-05-20 12:20:03] SERIAL:OK: SPEED:64
[2026-05-20 12:20:03] SERIAL:OK: SPEED:51
[2026-05-20 12:20:03] SERIAL:OK: SPEED:38
[2026-05-20 12:20:03] SERIAL:OK: SPEED:28
[2026-05-20 12:20:03] SERIAL:OK: SPEED:18
[2026-05-20 12:20:03] SERIAL:OK: SPEED:9
[2026-05-20 12:20:03] SERIAL:OK: SPEED:6
[2026-05-20 12:20:03] SERIAL:OK: SPEED:3
[2026-05-20 12:20:04] SERIAL:OK: SPEED:1
[2026-05-20 12:20:04] SERIAL:OK: SPEED:0
[2026-05-20 12:20:04] Обличчя зникло
[2026-05-20 12:20:07] SERIAL:INFO: servo detached (idle)
[2026-05-20 12:20:09] SERIAL:OK: BRAKE:0
[2026-05-20 12:20:09] SERIAL:OK: SPEED:4
[2026-05-20 12:20:09] SERIAL:OK: SPEED:10
[2026-05-20 12:20:09] SERIAL:OK: SPEED:20
[2026-05-20 12:20:09] SERIAL:OK: SPEED:37
[2026-05-20 12:20:09] SERIAL:OK: SPEED:53
[2026-05-20 12:20:09] SERIAL:OK: SPEED:68
[2026-05-20 12:20:09] SERIAL:OK: SPEED:80
[2026-05-20 12:20:09] SERIAL:OK: SPEED:90
[2026-05-20 12:20:09] SERIAL:OK: SPEED:94
[2026-05-20 12:20:09] SERIAL:OK: SPEED:97
[2026-05-20 12:20:09] SERIAL:OK: SPEED:98
[2026-05-20 12:20:09] SERIAL:OK: SPEED:100
[2026-05-20 12:20:12] SERIAL:OK: SPEED:99
[2026-05-20 12:20:12] SERIAL:OK: BRAKE:1
[2026-05-20 12:20:12] SERIAL:OK: SPEED:83
[2026-05-20 12:20:12] SERIAL:OK: SPEED:63
[2026-05-20 12:20:12] SERIAL:OK: SPEED:43
[2026-05-20 12:20:12] SERIAL:OK: SPEED:23
[2026-05-20 12:20:12] SERIAL:OK: SPEED:4
[2026-05-20 12:20:12] SERIAL:OK: SPEED:0
[2026-05-20 12:20:12] Обличчя зникло
[2026-05-20 12:20:16] SERIAL:INFO: servo detached (idle)
[2026-05-20 12:20:21] Обличчя зникло
[2026-05-20 12:20:21] SERIAL:OK: SPEED:1
[2026-05-20 12:20:21] SERIAL:OK: BRAKE:0
[2026-05-20 12:20:21] SERIAL:OK: SPEED:4
[2026-05-20 12:20:21] SERIAL:OK: SPEED:11
[2026-05-20 12:20:21] SERIAL:OK: SPEED:20
[2026-05-20 12:20:21] SERIAL:OK: SPEED:34
[2026-05-20 12:20:21] SERIAL:OK: SPEED:47
[2026-05-20 12:20:21] SERIAL:OK: SPEED:58
[2026-05-20 12:20:21] SERIAL:OK: SPEED:67
[2026-05-20 12:20:21] SERIAL:OK: SPEED:74
[2026-05-20 12:20:22] SERIAL:OK: SPEED:77
[2026-05-20 12:20:22] SERIAL:OK: SPEED:80
[2026-05-20 12:20:22] SERIAL:OK: SPEED:83
[2026-05-20 12:20:22] SERIAL:OK: SPEED:86
[2026-05-20 12:20:22] SERIAL:OK: SPEED:88
[2026-05-20 12:20:22] SERIAL:OK: SPEED:90
[2026-05-20 12:20:22] SERIAL:OK: SPEED:91
[2026-05-20 12:20:22] SERIAL:OK: SPEED:93
[2026-05-20 12:20:22] SERIAL:OK: SPEED:94
[2026-05-20 12:20:22] SERIAL:OK: SPEED:95
[2026-05-20 12:20:22] SERIAL:OK: SPEED:96
[2026-05-20 12:20:22] SERIAL:OK: SPEED:97
[2026-05-20 12:20:22] SERIAL:OK: SPEED:98
[2026-05-20 12:20:22] SERIAL:OK: SPEED:99
[2026-05-20 12:20:22] SERIAL:OK: SPEED:100
[2026-05-20 12:20:25] SERIAL:OK: SPEED:98
[2026-05-20 12:20:25] SERIAL:OK: BRAKE:1
[2026-05-20 12:20:25] SERIAL:OK: SPEED:92
[2026-05-20 12:20:25] SERIAL:OK: SPEED:81
[2026-05-20 12:20:25] SERIAL:OK: SPEED:65
[2026-05-20 12:20:25] SERIAL:OK: SPEED:46
[2026-05-20 12:20:25] SERIAL:OK: SPEED:28
[2026-05-20 12:20:25] SERIAL:OK: SPEED:13
[2026-05-20 12:20:25] SERIAL:OK: SPEED:5
[2026-05-20 12:20:25] SERIAL:OK: SPEED:1
[2026-05-20 12:20:25] SERIAL:OK: SPEED:0
[2026-05-20 12:20:26] SERIAL:OK: BRAKE:0
[2026-05-20 12:20:29] SERIAL:INFO: servo detached (idle)
[2026-05-20 12:20:29] Обличчя зникло
[2026-05-20 12:20:30] SERIAL:OK: SPEED:4
[2026-05-20 12:20:30] SERIAL:OK: SPEED:11
[2026-05-20 12:20:30] SERIAL:OK: SPEED:21
[2026-05-20 12:20:30] SERIAL:OK: SPEED:38
[2026-05-20 12:20:30] SERIAL:OK: SPEED:55
[2026-05-20 12:20:30] SERIAL:OK: SPEED:70
[2026-05-20 12:20:30] SERIAL:OK: SPEED:82
[2026-05-20 12:20:30] SERIAL:OK: SPEED:91
[2026-05-20 12:20:30] SERIAL:OK: SPEED:94
[2026-05-20 12:20:30] SERIAL:OK: SPEED:96
[2026-05-20 12:20:30] SERIAL:OK: SPEED:98
[2026-05-20 12:20:30] SERIAL:OK: SPEED:99
[2026-05-20 12:20:30] SERIAL:OK: SPEED:100
[2026-05-20 12:20:32] SERIAL:OK: SPEED:80
[2026-05-20 12:20:32] SERIAL:OK: BRAKE:1
[2026-05-20 12:20:32] SERIAL:OK: SPEED:60
[2026-05-20 12:20:32] SERIAL:OK: SPEED:40
[2026-05-20 12:20:32] SERIAL:OK: SPEED:20
[2026-05-20 12:20:32] SERIAL:OK: SPEED:0
[2026-05-20 12:20:36] SERIAL:INFO: servo detached (idle)
[2026-05-20 12:20:37] Обличчя зникло
[2026-05-20 12:20:45] SERIAL:OK: LEFT:0
[2026-05-20 12:20:45] SERIAL:OK: RIGHT:0
[2026-05-20 12:20:45] SERIAL:OK: EMERGENCY:0
[2026-05-20 12:20:45] SERIAL:OK: BRAKE:0
[2026-05-20 12:20:45] SERIAL:OK: LEFT:0
[2026-05-20 12:20:45] SERIAL:OK: RIGHT:0
[2026-05-20 12:20:45] SERIAL:OK: EMERGENCY:0
[2026-05-20 12:20:57] SERIAL:OK: BRAKE:1
[2026-05-20 12:20:58] Обличчя зникло
[2026-05-20 12:21:07] SERIAL:OK: LEFT:0
[2026-05-20 12:21:07] SERIAL:OK: RIGHT:0
[2026-05-20 12:21:07] SERIAL:OK: EMERGENCY:0
[2026-05-20 12:21:07] SERIAL:OK: BRAKE:0
[2026-05-20 12:21:07] SERIAL:OK: LEFT:0
[2026-05-20 12:21:07] SERIAL:OK: RIGHT:0
[2026-05-20 12:21:07] SERIAL:OK: EMERGENCY:0
[2026-05-20 13:08:27] Arduino підключено: COM12
[2026-05-20 13:08:27] SERIAL:OK: LEFT:0
[2026-05-20 13:08:27] SERIAL:OK: RIGHT:0
[2026-05-20 13:08:27] SERIAL:OK: EMERGENCY:0
[2026-05-20 13:08:29] SERIAL:INFO: servo detached (idle)
[2026-05-20 13:25:12] SERIAL:OK: BRAKE:1
[2026-05-20 13:25:31] SERIAL:OK: SPEED:0
[2026-05-20 13:25:32] SERIAL:OK: BRAKE:0
[2026-05-20 13:25:32] SERIAL:OK: SPEED:1
[2026-05-20 13:25:32] SERIAL:OK: SPEED:4
[2026-05-20 13:25:32] SERIAL:OK: SPEED:8
[2026-05-20 13:25:32] SERIAL:OK: SPEED:12
[2026-05-20 13:25:32] SERIAL:OK: SPEED:18
[2026-05-20 13:25:32] SERIAL:OK: SPEED:24
[2026-05-20 13:25:32] SERIAL:OK: SPEED:29
[2026-05-20 13:25:32] SERIAL:OK: SPEED:34
[2026-05-20 13:25:32] SERIAL:OK: SPEED:39
[2026-05-20 13:25:32] SERIAL:OK: SPEED:42
[2026-05-20 13:25:32] SERIAL:OK: SPEED:46
[2026-05-20 13:25:32] SERIAL:OK: SPEED:49
[2026-05-20 13:25:32] SERIAL:OK: SPEED:51
[2026-05-20 13:25:32] SERIAL:OK: SPEED:53
[2026-05-20 13:25:32] SERIAL:OK: SPEED:54
[2026-05-20 13:25:32] SERIAL:OK: SPEED:55
[2026-05-20 13:25:33] SERIAL:OK: SPEED:56
[2026-05-20 13:25:33] SERIAL:OK: SPEED:57
[2026-05-20 13:25:33] SERIAL:OK: SPEED:58
[2026-05-20 13:25:33] SERIAL:OK: SPEED:59
[2026-05-20 13:25:33] SERIAL:OK: SPEED:60
[2026-05-20 13:25:33] SERIAL:OK: SPEED:61
[2026-05-20 13:25:33] SERIAL:OK: SPEED:60
[2026-05-20 13:25:33] SERIAL:OK: SPEED:61
[2026-05-20 13:25:34] SERIAL:OK: SPEED:62
[2026-05-20 13:25:34] SERIAL:OK: SPEED:63
[2026-05-20 13:25:34] SERIAL:OK: SPEED:65
[2026-05-20 13:25:34] SERIAL:OK: SPEED:66
[2026-05-20 13:25:34] SERIAL:OK: SPEED:67
[2026-05-20 13:25:34] SERIAL:OK: SPEED:69
[2026-05-20 13:25:34] SERIAL:OK: SPEED:70
[2026-05-20 13:25:34] SERIAL:OK: SPEED:71
[2026-05-20 13:25:34] SERIAL:OK: SPEED:72
[2026-05-20 13:25:34] SERIAL:OK: SPEED:73
[2026-05-20 13:25:34] SERIAL:OK: SPEED:74
[2026-05-20 13:25:34] SERIAL:OK: SPEED:75
[2026-05-20 13:25:34] SERIAL:OK: SPEED:76
[2026-05-20 13:25:35] SERIAL:OK: SPEED:77
[2026-05-20 13:25:35] SERIAL:OK: SPEED:78
[2026-05-20 13:25:35] SERIAL:OK: SPEED:77
[2026-05-20 13:25:35] SERIAL:OK: SPEED:76
[2026-05-20 13:25:35] SERIAL:OK: BRAKE:1
[2026-05-20 13:25:35] SERIAL:OK: SPEED:75
[2026-05-20 13:25:35] SERIAL:OK: SPEED:74
[2026-05-20 13:25:35] SERIAL:OK: SPEED:73
[2026-05-20 13:25:35] SERIAL:OK: SPEED:72
[2026-05-20 13:25:35] SERIAL:OK: SPEED:70
[2026-05-20 13:25:35] SERIAL:OK: SPEED:68
[2026-05-20 13:25:35] SERIAL:OK: SPEED:65
[2026-05-20 13:25:35] SERIAL:OK: SPEED:63
[2026-05-20 13:25:35] SERIAL:OK: SPEED:61
[2026-05-20 13:25:36] SERIAL:OK: SPEED:60
[2026-05-20 13:25:36] SERIAL:OK: SPEED:59
[2026-05-20 13:25:36] SERIAL:OK: SPEED:58
[2026-05-20 13:25:36] SERIAL:OK: SPEED:57
[2026-05-20 13:25:36] SERIAL:OK: SPEED:56
[2026-05-20 13:25:36] SERIAL:OK: SPEED:55
[2026-05-20 13:25:36] SERIAL:OK: SPEED:54
[2026-05-20 13:25:36] SERIAL:OK: SPEED:53
[2026-05-20 13:25:36] SERIAL:OK: SPEED:52
[2026-05-20 13:25:36] SERIAL:OK: SPEED:51
[2026-05-20 13:25:36] SERIAL:OK: SPEED:49
[2026-05-20 13:25:37] SERIAL:OK: SPEED:47
[2026-05-20 13:25:37] SERIAL:OK: SPEED:45
[2026-05-20 13:25:37] SERIAL:OK: SPEED:41
[2026-05-20 13:25:37] SERIAL:OK: SPEED:37
[2026-05-20 13:25:37] SERIAL:OK: SPEED:35
[2026-05-20 13:25:37] SERIAL:OK: SPEED:32
[2026-05-20 13:25:37] SERIAL:OK: SPEED:29
[2026-05-20 13:25:37] SERIAL:OK: SPEED:22
[2026-05-20 13:25:37] SERIAL:OK: SPEED:16
[2026-05-20 13:25:37] SERIAL:OK: SPEED:10
[2026-05-20 13:25:37] SERIAL:OK: SPEED:4
[2026-05-20 13:25:37] SERIAL:OK: SPEED:0
[2026-05-20 13:25:38] SERIAL:OK: LEFT:0
[2026-05-20 13:25:38] SERIAL:OK: RIGHT:0
[2026-05-20 13:25:38] SERIAL:OK: EMERGENCY:0
[2026-05-20 13:25:38] SERIAL:OK: BRAKE:0
[2026-05-20 13:25:38] SERIAL:OK: ALARM:0
[2026-05-20 13:25:39] SERIAL:OK: LEFT:0
[2026-05-20 13:25:39] SERIAL:OK: RIGHT:0
[2026-05-20 13:25:39] SERIAL:OK: EMERGENCY:0
[2026-05-20 13:25:40] SERIAL:INFO: servo detached (idle)
[2026-05-20 13:25:51] SERIAL:OK: BRAKE:1
[2026-05-20 13:25:51] SERIAL:OK: SPEED:4
[2026-05-20 13:25:51] SERIAL:OK: BRAKE:0
[2026-05-20 13:25:51] SERIAL:OK: SPEED:9
[2026-05-20 13:25:51] SERIAL:OK: SPEED:14
[2026-05-20 13:25:52] SERIAL:OK: SPEED:28
[2026-05-20 13:25:52] SERIAL:OK: SPEED:41
[2026-05-20 13:25:52] SERIAL:OK: SPEED:53
[2026-05-20 13:25:52] SERIAL:OK: SPEED:63
[2026-05-20 13:25:52] SERIAL:OK: SPEED:71
[2026-05-20 13:25:52] SERIAL:OK: SPEED:74
[2026-05-20 13:25:52] SERIAL:OK: SPEED:76
[2026-05-20 13:25:52] SERIAL:OK: SPEED:78
[2026-05-20 13:25:52] SERIAL:OK: SPEED:80
[2026-05-20 13:25:52] SERIAL:OK: SPEED:82
[2026-05-20 13:25:52] SERIAL:OK: SPEED:84
[2026-05-20 13:25:52] SERIAL:OK: SPEED:87
[2026-05-20 13:25:52] SERIAL:OK: SPEED:90
[2026-05-20 13:25:52] SERIAL:OK: SPEED:93
[2026-05-20 13:25:52] SERIAL:OK: SPEED:95
[2026-05-20 13:25:52] SERIAL:OK: SPEED:97
[2026-05-20 13:25:52] SERIAL:OK: SPEED:98
[2026-05-20 13:25:52] SERIAL:OK: SPEED:99
[2026-05-20 13:25:52] SERIAL:OK: SPEED:100
[2026-05-20 13:25:54] SERIAL:OK: SPEED:98
[2026-05-20 13:25:54] SERIAL:OK: BRAKE:1
[2026-05-20 13:25:54] SERIAL:OK: SPEED:97
[2026-05-20 13:25:54] SERIAL:OK: SPEED:94
[2026-05-20 13:25:54] SERIAL:OK: SPEED:92
[2026-05-20 13:25:54] SERIAL:OK: SPEED:90
[2026-05-20 13:25:54] SERIAL:OK: SPEED:88
[2026-05-20 13:25:54] SERIAL:OK: SPEED:84
[2026-05-20 13:25:54] SERIAL:OK: SPEED:81
[2026-05-20 13:25:54] SERIAL:OK: SPEED:77
[2026-05-20 13:25:55] SERIAL:OK: SPEED:74
[2026-05-20 13:25:55] SERIAL:OK: SPEED:71
[2026-05-20 13:25:55] SERIAL:OK: SPEED:70
[2026-05-20 13:25:55] SERIAL:OK: SPEED:71
[2026-05-20 13:25:55] SERIAL:OK: SPEED:70
[2026-05-20 13:25:55] SERIAL:OK: SPEED:71
[2026-05-20 13:25:55] SERIAL:OK: SPEED:70
[2026-05-20 13:25:55] SERIAL:OK: SPEED:69
[2026-05-20 13:25:55] SERIAL:OK: SPEED:68
[2026-05-20 13:25:56] SERIAL:OK: SPEED:67
[2026-05-20 13:25:56] SERIAL:OK: SPEED:66
[2026-05-20 13:25:56] SERIAL:OK: SPEED:65
[2026-05-20 13:25:56] SERIAL:OK: SPEED:64
[2026-05-20 13:25:56] SERIAL:OK: SPEED:63
[2026-05-20 13:25:56] SERIAL:OK: BRAKE:0
[2026-05-20 13:25:56] SERIAL:OK: SPEED:64
[2026-05-20 13:25:57] SERIAL:OK: SPEED:63
[2026-05-20 13:25:57] SERIAL:OK: SPEED:64
[2026-05-20 13:25:57] SERIAL:OK: SPEED:63
[2026-05-20 13:25:57] SERIAL:OK: SPEED:62
[2026-05-20 13:25:57] SERIAL:OK: SPEED:61
[2026-05-20 13:25:58] SERIAL:OK: SPEED:60
[2026-05-20 13:25:58] SERIAL:OK: BRAKE:1
[2026-05-20 13:25:58] SERIAL:OK: SPEED:59
[2026-05-20 13:25:58] SERIAL:OK: SPEED:58
[2026-05-20 13:25:58] SERIAL:OK: SPEED:56
[2026-05-20 13:25:58] SERIAL:OK: SPEED:54
[2026-05-20 13:25:58] SERIAL:OK: SPEED:50
[2026-05-20 13:25:58] SERIAL:OK: SPEED:42
[2026-05-20 13:25:58] SERIAL:OK: SPEED:33
[2026-05-20 13:25:58] SERIAL:OK: SPEED:24
[2026-05-20 13:25:58] SERIAL:OK: SPEED:15
[2026-05-20 13:25:58] SERIAL:OK: SPEED:7
[2026-05-20 13:25:58] SERIAL:OK: SPEED:4
[2026-05-20 13:25:59] SERIAL:OK: SPEED:1
[2026-05-20 13:25:59] SERIAL:OK: SPEED:0
[2026-05-20 13:26:00] Обличчя зникло
[2026-05-20 13:26:02] SERIAL:INFO: servo detached (idle)
[2026-05-20 13:26:04] SERIAL:OK: ALARM:1
[2026-05-20 13:26:04] АВАРІЙКА: обличчя відсутнє 4.0с
[2026-05-20 13:26:04] SERIAL:OK: LEFT:1
[2026-05-20 13:26:04] SERIAL:OK: RIGHT:1
[2026-05-20 13:26:04] SERIAL:OK: EMERGENCY:1
[2026-05-20 13:26:05] SERIAL:OK: LEFT:0
[2026-05-20 13:26:05] SERIAL:OK: RIGHT:0
[2026-05-20 13:26:05] SERIAL:OK: EMERGENCY:0
[2026-05-20 13:26:05] SERIAL:OK: LEFT:1
[2026-05-20 13:26:05] SERIAL:OK: RIGHT:1
[2026-05-20 13:26:05] SERIAL:OK: EMERGENCY:1
[2026-05-20 13:26:05] SERIAL:OK: LEFT:0
[2026-05-20 13:26:05] SERIAL:OK: RIGHT:0
[2026-05-20 13:26:05] SERIAL:OK: EMERGENCY:0
[2026-05-20 13:26:06] SERIAL:OK: LEFT:1
[2026-05-20 13:26:06] SERIAL:OK: RIGHT:1
[2026-05-20 13:26:06] SERIAL:OK: EMERGENCY:1
[2026-05-20 13:26:06] НАХИЛ ГОЛОВИ вниз (49.9°)
[2026-05-20 13:26:06] Обличчя зникло
[2026-05-20 13:26:06] НАХИЛ ГОЛОВИ вниз (45.7°)
[2026-05-20 13:26:06] SERIAL:OK: LEFT:0
[2026-05-20 13:26:06] SERIAL:OK: RIGHT:0
[2026-05-20 13:26:06] SERIAL:OK: EMERGENCY:0
[2026-05-20 13:26:06] Аварійку вимкнено жестом peace
[2026-05-20 13:26:06] SERIAL:OK: ALARM:0
[2026-05-20 13:26:06] SERIAL:OK: LEFT:1
[2026-05-20 13:26:07] SERIAL:OK: LEFT:0
[2026-05-20 13:26:07] SERIAL:OK: LEFT:1
[2026-05-20 13:26:07] SERIAL:OK: LEFT:0
[2026-05-20 13:26:08] SERIAL:OK: LEFT:1
[2026-05-20 13:26:08] Автоповоротники вимкнено
[2026-05-20 13:26:08] SERIAL:OK: LEFT:0
[2026-05-20 13:26:15] SERIAL:OK: ALARM:1
[2026-05-20 13:26:16] SERIAL:OK: LEFT:1
[2026-05-20 13:26:16] SERIAL:OK: RIGHT:1
[2026-05-20 13:26:16] SERIAL:OK: EMERGENCY:1
[2026-05-20 13:26:16] SERIAL:OK: LEFT:0
[2026-05-20 13:26:16] SERIAL:OK: RIGHT:0
[2026-05-20 13:26:16] SERIAL:OK: EMERGENCY:0
[2026-05-20 13:26:16] SERIAL:OK: LEFT:1
[2026-05-20 13:26:16] SERIAL:OK: RIGHT:1
[2026-05-20 13:26:16] SERIAL:OK: EMERGENCY:1
[2026-05-20 13:26:17] SERIAL:OK: LEFT:0
[2026-05-20 13:26:17] SERIAL:OK: RIGHT:0
[2026-05-20 13:26:17] SERIAL:OK: EMERGENCY:0
[2026-05-20 13:26:17] SERIAL:OK: LEFT:1
[2026-05-20 13:26:17] SERIAL:OK: RIGHT:1
[2026-05-20 13:26:17] SERIAL:OK: EMERGENCY:1
[2026-05-20 13:26:17] SERIAL:OK: LEFT:0
[2026-05-20 13:26:17] SERIAL:OK: RIGHT:0
[2026-05-20 13:26:17] SERIAL:OK: EMERGENCY:0
[2026-05-20 13:26:18] SERIAL:OK: LEFT:1
[2026-05-20 13:26:18] SERIAL:OK: RIGHT:1
[2026-05-20 13:26:18] SERIAL:OK: EMERGENCY:1
[2026-05-20 13:26:18] Аварійку вимкнено жестом peace
[2026-05-20 13:26:18] SERIAL:OK: ALARM:0
[2026-05-20 13:26:18] SERIAL:OK: LEFT:0
[2026-05-20 13:26:18] SERIAL:OK: RIGHT:0
[2026-05-20 13:26:18] SERIAL:OK: EMERGENCY:0
[2026-05-20 13:26:21] SERIAL:OK: SPEED:9
[2026-05-20 13:26:21] SERIAL:OK: BRAKE:0
[2026-05-20 13:26:21] SERIAL:OK: SPEED:12
[2026-05-20 13:26:21] SERIAL:OK: SPEED:15
[2026-05-20 13:26:21] SERIAL:OK: SPEED:18
[2026-05-20 13:26:21] SERIAL:OK: SPEED:20
[2026-05-20 13:26:21] SERIAL:OK: SPEED:25
[2026-05-20 13:26:21] SERIAL:OK: SPEED:30
[2026-05-20 13:26:21] SERIAL:OK: SPEED:35
[2026-05-20 13:26:21] SERIAL:OK: SPEED:38
[2026-05-20 13:26:21] SERIAL:OK: SPEED:41
[2026-05-20 13:26:21] SERIAL:OK: SPEED:43
[2026-05-20 13:26:21] SERIAL:OK: SPEED:44
[2026-05-20 13:26:21] SERIAL:OK: SPEED:45
[2026-05-20 13:26:21] SERIAL:OK: SPEED:47
[2026-05-20 13:26:21] SERIAL:OK: SPEED:50
[2026-05-20 13:26:22] SERIAL:OK: SPEED:54
[2026-05-20 13:26:22] SERIAL:OK: SPEED:58
[2026-05-20 13:26:22] SERIAL:OK: SPEED:62
[2026-05-20 13:26:25] SERIAL:OK: ALARM:1
[2026-05-20 13:26:26] SERIAL:OK: BRAKE:1
[2026-05-20 13:26:26] SERIAL:OK: SPEED:61
[2026-05-20 13:26:26] SERIAL:OK: SPEED:60
[2026-05-20 13:26:26] SERIAL:OK: SPEED:59
[2026-05-20 13:26:26] SERIAL:OK: LEFT:1
[2026-05-20 13:26:26] SERIAL:OK: RIGHT:1
[2026-05-20 13:26:26] SERIAL:OK: EMERGENCY:1
[2026-05-20 13:26:26] SERIAL:OK: SPEED:58
[2026-05-20 13:26:26] SERIAL:OK: SPEED:57
[2026-05-20 13:26:26] SERIAL:OK: LEFT:0
[2026-05-20 13:26:26] SERIAL:OK: RIGHT:0
[2026-05-20 13:26:26] SERIAL:OK: EMERGENCY:0
[2026-05-20 13:26:26] SERIAL:OK: SPEED:56
[2026-05-20 13:26:27] SERIAL:OK: SPEED:55
[2026-05-20 13:26:27] SERIAL:OK: LEFT:1
[2026-05-20 13:26:27] SERIAL:OK: RIGHT:1
[2026-05-20 13:26:27] SERIAL:OK: EMERGENCY:1
[2026-05-20 13:26:27] Обличчя зникло
[2026-05-20 13:26:27] SERIAL:OK: SPEED:54
[2026-05-20 13:26:27] SERIAL:OK: SPEED:53
[2026-05-20 13:26:27] SERIAL:OK: LEFT:0
[2026-05-20 13:26:27] SERIAL:OK: RIGHT:0
[2026-05-20 13:26:27] SERIAL:OK: EMERGENCY:0
[2026-05-20 13:26:27] SERIAL:OK: SPEED:52
[2026-05-20 13:26:27] SERIAL:OK: SPEED:51
[2026-05-20 13:26:27] SERIAL:OK: LEFT:1
[2026-05-20 13:26:27] SERIAL:OK: RIGHT:1
[2026-05-20 13:26:27] SERIAL:OK: EMERGENCY:1
[2026-05-20 13:26:27] SERIAL:OK: SPEED:50
[2026-05-20 13:26:27] SERIAL:OK: SPEED:49
[2026-05-20 13:26:28] SERIAL:OK: LEFT:0
[2026-05-20 13:26:28] SERIAL:OK: RIGHT:0
[2026-05-20 13:26:28] SERIAL:OK: EMERGENCY:0
[2026-05-20 13:26:28] SERIAL:OK: SPEED:48
[2026-05-20 13:26:28] SERIAL:OK: SPEED:47
[2026-05-20 13:26:28] SERIAL:OK: SPEED:46
[2026-05-20 13:26:28] SERIAL:OK: LEFT:1
[2026-05-20 13:26:28] SERIAL:OK: RIGHT:1
[2026-05-20 13:26:28] SERIAL:OK: EMERGENCY:1
[2026-05-20 13:26:28] SERIAL:OK: SPEED:45
[2026-05-20 13:26:28] SERIAL:OK: LEFT:0
[2026-05-20 13:26:28] SERIAL:OK: RIGHT:0
[2026-05-20 13:26:28] SERIAL:OK: EMERGENCY:0
[2026-05-20 13:26:28] SERIAL:OK: SPEED:44
[2026-05-20 13:26:28] SERIAL:OK: SPEED:43
[2026-05-20 13:26:29] SERIAL:OK: SPEED:42
[2026-05-20 13:26:29] SERIAL:OK: LEFT:1
[2026-05-20 13:26:29] SERIAL:OK: RIGHT:1
[2026-05-20 13:26:29] SERIAL:OK: EMERGENCY:1
[2026-05-20 13:26:29] SERIAL:OK: SPEED:41
[2026-05-20 13:26:29] SERIAL:OK: SPEED:40
[2026-05-20 13:26:29] SERIAL:OK: LEFT:0
[2026-05-20 13:26:29] SERIAL:OK: RIGHT:0
[2026-05-20 13:26:29] SERIAL:OK: EMERGENCY:0
[2026-05-20 13:26:29] SERIAL:OK: SPEED:39
[2026-05-20 13:26:29] SERIAL:OK: SPEED:38
[2026-05-20 13:26:29] SERIAL:OK: LEFT:1
[2026-05-20 13:26:29] SERIAL:OK: RIGHT:1
[2026-05-20 13:26:29] SERIAL:OK: EMERGENCY:1
[2026-05-20 13:26:29] SERIAL:OK: SPEED:37
[2026-05-20 13:26:30] SERIAL:OK: SPEED:36
[2026-05-20 13:26:30] SERIAL:OK: LEFT:0
[2026-05-20 13:26:30] SERIAL:OK: RIGHT:0
[2026-05-20 13:26:30] SERIAL:OK: EMERGENCY:0
[2026-05-20 13:26:30] SERIAL:OK: SPEED:35
[2026-05-20 13:26:30] SERIAL:OK: SPEED:34
[2026-05-20 13:26:30] SERIAL:OK: LEFT:1
[2026-05-20 13:26:30] SERIAL:OK: RIGHT:1
[2026-05-20 13:26:30] SERIAL:OK: EMERGENCY:1
[2026-05-20 13:26:30] SERIAL:OK: SPEED:33
[2026-05-20 13:26:30] SERIAL:OK: SPEED:32
[2026-05-20 13:26:30] SERIAL:OK: LEFT:0
[2026-05-20 13:26:30] SERIAL:OK: RIGHT:0
[2026-05-20 13:26:30] SERIAL:OK: EMERGENCY:0
[2026-05-20 13:26:30] SERIAL:OK: SPEED:31
[2026-05-20 13:26:31] SERIAL:OK: SPEED:30
[2026-05-20 13:26:31] SERIAL:OK: LEFT:1
[2026-05-20 13:26:31] SERIAL:OK: RIGHT:1
[2026-05-20 13:26:31] SERIAL:OK: EMERGENCY:1
[2026-05-20 13:26:31] SERIAL:OK: SPEED:29
[2026-05-20 13:26:31] SERIAL:OK: SPEED:0
[2026-05-20 13:26:31] SERIAL:OK: LEFT:0
[2026-05-20 13:26:31] SERIAL:OK: RIGHT:0
[2026-05-20 13:26:31] SERIAL:OK: EMERGENCY:0
[2026-05-20 13:26:31] SERIAL:OK: BRAKE:0
[2026-05-20 13:26:31] SERIAL:OK: ALARM:0
[2026-05-20 13:26:31] SERIAL:OK: LEFT:0
[2026-05-20 13:26:31] SERIAL:OK: RIGHT:0
[2026-05-20 13:26:31] SERIAL:OK: EMERGENCY:0
[2026-05-20 13:26:34] SERIAL:INFO: servo detached (idle)
[2026-05-20 13:28:43] SERIAL:OK: BRAKE:1
[2026-05-20 13:28:47] SERIAL:OK: LEFT:0
[2026-05-20 13:28:47] SERIAL:OK: RIGHT:0
[2026-05-20 13:28:47] SERIAL:OK: EMERGENCY:0
[2026-05-20 13:28:47] SERIAL:OK: BRAKE:0
[2026-05-20 13:28:48] SERIAL:OK: LEFT:0
[2026-05-20 13:28:48] SERIAL:OK: RIGHT:0
[2026-05-20 13:28:48] SERIAL:OK: EMERGENCY:0
[2026-05-20 13:31:04] SERIAL:OK: BRAKE:1
[2026-05-20 13:31:19] SERIAL:OK: LEFT:0
[2026-05-20 13:31:19] SERIAL:OK: RIGHT:0
[2026-05-20 13:31:19] SERIAL:OK: EMERGENCY:0
[2026-05-20 13:31:19] SERIAL:OK: BRAKE:0
[2026-05-20 13:31:19] SERIAL:OK: LEFT:0
[2026-05-20 13:31:19] SERIAL:OK: RIGHT:0
[2026-05-20 13:31:19] SERIAL:OK: EMERGENCY:0
[2026-05-20 13:31:20] SERIAL:OK: BRAKE:1
[2026-05-20 13:31:20] SERIAL:OK: LEFT:0
[2026-05-20 13:31:20] SERIAL:OK: RIGHT:0
[2026-05-20 13:31:20] SERIAL:OK: EMERGENCY:0
[2026-05-20 13:31:20] SERIAL:OK: BRAKE:0
[2026-05-20 13:31:20] SERIAL:OK: LEFT:0
[2026-05-20 13:31:20] SERIAL:OK: RIGHT:0
[2026-05-20 13:31:20] SERIAL:OK: EMERGENCY:0
[2026-05-20 13:31:29] SERIAL:OK: BRAKE:1
[2026-05-20 13:32:03] SERIAL:OK: SPEED:1
[2026-05-20 13:32:03] SERIAL:OK: BRAKE:0
[2026-05-20 13:32:03] SERIAL:OK: SPEED:5
[2026-05-20 13:32:03] SERIAL:OK: SPEED:8
[2026-05-20 13:32:03] SERIAL:OK: SPEED:12
[2026-05-20 13:32:03] SERIAL:OK: SPEED:19
[2026-05-20 13:32:03] SERIAL:OK: SPEED:26
[2026-05-20 13:32:03] SERIAL:OK: SPEED:33
[2026-05-20 13:32:03] SERIAL:OK: SPEED:39
[2026-05-20 13:32:04] SERIAL:OK: SPEED:44
[2026-05-20 13:32:04] SERIAL:OK: SPEED:48
[2026-05-20 13:32:04] SERIAL:OK: SPEED:51
[2026-05-20 13:32:04] SERIAL:OK: SPEED:53
[2026-05-20 13:32:04] SERIAL:OK: SPEED:54
[2026-05-20 13:32:04] SERIAL:OK: SPEED:55
[2026-05-20 13:32:04] SERIAL:OK: SPEED:56
[2026-05-20 13:32:04] SERIAL:OK: SPEED:57
[2026-05-20 13:32:04] SERIAL:OK: SPEED:58
[2026-05-20 13:32:04] SERIAL:OK: SPEED:60
[2026-05-20 13:32:04] SERIAL:OK: SPEED:63
[2026-05-20 13:32:05] SERIAL:OK: SPEED:66
[2026-05-20 13:32:05] SERIAL:OK: SPEED:69
[2026-05-20 13:32:05] SERIAL:OK: SPEED:72
[2026-05-20 13:32:05] SERIAL:OK: SPEED:74
[2026-05-20 13:32:05] SERIAL:OK: SPEED:75
[2026-05-20 13:32:05] SERIAL:OK: SPEED:76
[2026-05-20 13:32:05] SERIAL:OK: SPEED:78
[2026-05-20 13:32:05] SERIAL:OK: SPEED:81
[2026-05-20 13:32:05] SERIAL:OK: SPEED:84
[2026-05-20 13:32:05] SERIAL:OK: SPEED:88
[2026-05-20 13:32:05] SERIAL:OK: SPEED:91
[2026-05-20 13:32:05] SERIAL:OK: SPEED:95
[2026-05-20 13:32:05] SERIAL:OK: SPEED:97
[2026-05-20 13:32:05] SERIAL:OK: SPEED:98
[2026-05-20 13:32:05] SERIAL:OK: SPEED:99
[2026-05-20 13:32:05] SERIAL:OK: SPEED:100
[2026-05-20 13:32:06] SERIAL:OK: SPEED:99
[2026-05-20 13:32:06] SERIAL:OK: BRAKE:1
[2026-05-20 13:32:06] SERIAL:OK: SPEED:98
[2026-05-20 13:32:06] SERIAL:OK: SPEED:97
[2026-05-20 13:32:07] SERIAL:OK: SPEED:96
[2026-05-20 13:32:07] SERIAL:OK: SPEED:94
[2026-05-20 13:32:07] SERIAL:OK: SPEED:93
[2026-05-20 13:32:07] SERIAL:OK: SPEED:91
[2026-05-20 13:32:07] SERIAL:OK: SPEED:90
[2026-05-20 13:32:07] SERIAL:OK: SPEED:88
[2026-05-20 13:32:07] SERIAL:OK: SPEED:87
[2026-05-20 13:32:07] SERIAL:OK: SPEED:86
[2026-05-20 13:32:07] SERIAL:OK: SPEED:85
[2026-05-20 13:32:07] SERIAL:OK: SPEED:84
[2026-05-20 13:32:07] SERIAL:OK: SPEED:83
[2026-05-20 13:32:07] SERIAL:OK: SPEED:82
[2026-05-20 13:32:07] SERIAL:OK: SPEED:81
[2026-05-20 13:32:07] SERIAL:OK: SPEED:80
[2026-05-20 13:32:07] SERIAL:OK: SPEED:79
[2026-05-20 13:32:07] SERIAL:OK: SPEED:78
[2026-05-20 13:32:07] SERIAL:OK: SPEED:77
[2026-05-20 13:32:07] SERIAL:OK: SPEED:76
[2026-05-20 13:32:08] SERIAL:OK: SPEED:75
[2026-05-20 13:32:08] SERIAL:OK: SPEED:74
[2026-05-20 13:32:08] SERIAL:OK: SPEED:73
[2026-05-20 13:32:08] SERIAL:OK: SPEED:72
[2026-05-20 13:32:08] SERIAL:OK: SPEED:71
[2026-05-20 13:32:08] SERIAL:OK: SPEED:70
[2026-05-20 13:32:08] SERIAL:OK: SPEED:69
[2026-05-20 13:32:08] SERIAL:OK: SPEED:68
[2026-05-20 13:32:08] SERIAL:OK: SPEED:67
[2026-05-20 13:32:08] SERIAL:OK: SPEED:66
[2026-05-20 13:32:08] SERIAL:OK: SPEED:65
[2026-05-20 13:32:09] SERIAL:OK: SPEED:64
[2026-05-20 13:32:09] SERIAL:OK: SPEED:63
[2026-05-20 13:32:09] SERIAL:OK: SPEED:62
[2026-05-20 13:32:09] SERIAL:OK: SPEED:61
[2026-05-20 13:32:09] SERIAL:OK: SPEED:60
[2026-05-20 13:32:09] SERIAL:OK: SPEED:59
[2026-05-20 13:32:09] SERIAL:OK: SPEED:58
[2026-05-20 13:32:09] SERIAL:OK: SPEED:57
[2026-05-20 13:32:09] SERIAL:OK: BRAKE:0
[2026-05-20 13:32:09] SERIAL:OK: SPEED:56
[2026-05-20 13:32:09] SERIAL:OK: BRAKE:1
[2026-05-20 13:32:10] SERIAL:OK: SPEED:55
[2026-05-20 13:32:10] SERIAL:OK: SPEED:54
[2026-05-20 13:32:10] SERIAL:OK: SPEED:53
[2026-05-20 13:32:10] SERIAL:OK: SPEED:52
[2026-05-20 13:32:10] SERIAL:OK: SPEED:51
[2026-05-20 13:32:10] SERIAL:OK: SPEED:50
[2026-05-20 13:32:10] SERIAL:OK: SPEED:49
[2026-05-20 13:32:10] SERIAL:OK: SPEED:48
[2026-05-20 13:32:10] SERIAL:OK: SPEED:47
[2026-05-20 13:32:10] SERIAL:OK: SPEED:46
[2026-05-20 13:32:10] SERIAL:OK: SPEED:44
[2026-05-20 13:32:10] SERIAL:OK: SPEED:43
[2026-05-20 13:32:10] SERIAL:OK: SPEED:42
[2026-05-20 13:32:10] SERIAL:OK: SPEED:41
[2026-05-20 13:32:10] SERIAL:OK: SPEED:40
[2026-05-20 13:32:11] SERIAL:OK: SPEED:39
[2026-05-20 13:32:11] SERIAL:OK: SPEED:38
[2026-05-20 13:32:11] SERIAL:OK: SPEED:37
[2026-05-20 13:32:11] SERIAL:OK: SPEED:36
[2026-05-20 13:32:11] SERIAL:OK: SPEED:35
[2026-05-20 13:32:11] SERIAL:OK: SPEED:34
[2026-05-20 13:32:11] SERIAL:OK: SPEED:33
[2026-05-20 13:32:11] SERIAL:OK: SPEED:32
[2026-05-20 13:32:11] SERIAL:OK: SPEED:31
[2026-05-20 13:32:12] SERIAL:OK: SPEED:30
[2026-05-20 13:32:12] SERIAL:OK: SPEED:29
[2026-05-20 13:32:12] SERIAL:OK: SPEED:28
[2026-05-20 13:32:12] SERIAL:OK: SPEED:27
[2026-05-20 13:32:12] SERIAL:OK: SPEED:26
[2026-05-20 13:32:12] SERIAL:OK: SPEED:25
[2026-05-20 13:32:12] SERIAL:OK: SPEED:24
[2026-05-20 13:32:12] SERIAL:OK: SPEED:23
[2026-05-20 13:32:12] SERIAL:OK: SPEED:22
[2026-05-20 13:32:12] SERIAL:OK: SPEED:21
[2026-05-20 13:32:13] SERIAL:OK: SPEED:20
[2026-05-20 13:32:13] SERIAL:OK: SPEED:19
[2026-05-20 13:32:13] SERIAL:OK: BRAKE:0
[2026-05-20 13:32:13] SERIAL:OK: SPEED:18
[2026-05-20 13:32:13] SERIAL:OK: SPEED:17
[2026-05-20 13:32:13] SERIAL:OK: BRAKE:1
[2026-05-20 13:32:13] SERIAL:OK: SPEED:16
[2026-05-20 13:32:14] SERIAL:OK: SPEED:15
[2026-05-20 13:32:14] SERIAL:OK: SPEED:14
[2026-05-20 13:32:14] SERIAL:OK: SPEED:13
[2026-05-20 13:32:14] SERIAL:OK: BRAKE:0
[2026-05-20 13:32:14] SERIAL:OK: SPEED:12
[2026-05-20 13:32:14] SERIAL:OK: SPEED:11
[2026-05-20 13:32:14] SERIAL:OK: BRAKE:1
[2026-05-20 13:32:14] SERIAL:OK: SPEED:10
[2026-05-20 13:32:15] SERIAL:OK: SPEED:9
[2026-05-20 13:32:15] SERIAL:OK: SPEED:8
[2026-05-20 13:32:15] SERIAL:OK: SPEED:7
[2026-05-20 13:32:15] SERIAL:OK: SPEED:6
[2026-05-20 13:32:15] SERIAL:OK: SPEED:5
[2026-05-20 13:32:15] SERIAL:OK: SPEED:4
[2026-05-20 13:32:16] SERIAL:OK: SPEED:3
[2026-05-20 13:32:16] SERIAL:OK: SPEED:2
[2026-05-20 13:32:16] SERIAL:OK: BRAKE:0
[2026-05-20 13:32:16] SERIAL:OK: SPEED:1
[2026-05-20 13:32:16] SERIAL:OK: SPEED:0
[2026-05-20 13:32:16] SERIAL:OK: BRAKE:1
[2026-05-20 13:32:19] SERIAL:INFO: servo detached (idle)
[2026-05-20 13:32:22] SERIAL:OK: SPEED:1
[2026-05-20 13:32:22] SERIAL:OK: BRAKE:0
[2026-05-20 13:32:22] SERIAL:OK: SPEED:2
[2026-05-20 13:32:22] SERIAL:OK: SPEED:3
[2026-05-20 13:32:22] SERIAL:OK: SPEED:5
[2026-05-20 13:32:22] SERIAL:OK: SPEED:7
[2026-05-20 13:32:22] SERIAL:OK: SPEED:10
[2026-05-20 13:32:22] SERIAL:OK: SPEED:13
[2026-05-20 13:32:22] SERIAL:OK: SPEED:16
[2026-05-20 13:32:22] SERIAL:OK: SPEED:19
[2026-05-20 13:32:22] SERIAL:OK: SPEED:21
[2026-05-20 13:32:22] SERIAL:OK: SPEED:22
[2026-05-20 13:32:22] SERIAL:OK: SPEED:23
[2026-05-20 13:32:23] SERIAL:OK: SPEED:24
[2026-05-20 13:32:23] SERIAL:OK: SPEED:25
[2026-05-20 13:32:23] SERIAL:OK: SPEED:26
[2026-05-20 13:32:23] SERIAL:OK: SPEED:25
[2026-05-20 13:32:23] SERIAL:OK: SPEED:26
[2026-05-20 13:32:23] SERIAL:OK: SPEED:25
[2026-05-20 13:32:23] SERIAL:OK: BRAKE:1
[2026-05-20 13:32:23] SERIAL:OK: SPEED:24
[2026-05-20 13:32:23] SERIAL:OK: SPEED:19
[2026-05-20 13:32:24] SERIAL:OK: BRAKE:0
[2026-05-20 13:32:27] Автоповоротник ВЛІВО
[2026-05-20 13:32:28] SERIAL:OK: LEFT:1
[2026-05-20 13:32:28] SERIAL:OK: LEFT:0
[2026-05-20 13:32:28] SERIAL:OK: LEFT:1
[2026-05-20 13:32:29] SERIAL:OK: LEFT:0
[2026-05-20 13:32:29] SERIAL:OK: LEFT:1
[2026-05-20 13:32:29] SERIAL:OK: LEFT:0
[2026-05-20 13:32:29] Автоповоротник ВЛІВО
[2026-05-20 13:32:30] SERIAL:OK: LEFT:1
[2026-05-20 13:32:30] SERIAL:OK: LEFT:0
[2026-05-20 13:32:30] SERIAL:OK: LEFT:1
[2026-05-20 13:32:31] SERIAL:OK: LEFT:0
[2026-05-20 13:32:31] SERIAL:OK: LEFT:1
[2026-05-20 13:32:31] SERIAL:OK: LEFT:0
[2026-05-20 13:32:32] SERIAL:OK: LEFT:1
[2026-05-20 13:32:32] SERIAL:OK: LEFT:0
[2026-05-20 13:32:32] SERIAL:OK: LEFT:1
[2026-05-20 13:32:33] SERIAL:OK: LEFT:0
[2026-05-20 13:32:33] Автоповоротники вимкнено
[2026-05-20 13:32:37] Автоповоротник ВПРАВО
[2026-05-20 13:32:37] SERIAL:OK: RIGHT:1
[2026-05-20 13:32:37] SERIAL:OK: RIGHT:0
[2026-05-20 13:32:38] SERIAL:OK: RIGHT:1
[2026-05-20 13:32:38] SERIAL:OK: RIGHT:0
[2026-05-20 13:32:38] SERIAL:OK: RIGHT:1
[2026-05-20 13:32:39] SERIAL:OK: RIGHT:0
[2026-05-20 13:32:39] SERIAL:OK: RIGHT:1
[2026-05-20 13:32:39] SERIAL:OK: RIGHT:0
[2026-05-20 13:32:40] SERIAL:OK: RIGHT:1
[2026-05-20 13:32:40] SERIAL:OK: RIGHT:0
[2026-05-20 13:32:40] SERIAL:OK: RIGHT:1
[2026-05-20 13:32:40] Автоповоротники вимкнено
[2026-05-20 13:32:41] SERIAL:OK: RIGHT:0
[2026-05-20 13:32:48] SERIAL:OK: SPEED:14
[2026-05-20 13:32:48] SERIAL:OK: BRAKE:1
[2026-05-20 13:32:48] SERIAL:OK: SPEED:10
[2026-05-20 13:32:48] SERIAL:OK: SPEED:5
[2026-05-20 13:32:48] SERIAL:OK: SPEED:1
[2026-05-20 13:32:48] SERIAL:OK: SPEED:3
[2026-05-20 13:32:48] SERIAL:OK: SPEED:6
[2026-05-20 13:32:48] SERIAL:OK: SPEED:11
[2026-05-20 13:32:48] SERIAL:OK: SPEED:17
[2026-05-20 13:32:48] SERIAL:OK: SPEED:22
[2026-05-20 13:32:48] SERIAL:OK: SPEED:27
[2026-05-20 13:32:48] SERIAL:OK: SPEED:29
[2026-05-20 13:32:48] SERIAL:OK: SPEED:31
[2026-05-20 13:32:48] SERIAL:OK: SPEED:32
[2026-05-20 13:32:49] SERIAL:OK: SPEED:31
[2026-05-20 13:32:49] SERIAL:OK: BRAKE:0
[2026-05-20 13:32:49] SERIAL:OK: SPEED:30
[2026-05-20 13:32:49] SERIAL:OK: SPEED:29
[2026-05-20 13:32:49] SERIAL:OK: BRAKE:1
[2026-05-20 13:32:49] SERIAL:OK: SPEED:28
[2026-05-20 13:32:49] SERIAL:OK: SPEED:27
[2026-05-20 13:32:49] SERIAL:OK: SPEED:28
[2026-05-20 13:32:49] SERIAL:OK: SPEED:27
[2026-05-20 13:32:50] SERIAL:OK: SPEED:26
[2026-05-20 13:32:50] SERIAL:OK: BRAKE:0
[2026-05-20 13:32:50] SERIAL:OK: SPEED:27
[2026-05-20 13:32:50] SERIAL:OK: SPEED:28
[2026-05-20 13:32:50] SERIAL:OK: SPEED:29
[2026-05-20 13:32:50] SERIAL:OK: SPEED:24
[2026-05-20 13:32:50] SERIAL:OK: BRAKE:1
[2026-05-20 13:32:51] SERIAL:OK: BRAKE:0
[2026-05-20 13:32:59] SERIAL:OK: ALARM:1
[2026-05-20 13:32:59] НАХИЛ ГОЛОВИ вниз (50.2°)
[2026-05-20 13:32:59] SERIAL:OK: BRAKE:1
[2026-05-20 13:32:59] SERIAL:OK: SPEED:23
[2026-05-20 13:32:59] SERIAL:OK: LEFT:1
[2026-05-20 13:32:59] SERIAL:OK: RIGHT:1
[2026-05-20 13:32:59] SERIAL:OK: EMERGENCY:1
[2026-05-20 13:33:00] SERIAL:OK: SPEED:22
[2026-05-20 13:33:00] SERIAL:OK: LEFT:0
[2026-05-20 13:33:00] SERIAL:OK: RIGHT:0
[2026-05-20 13:33:00] SERIAL:OK: EMERGENCY:0
[2026-05-20 13:33:00] SERIAL:OK: SPEED:21
[2026-05-20 13:33:00] SERIAL:OK: LEFT:1
[2026-05-20 13:33:00] SERIAL:OK: RIGHT:1
[2026-05-20 13:33:00] SERIAL:OK: EMERGENCY:1
[2026-05-20 13:33:00] SERIAL:OK: LEFT:0
[2026-05-20 13:33:00] SERIAL:OK: RIGHT:0
[2026-05-20 13:33:00] SERIAL:OK: EMERGENCY:0
[2026-05-20 13:33:00] SERIAL:OK: SPEED:20
[2026-05-20 13:33:01] SERIAL:OK: LEFT:1
[2026-05-20 13:33:01] SERIAL:OK: RIGHT:1
[2026-05-20 13:33:01] SERIAL:OK: EMERGENCY:1
[2026-05-20 13:33:01] SERIAL:OK: SPEED:19
[2026-05-20 13:33:01] SERIAL:OK: LEFT:0
[2026-05-20 13:33:01] SERIAL:OK: RIGHT:0
[2026-05-20 13:33:01] SERIAL:OK: EMERGENCY:0
[2026-05-20 13:33:01] SERIAL:OK: SPEED:18
[2026-05-20 13:33:01] SERIAL:OK: LEFT:1
[2026-05-20 13:33:01] SERIAL:OK: RIGHT:1
[2026-05-20 13:33:01] SERIAL:OK: EMERGENCY:1
[2026-05-20 13:33:02] SERIAL:OK: SPEED:17
[2026-05-20 13:33:02] SERIAL:OK: LEFT:0
[2026-05-20 13:33:02] SERIAL:OK: RIGHT:0
[2026-05-20 13:33:02] SERIAL:OK: EMERGENCY:0
[2026-05-20 13:33:02] SERIAL:OK: SPEED:16
[2026-05-20 13:33:02] SERIAL:OK: LEFT:1
[2026-05-20 13:33:02] SERIAL:OK: RIGHT:1
[2026-05-20 13:33:02] SERIAL:OK: EMERGENCY:1
[2026-05-20 13:33:02] SERIAL:OK: LEFT:0
[2026-05-20 13:33:02] SERIAL:OK: RIGHT:0
[2026-05-20 13:33:02] SERIAL:OK: EMERGENCY:0
[2026-05-20 13:33:02] SERIAL:OK: SPEED:15
[2026-05-20 13:33:03] SERIAL:OK: LEFT:1
[2026-05-20 13:33:03] SERIAL:OK: RIGHT:1
[2026-05-20 13:33:03] SERIAL:OK: EMERGENCY:1
[2026-05-20 13:33:03] SERIAL:OK: SPEED:14
[2026-05-20 13:33:03] SERIAL:OK: LEFT:0
[2026-05-20 13:33:03] SERIAL:OK: RIGHT:0
[2026-05-20 13:33:03] SERIAL:OK: EMERGENCY:0
[2026-05-20 13:33:03] SERIAL:OK: SPEED:13
[2026-05-20 13:33:03] SERIAL:OK: LEFT:1
[2026-05-20 13:33:03] SERIAL:OK: RIGHT:1
[2026-05-20 13:33:03] SERIAL:OK: EMERGENCY:1
[2026-05-20 13:33:04] SERIAL:OK: SPEED:12
[2026-05-20 13:33:04] SERIAL:OK: LEFT:0
[2026-05-20 13:33:04] SERIAL:OK: RIGHT:0
[2026-05-20 13:33:04] SERIAL:OK: EMERGENCY:0
[2026-05-20 13:33:04] SERIAL:OK: SPEED:11
[2026-05-20 13:33:04] SERIAL:OK: LEFT:1
[2026-05-20 13:33:04] SERIAL:OK: RIGHT:1
[2026-05-20 13:33:04] SERIAL:OK: EMERGENCY:1
[2026-05-20 13:33:04] SERIAL:OK: LEFT:0
[2026-05-20 13:33:04] SERIAL:OK: RIGHT:0
[2026-05-20 13:33:04] SERIAL:OK: EMERGENCY:0
[2026-05-20 13:33:04] SERIAL:OK: SPEED:10
[2026-05-20 13:33:05] SERIAL:OK: LEFT:1
[2026-05-20 13:33:05] SERIAL:OK: RIGHT:1
[2026-05-20 13:33:05] SERIAL:OK: EMERGENCY:1
[2026-05-20 13:33:05] SERIAL:OK: SPEED:9
[2026-05-20 13:33:05] SERIAL:OK: LEFT:0
[2026-05-20 13:33:05] SERIAL:OK: RIGHT:0
[2026-05-20 13:33:05] SERIAL:OK: EMERGENCY:0
[2026-05-20 13:33:05] SERIAL:OK: SPEED:8
[2026-05-20 13:33:05] SERIAL:OK: LEFT:1
[2026-05-20 13:33:05] SERIAL:OK: RIGHT:1
[2026-05-20 13:33:05] SERIAL:OK: EMERGENCY:1
[2026-05-20 13:33:06] SERIAL:OK: SPEED:7
[2026-05-20 13:33:06] SERIAL:OK: LEFT:0
[2026-05-20 13:33:06] SERIAL:OK: RIGHT:0
[2026-05-20 13:33:06] SERIAL:OK: EMERGENCY:0
[2026-05-20 13:33:06] SERIAL:OK: LEFT:1
[2026-05-20 13:33:06] SERIAL:OK: RIGHT:1
[2026-05-20 13:33:06] SERIAL:OK: EMERGENCY:1
[2026-05-20 13:33:06] SERIAL:OK: SPEED:6
[2026-05-20 13:33:06] SERIAL:OK: LEFT:0
[2026-05-20 13:33:06] SERIAL:OK: RIGHT:0
[2026-05-20 13:33:06] SERIAL:OK: EMERGENCY:0
[2026-05-20 13:33:07] SERIAL:OK: SPEED:5
[2026-05-20 13:33:07] SERIAL:OK: LEFT:1
[2026-05-20 13:33:07] SERIAL:OK: RIGHT:1
[2026-05-20 13:33:07] SERIAL:OK: EMERGENCY:1
[2026-05-20 13:33:07] SERIAL:OK: SPEED:4
[2026-05-20 13:33:07] SERIAL:OK: LEFT:0
[2026-05-20 13:33:07] SERIAL:OK: RIGHT:0
[2026-05-20 13:33:07] SERIAL:OK: EMERGENCY:0
[2026-05-20 13:33:07] SERIAL:OK: SPEED:3
[2026-05-20 13:33:07] SERIAL:OK: LEFT:1
[2026-05-20 13:33:07] SERIAL:OK: RIGHT:1
[2026-05-20 13:33:07] SERIAL:OK: EMERGENCY:1
[2026-05-20 13:33:08] SERIAL:OK: SPEED:2
[2026-05-20 13:33:08] SERIAL:OK: LEFT:0
[2026-05-20 13:33:08] SERIAL:OK: RIGHT:0
[2026-05-20 13:33:08] SERIAL:OK: EMERGENCY:0
[2026-05-20 13:33:08] SERIAL:OK: LEFT:1
[2026-05-20 13:33:08] SERIAL:OK: RIGHT:1
[2026-05-20 13:33:08] SERIAL:OK: EMERGENCY:1
[2026-05-20 13:33:08] SERIAL:OK: SPEED:1
[2026-05-20 13:33:08] SERIAL:OK: LEFT:0
[2026-05-20 13:33:08] SERIAL:OK: RIGHT:0
[2026-05-20 13:33:08] SERIAL:OK: EMERGENCY:0
[2026-05-20 13:33:09] SERIAL:OK: SPEED:0
[2026-05-20 13:33:09] SERIAL:OK: LEFT:1
[2026-05-20 13:33:09] SERIAL:OK: RIGHT:1
[2026-05-20 13:33:09] SERIAL:OK: EMERGENCY:1
[2026-05-20 13:33:09] SERIAL:OK: LEFT:0
[2026-05-20 13:33:09] SERIAL:OK: RIGHT:0
[2026-05-20 13:33:09] SERIAL:OK: EMERGENCY:0
[2026-05-20 13:33:09] SERIAL:OK: LEFT:1
[2026-05-20 13:33:09] SERIAL:OK: RIGHT:1
[2026-05-20 13:33:09] SERIAL:OK: EMERGENCY:1
[2026-05-20 13:33:10] SERIAL:OK: LEFT:0
[2026-05-20 13:33:10] SERIAL:OK: RIGHT:0
[2026-05-20 13:33:10] SERIAL:OK: EMERGENCY:0
[2026-05-20 13:33:10] Аварійку вимкнено жестом peace
[2026-05-20 13:33:10] SERIAL:OK: ALARM:0
[2026-05-20 13:33:12] SERIAL:INFO: servo detached (idle)
[2026-05-20 13:33:30] SERIAL:OK: SPEED:1
[2026-05-20 13:33:30] SERIAL:OK: BRAKE:0
[2026-05-20 13:33:30] SERIAL:OK: SPEED:4
[2026-05-20 13:33:30] SERIAL:OK: SPEED:8
[2026-05-20 13:33:30] SERIAL:OK: SPEED:12
[2026-05-20 13:33:30] SERIAL:OK: SPEED:17
[2026-05-20 13:33:30] SERIAL:OK: SPEED:22
[2026-05-20 13:33:30] SERIAL:OK: SPEED:25
[2026-05-20 13:33:30] SERIAL:OK: SPEED:28
[2026-05-20 13:33:30] SERIAL:OK: SPEED:31
[2026-05-20 13:33:30] SERIAL:OK: SPEED:34
[2026-05-20 13:33:30] SERIAL:OK: SPEED:35
[2026-05-20 13:33:30] SERIAL:OK: SPEED:37
[2026-05-20 13:33:30] SERIAL:OK: SPEED:38
[2026-05-20 13:33:30] SERIAL:OK: SPEED:39
[2026-05-20 13:33:31] SERIAL:OK: SPEED:38
[2026-05-20 13:33:31] SERIAL:OK: SPEED:37
[2026-05-20 13:33:31] SERIAL:OK: BRAKE:1
[2026-05-20 13:33:31] SERIAL:OK: SPEED:36
[2026-05-20 13:33:31] SERIAL:OK: SPEED:37
[2026-05-20 13:33:31] SERIAL:OK: SPEED:36
[2026-05-20 13:33:31] SERIAL:OK: SPEED:37
[2026-05-20 13:33:31] SERIAL:OK: SPEED:36
[2026-05-20 13:33:31] SERIAL:OK: BRAKE:0
[2026-05-20 13:33:31] SERIAL:OK: SPEED:35
[2026-05-20 13:33:32] SERIAL:OK: SPEED:36
[2026-05-20 13:33:32] SERIAL:OK: SPEED:35
[2026-05-20 13:33:32] SERIAL:OK: SPEED:36
[2026-05-20 13:33:32] SERIAL:OK: SPEED:35
[2026-05-20 13:33:32] SERIAL:OK: SPEED:36
[2026-05-20 13:33:44] SERIAL:OK: ALARM:1
[2026-05-20 13:33:44] SERIAL:OK: BRAKE:1
[2026-05-20 13:33:44] SERIAL:OK: SPEED:35
[2026-05-20 13:33:44] SERIAL:OK: SPEED:34
[2026-05-20 13:33:44] SERIAL:OK: LEFT:1
[2026-05-20 13:33:44] SERIAL:OK: RIGHT:1
[2026-05-20 13:33:44] SERIAL:OK: EMERGENCY:1
[2026-05-20 13:33:44] SERIAL:OK: SPEED:33
[2026-05-20 13:33:44] SERIAL:OK: LEFT:0
[2026-05-20 13:33:44] SERIAL:OK: RIGHT:0
[2026-05-20 13:33:44] SERIAL:OK: EMERGENCY:0
[2026-05-20 13:33:44] SERIAL:OK: SPEED:32
[2026-05-20 13:33:45] SERIAL:OK: LEFT:1
[2026-05-20 13:33:45] SERIAL:OK: RIGHT:1
[2026-05-20 13:33:45] SERIAL:OK: EMERGENCY:1
[2026-05-20 13:33:45] SERIAL:OK: SPEED:31
[2026-05-20 13:33:45] SERIAL:OK: SPEED:30
[2026-05-20 13:33:45] SERIAL:OK: LEFT:0
[2026-05-20 13:33:45] SERIAL:OK: RIGHT:0
[2026-05-20 13:33:45] SERIAL:OK: EMERGENCY:0
[2026-05-20 13:33:45] SERIAL:OK: SPEED:29
[2026-05-20 13:33:45] SERIAL:OK: LEFT:1
[2026-05-20 13:33:45] SERIAL:OK: RIGHT:1
[2026-05-20 13:33:45] SERIAL:OK: EMERGENCY:1
[2026-05-20 13:33:46] SERIAL:OK: SPEED:28
[2026-05-20 13:33:46] SERIAL:OK: LEFT:0
[2026-05-20 13:33:46] SERIAL:OK: RIGHT:0
[2026-05-20 13:33:46] SERIAL:OK: EMERGENCY:0
[2026-05-20 13:33:46] SERIAL:OK: SPEED:27
[2026-05-20 13:33:46] SERIAL:OK: LEFT:1
[2026-05-20 13:33:46] SERIAL:OK: RIGHT:1
[2026-05-20 13:33:46] SERIAL:OK: EMERGENCY:1
[2026-05-20 13:33:46] SERIAL:OK: SPEED:26
[2026-05-20 13:33:46] SERIAL:OK: LEFT:0
[2026-05-20 13:33:46] SERIAL:OK: RIGHT:0
[2026-05-20 13:33:46] SERIAL:OK: EMERGENCY:0
[2026-05-20 13:33:46] SERIAL:OK: SPEED:25
[2026-05-20 13:33:47] SERIAL:OK: SPEED:24
[2026-05-20 13:33:47] SERIAL:OK: LEFT:1
[2026-05-20 13:33:47] SERIAL:OK: RIGHT:1
[2026-05-20 13:33:47] SERIAL:OK: EMERGENCY:1
[2026-05-20 13:33:47] SERIAL:OK: SPEED:23
[2026-05-20 13:33:47] SERIAL:OK: LEFT:0
[2026-05-20 13:33:47] SERIAL:OK: RIGHT:0
[2026-05-20 13:33:47] SERIAL:OK: EMERGENCY:0
[2026-05-20 13:33:47] SERIAL:OK: SPEED:22
[2026-05-20 13:33:47] SERIAL:OK: LEFT:1
[2026-05-20 13:33:47] SERIAL:OK: RIGHT:1
[2026-05-20 13:33:47] SERIAL:OK: EMERGENCY:1
[2026-05-20 13:33:48] SERIAL:OK: SPEED:21
[2026-05-20 13:33:48] SERIAL:OK: LEFT:0
[2026-05-20 13:33:48] SERIAL:OK: RIGHT:0
[2026-05-20 13:33:48] SERIAL:OK: EMERGENCY:0
[2026-05-20 13:33:48] SERIAL:OK: SPEED:20
[2026-05-20 13:33:48] SERIAL:OK: SPEED:19
[2026-05-20 13:33:48] SERIAL:OK: LEFT:1
[2026-05-20 13:33:48] SERIAL:OK: RIGHT:1
[2026-05-20 13:33:48] SERIAL:OK: EMERGENCY:1
[2026-05-20 13:33:48] SERIAL:OK: SPEED:18
[2026-05-20 13:33:48] SERIAL:OK: LEFT:0
[2026-05-20 13:33:48] SERIAL:OK: RIGHT:0
[2026-05-20 13:33:48] SERIAL:OK: EMERGENCY:0
[2026-05-20 13:33:49] SERIAL:OK: SPEED:17
[2026-05-20 13:33:49] SERIAL:OK: LEFT:1
[2026-05-20 13:33:49] SERIAL:OK: RIGHT:1
[2026-05-20 13:33:49] SERIAL:OK: EMERGENCY:1
[2026-05-20 13:33:49] SERIAL:OK: SPEED:16
[2026-05-20 13:33:49] SERIAL:OK: LEFT:0
[2026-05-20 13:33:49] SERIAL:OK: RIGHT:0
[2026-05-20 13:33:49] SERIAL:OK: EMERGENCY:0
[2026-05-20 13:33:49] SERIAL:OK: SPEED:15
[2026-05-20 13:33:49] SERIAL:OK: LEFT:1
[2026-05-20 13:33:49] SERIAL:OK: RIGHT:1
[2026-05-20 13:33:49] SERIAL:OK: EMERGENCY:1
[2026-05-20 13:33:49] SERIAL:OK: SPEED:14
[2026-05-20 13:33:50] SERIAL:OK: LEFT:0
[2026-05-20 13:33:50] SERIAL:OK: RIGHT:0
[2026-05-20 13:33:50] SERIAL:OK: EMERGENCY:0
[2026-05-20 13:33:50] SERIAL:OK: SPEED:13
[2026-05-20 13:33:50] SERIAL:OK: SPEED:12
[2026-05-20 13:33:50] SERIAL:OK: LEFT:1
[2026-05-20 13:33:50] SERIAL:OK: RIGHT:1
[2026-05-20 13:33:50] SERIAL:OK: EMERGENCY:1
[2026-05-20 13:33:50] SERIAL:OK: SPEED:11
[2026-05-20 13:33:50] SERIAL:OK: LEFT:0
[2026-05-20 13:33:50] SERIAL:OK: RIGHT:0
[2026-05-20 13:33:50] SERIAL:OK: EMERGENCY:0
[2026-05-20 13:33:51] SERIAL:OK: SPEED:10
[2026-05-20 13:33:51] SERIAL:OK: LEFT:1
[2026-05-20 13:33:51] SERIAL:OK: RIGHT:1
[2026-05-20 13:33:51] SERIAL:OK: EMERGENCY:1
[2026-05-20 13:33:51] SERIAL:OK: SPEED:9
[2026-05-20 13:33:51] SERIAL:OK: LEFT:0
[2026-05-20 13:33:51] SERIAL:OK: RIGHT:0
[2026-05-20 13:33:51] SERIAL:OK: EMERGENCY:0
[2026-05-20 13:33:51] SERIAL:OK: SPEED:8
[2026-05-20 13:33:51] SERIAL:OK: LEFT:1
[2026-05-20 13:33:51] SERIAL:OK: RIGHT:1
[2026-05-20 13:33:51] SERIAL:OK: EMERGENCY:1
[2026-05-20 13:33:51] SERIAL:OK: SPEED:7
[2026-05-20 13:33:52] SERIAL:OK: SPEED:6
[2026-05-20 13:33:52] SERIAL:OK: LEFT:0
[2026-05-20 13:33:52] SERIAL:OK: RIGHT:0
[2026-05-20 13:33:52] SERIAL:OK: EMERGENCY:0
[2026-05-20 13:33:52] SERIAL:OK: SPEED:5
[2026-05-20 13:33:52] SERIAL:OK: LEFT:1
[2026-05-20 13:33:52] SERIAL:OK: RIGHT:1
[2026-05-20 13:33:52] SERIAL:OK: EMERGENCY:1
[2026-05-20 13:33:52] SERIAL:OK: SPEED:4
[2026-05-20 13:33:52] SERIAL:OK: LEFT:0
[2026-05-20 13:33:52] SERIAL:OK: RIGHT:0
[2026-05-20 13:33:52] SERIAL:OK: EMERGENCY:0
[2026-05-20 13:33:53] SERIAL:OK: SPEED:3
[2026-05-20 13:33:53] SERIAL:OK: LEFT:1
[2026-05-20 13:33:53] SERIAL:OK: RIGHT:1
[2026-05-20 13:33:53] SERIAL:OK: EMERGENCY:1
[2026-05-20 13:33:53] SERIAL:OK: SPEED:2
[2026-05-20 13:33:53] SERIAL:OK: LEFT:0
[2026-05-20 13:33:53] SERIAL:OK: RIGHT:0
[2026-05-20 13:33:53] SERIAL:OK: EMERGENCY:0
[2026-05-20 13:33:53] SERIAL:OK: SPEED:1
[2026-05-20 13:33:53] SERIAL:OK: SPEED:0
[2026-05-20 13:33:53] SERIAL:OK: LEFT:1
[2026-05-20 13:33:53] SERIAL:OK: RIGHT:1
[2026-05-20 13:33:53] SERIAL:OK: EMERGENCY:1
[2026-05-20 13:33:54] Аварійку вимкнено жестом peace
[2026-05-20 13:33:54] SERIAL:OK: ALARM:0
[2026-05-20 13:33:54] SERIAL:OK: BRAKE:0
[2026-05-20 13:33:54] SERIAL:OK: LEFT:0
[2026-05-20 13:33:54] SERIAL:OK: RIGHT:0
[2026-05-20 13:33:54] SERIAL:OK: EMERGENCY:0
[2026-05-20 13:33:56] SERIAL:OK: BRAKE:1
[2026-05-20 13:33:57] SERIAL:INFO: servo detached (idle)
[2026-05-20 13:34:01] SERIAL:OK: SPEED:1
[2026-05-20 13:34:01] SERIAL:OK: BRAKE:0
[2026-05-20 13:34:01] SERIAL:OK: SPEED:3
[2026-05-20 13:34:01] SERIAL:OK: SPEED:6
[2026-05-20 13:34:01] SERIAL:OK: SPEED:9
[2026-05-20 13:34:01] SERIAL:OK: SPEED:12
[2026-05-20 13:34:02] SERIAL:OK: SPEED:15
[2026-05-20 13:34:02] SERIAL:OK: SPEED:17
[2026-05-20 13:34:02] SERIAL:OK: SPEED:18
[2026-05-20 13:34:02] SERIAL:OK: SPEED:19
[2026-05-20 13:34:02] SERIAL:OK: SPEED:20
[2026-05-20 13:34:02] SERIAL:OK: SPEED:21
[2026-05-20 13:34:02] SERIAL:OK: SPEED:22
[2026-05-20 13:34:03] SERIAL:OK: SPEED:23
[2026-05-20 13:34:03] SERIAL:OK: SPEED:22
[2026-05-20 13:34:03] SERIAL:OK: SPEED:23
[2026-05-20 13:34:03] SERIAL:OK: SPEED:22
[2026-05-20 13:34:03] SERIAL:OK: BRAKE:1
[2026-05-20 13:34:03] SERIAL:OK: SPEED:21
[2026-05-20 13:34:03] SERIAL:OK: SPEED:20
[2026-05-20 13:34:03] SERIAL:OK: SPEED:22
[2026-05-20 13:34:04] SERIAL:OK: BRAKE:0
[2026-05-20 13:34:27] SERIAL:OK: ALARM:1
[2026-05-20 13:34:27] SERIAL:OK: BRAKE:1
[2026-05-20 13:34:27] SERIAL:OK: SPEED:21
[2026-05-20 13:34:27] SERIAL:OK: LEFT:1
[2026-05-20 13:34:27] SERIAL:OK: RIGHT:1
[2026-05-20 13:34:27] SERIAL:OK: EMERGENCY:1
[2026-05-20 13:34:27] SERIAL:OK: LEFT:0
[2026-05-20 13:34:27] SERIAL:OK: RIGHT:0
[2026-05-20 13:34:27] SERIAL:OK: EMERGENCY:0
[2026-05-20 13:34:27] SERIAL:OK: SPEED:20
[2026-05-20 13:34:27] SERIAL:OK: LEFT:1
[2026-05-20 13:34:27] SERIAL:OK: RIGHT:1
[2026-05-20 13:34:27] SERIAL:OK: EMERGENCY:1
[2026-05-20 13:34:27] SERIAL:OK: SPEED:19
[2026-05-20 13:34:28] SERIAL:OK: LEFT:0
[2026-05-20 13:34:28] SERIAL:OK: RIGHT:0
[2026-05-20 13:34:28] SERIAL:OK: EMERGENCY:0
[2026-05-20 13:34:28] SERIAL:OK: SPEED:18
[2026-05-20 13:34:28] SERIAL:OK: LEFT:1
[2026-05-20 13:34:28] SERIAL:OK: RIGHT:1
[2026-05-20 13:34:28] SERIAL:OK: EMERGENCY:1
[2026-05-20 13:34:28] SERIAL:OK: LEFT:0
[2026-05-20 13:34:28] SERIAL:OK: RIGHT:0
[2026-05-20 13:34:28] SERIAL:OK: EMERGENCY:0
[2026-05-20 13:34:28] SERIAL:OK: SPEED:17
[2026-05-20 13:34:29] SERIAL:OK: LEFT:1
[2026-05-20 13:34:29] SERIAL:OK: RIGHT:1
[2026-05-20 13:34:29] SERIAL:OK: EMERGENCY:1
[2026-05-20 13:34:29] SERIAL:OK: SPEED:16
[2026-05-20 13:34:29] SERIAL:OK: LEFT:0
[2026-05-20 13:34:29] SERIAL:OK: RIGHT:0
[2026-05-20 13:34:29] SERIAL:OK: EMERGENCY:0
[2026-05-20 13:34:29] SERIAL:OK: LEFT:1
[2026-05-20 13:34:29] SERIAL:OK: RIGHT:1
[2026-05-20 13:34:29] SERIAL:OK: EMERGENCY:1
[2026-05-20 13:34:29] SERIAL:OK: SPEED:15
[2026-05-20 13:34:30] SERIAL:OK: LEFT:0
[2026-05-20 13:34:30] SERIAL:OK: RIGHT:0
[2026-05-20 13:34:30] SERIAL:OK: EMERGENCY:0
[2026-05-20 13:34:30] SERIAL:OK: SPEED:14
[2026-05-20 13:34:30] SERIAL:OK: LEFT:1
[2026-05-20 13:34:30] SERIAL:OK: RIGHT:1
[2026-05-20 13:34:30] SERIAL:OK: EMERGENCY:1
[2026-05-20 13:34:30] SERIAL:OK: SPEED:13
[2026-05-20 13:34:30] SERIAL:OK: LEFT:0
[2026-05-20 13:34:30] SERIAL:OK: RIGHT:0
[2026-05-20 13:34:30] SERIAL:OK: EMERGENCY:0
[2026-05-20 13:34:31] SERIAL:OK: LEFT:1
[2026-05-20 13:34:31] SERIAL:OK: RIGHT:1
[2026-05-20 13:34:31] SERIAL:OK: EMERGENCY:1
[2026-05-20 13:34:31] SERIAL:OK: SPEED:12
[2026-05-20 13:34:31] SERIAL:OK: LEFT:0
[2026-05-20 13:34:31] SERIAL:OK: RIGHT:0
[2026-05-20 13:34:31] SERIAL:OK: EMERGENCY:0
[2026-05-20 13:34:31] SERIAL:OK: SPEED:11
[2026-05-20 13:34:31] SERIAL:OK: LEFT:1
[2026-05-20 13:34:31] SERIAL:OK: RIGHT:1
[2026-05-20 13:34:31] SERIAL:OK: EMERGENCY:1
[2026-05-20 13:34:32] SERIAL:OK: SPEED:10
[2026-05-20 13:34:32] SERIAL:OK: LEFT:0
[2026-05-20 13:34:32] SERIAL:OK: RIGHT:0
[2026-05-20 13:34:32] SERIAL:OK: EMERGENCY:0
[2026-05-20 13:34:32] SERIAL:OK: LEFT:1
[2026-05-20 13:34:32] SERIAL:OK: RIGHT:1
[2026-05-20 13:34:32] SERIAL:OK: EMERGENCY:1
[2026-05-20 13:34:32] SERIAL:OK: SPEED:9
[2026-05-20 13:34:32] SERIAL:OK: LEFT:0
[2026-05-20 13:34:32] SERIAL:OK: RIGHT:0
[2026-05-20 13:34:32] SERIAL:OK: EMERGENCY:0
[2026-05-20 13:34:33] SERIAL:OK: SPEED:8
[2026-05-20 13:34:33] SERIAL:OK: LEFT:1
[2026-05-20 13:34:33] SERIAL:OK: RIGHT:1
[2026-05-20 13:34:33] SERIAL:OK: EMERGENCY:1
[2026-05-20 13:34:33] SERIAL:OK: SPEED:7
[2026-05-20 13:34:33] SERIAL:OK: LEFT:0
[2026-05-20 13:34:33] SERIAL:OK: RIGHT:0
[2026-05-20 13:34:33] SERIAL:OK: EMERGENCY:0
[2026-05-20 13:34:33] SERIAL:OK: LEFT:1
[2026-05-20 13:34:33] SERIAL:OK: RIGHT:1
[2026-05-20 13:34:33] SERIAL:OK: EMERGENCY:1
[2026-05-20 13:34:34] SERIAL:OK: SPEED:6
[2026-05-20 13:34:34] SERIAL:OK: LEFT:0
[2026-05-20 13:34:34] SERIAL:OK: RIGHT:0
[2026-05-20 13:34:34] SERIAL:OK: EMERGENCY:0
[2026-05-20 13:34:34] SERIAL:OK: SPEED:5
[2026-05-20 13:34:34] SERIAL:OK: LEFT:1
[2026-05-20 13:34:34] SERIAL:OK: RIGHT:1
[2026-05-20 13:34:34] SERIAL:OK: EMERGENCY:1
[2026-05-20 13:34:34] SERIAL:OK: LEFT:0
[2026-05-20 13:34:34] SERIAL:OK: RIGHT:0
[2026-05-20 13:34:34] SERIAL:OK: EMERGENCY:0
[2026-05-20 13:34:34] SERIAL:OK: SPEED:4
[2026-05-20 13:34:35] SERIAL:OK: LEFT:1
[2026-05-20 13:34:35] SERIAL:OK: RIGHT:1
[2026-05-20 13:34:35] SERIAL:OK: EMERGENCY:1
[2026-05-20 13:34:35] SERIAL:OK: SPEED:3
[2026-05-20 13:34:35] SERIAL:OK: LEFT:0
[2026-05-20 13:34:35] SERIAL:OK: RIGHT:0
[2026-05-20 13:34:35] SERIAL:OK: EMERGENCY:0
[2026-05-20 13:34:35] SERIAL:OK: SPEED:2
[2026-05-20 13:34:35] SERIAL:OK: LEFT:1
[2026-05-20 13:34:35] SERIAL:OK: RIGHT:1
[2026-05-20 13:34:35] SERIAL:OK: EMERGENCY:1
[2026-05-20 13:34:36] SERIAL:OK: LEFT:0
[2026-05-20 13:34:36] SERIAL:OK: RIGHT:0
[2026-05-20 13:34:36] SERIAL:OK: EMERGENCY:0
[2026-05-20 13:34:36] SERIAL:OK: SPEED:1
[2026-05-20 13:34:36] SERIAL:OK: LEFT:1
[2026-05-20 13:34:36] SERIAL:OK: RIGHT:1
[2026-05-20 13:34:36] SERIAL:OK: EMERGENCY:1
[2026-05-20 13:34:36] SERIAL:OK: SPEED:0
[2026-05-20 13:34:36] SERIAL:OK: LEFT:0
[2026-05-20 13:34:36] SERIAL:OK: RIGHT:0
[2026-05-20 13:34:36] SERIAL:OK: EMERGENCY:0
[2026-05-20 13:34:37] SERIAL:OK: LEFT:1
[2026-05-20 13:34:37] SERIAL:OK: RIGHT:1
[2026-05-20 13:34:37] SERIAL:OK: EMERGENCY:1
[2026-05-20 13:34:37] SERIAL:OK: LEFT:0
[2026-05-20 13:34:37] SERIAL:OK: RIGHT:0
[2026-05-20 13:34:37] SERIAL:OK: EMERGENCY:0
[2026-05-20 13:34:37] SERIAL:OK: LEFT:1
[2026-05-20 13:34:37] SERIAL:OK: RIGHT:1
[2026-05-20 13:34:37] SERIAL:OK: EMERGENCY:1
[2026-05-20 13:34:38] SERIAL:OK: LEFT:0
[2026-05-20 13:34:38] SERIAL:OK: RIGHT:0
[2026-05-20 13:34:38] SERIAL:OK: EMERGENCY:0
[2026-05-20 13:34:38] SERIAL:OK: LEFT:1
[2026-05-20 13:34:38] SERIAL:OK: RIGHT:1
[2026-05-20 13:34:38] SERIAL:OK: EMERGENCY:1
[2026-05-20 13:34:38] SERIAL:OK: LEFT:0
[2026-05-20 13:34:38] SERIAL:OK: RIGHT:0
[2026-05-20 13:34:38] SERIAL:OK: EMERGENCY:0
[2026-05-20 13:34:39] SERIAL:OK: LEFT:1
[2026-05-20 13:34:39] SERIAL:OK: RIGHT:1
[2026-05-20 13:34:39] SERIAL:OK: EMERGENCY:1
[2026-05-20 13:34:39] SERIAL:OK: LEFT:0
[2026-05-20 13:34:39] SERIAL:OK: RIGHT:0
[2026-05-20 13:34:39] SERIAL:OK: EMERGENCY:0
[2026-05-20 13:34:39] SERIAL:INFO: servo detached (idle)
[2026-05-20 13:34:39] SERIAL:OK: LEFT:1
[2026-05-20 13:34:39] SERIAL:OK: RIGHT:1
[2026-05-20 13:34:39] SERIAL:OK: EMERGENCY:1
[2026-05-20 13:34:40] SERIAL:OK: LEFT:0
[2026-05-20 13:34:40] SERIAL:OK: RIGHT:0
[2026-05-20 13:34:40] SERIAL:OK: EMERGENCY:0
[2026-05-20 13:34:40] SERIAL:OK: LEFT:1
[2026-05-20 13:34:40] SERIAL:OK: RIGHT:1
[2026-05-20 13:34:40] SERIAL:OK: EMERGENCY:1
[2026-05-20 13:34:41] SERIAL:OK: LEFT:0
[2026-05-20 13:34:41] SERIAL:OK: RIGHT:0
[2026-05-20 13:34:41] SERIAL:OK: EMERGENCY:0
[2026-05-20 13:34:41] SERIAL:OK: LEFT:1
[2026-05-20 13:34:41] SERIAL:OK: RIGHT:1
[2026-05-20 13:34:41] SERIAL:OK: EMERGENCY:1
[2026-05-20 13:34:41] SERIAL:OK: LEFT:0
[2026-05-20 13:34:41] SERIAL:OK: RIGHT:0
[2026-05-20 13:34:41] SERIAL:OK: EMERGENCY:0
[2026-05-20 13:34:42] SERIAL:OK: LEFT:1
[2026-05-20 13:34:42] SERIAL:OK: RIGHT:1
[2026-05-20 13:34:42] SERIAL:OK: EMERGENCY:1
[2026-05-20 13:34:42] SERIAL:OK: LEFT:0
[2026-05-20 13:34:42] SERIAL:OK: RIGHT:0
[2026-05-20 13:34:42] SERIAL:OK: EMERGENCY:0
[2026-05-20 13:34:42] SERIAL:OK: LEFT:1
[2026-05-20 13:34:42] SERIAL:OK: RIGHT:1
[2026-05-20 13:34:42] SERIAL:OK: EMERGENCY:1
[2026-05-20 13:34:43] Аварійку вимкнено жестом peace
[2026-05-20 13:34:43] SERIAL:OK: ALARM:0
[2026-05-20 13:34:43] SERIAL:OK: LEFT:0
[2026-05-20 13:34:43] SERIAL:OK: RIGHT:0
[2026-05-20 13:34:43] SERIAL:OK: EMERGENCY:0
[2026-05-20 13:34:47] SERIAL:OK: SPEED:2
[2026-05-20 13:34:47] SERIAL:OK: BRAKE:0
[2026-05-20 13:34:47] SERIAL:OK: SPEED:6
[2026-05-20 13:34:47] SERIAL:OK: SPEED:11
[2026-05-20 13:34:47] SERIAL:OK: SPEED:17
[2026-05-20 13:34:47] SERIAL:OK: SPEED:23
[2026-05-20 13:34:47] SERIAL:OK: SPEED:28
[2026-05-20 13:34:47] SERIAL:OK: SPEED:31
[2026-05-20 13:34:47] SERIAL:OK: SPEED:34
[2026-05-20 13:34:48] SERIAL:OK: SPEED:37
[2026-05-20 13:34:48] SERIAL:OK: SPEED:39
[2026-05-20 13:34:48] SERIAL:OK: SPEED:42
[2026-05-20 13:34:48] SERIAL:OK: SPEED:44
[2026-05-20 13:34:48] SERIAL:OK: SPEED:46
[2026-05-20 13:34:48] SERIAL:OK: SPEED:47
[2026-05-20 13:34:48] SERIAL:OK: SPEED:48
[2026-05-20 13:34:48] SERIAL:OK: SPEED:47
[2026-05-20 13:34:48] SERIAL:OK: BRAKE:1
[2026-05-20 13:34:48] SERIAL:OK: SPEED:46
[2026-05-20 13:34:48] SERIAL:OK: SPEED:45
[2026-05-20 13:34:49] SERIAL:OK: BRAKE:0
[2026-05-20 13:34:49] SERIAL:OK: SPEED:44
[2026-05-20 13:34:49] SERIAL:OK: SPEED:45
[2026-05-20 13:34:50] SERIAL:OK: SPEED:44
[2026-05-20 13:34:50] SERIAL:OK: BRAKE:1
[2026-05-20 13:34:50] SERIAL:OK: SPEED:43
[2026-05-20 13:34:50] SERIAL:OK: SPEED:44
[2026-05-20 13:34:50] SERIAL:OK: SPEED:43
[2026-05-20 13:34:51] SERIAL:OK: BRAKE:0
[2026-05-20 13:34:51] SERIAL:OK: SPEED:42
[2026-05-20 13:34:51] SERIAL:OK: BRAKE:1
[2026-05-20 13:34:51] SERIAL:OK: SPEED:41
[2026-05-20 13:34:52] SERIAL:OK: BRAKE:0
[2026-05-20 13:34:59] Обличчя зникло
[2026-05-20 13:35:03] АВАРІЙКА: обличчя відсутнє 4.0с
[2026-05-20 13:35:03] SERIAL:OK: ALARM:1
[2026-05-20 13:35:03] SERIAL:OK: BRAKE:1
[2026-05-20 13:35:03] SERIAL:OK: SPEED:40
[2026-05-20 13:35:04] SERIAL:OK: SPEED:39
[2026-05-20 13:35:04] SERIAL:OK: LEFT:1
[2026-05-20 13:35:04] SERIAL:OK: RIGHT:1
[2026-05-20 13:35:04] SERIAL:OK: EMERGENCY:1
[2026-05-20 13:35:04] SERIAL:OK: SPEED:38
[2026-05-20 13:35:04] SERIAL:OK: SPEED:37
[2026-05-20 13:35:04] SERIAL:OK: LEFT:0
[2026-05-20 13:35:04] SERIAL:OK: RIGHT:0
[2026-05-20 13:35:04] SERIAL:OK: EMERGENCY:0
[2026-05-20 13:35:04] SERIAL:OK: SPEED:36
[2026-05-20 13:35:05] SERIAL:OK: LEFT:1
[2026-05-20 13:35:05] SERIAL:OK: RIGHT:1
[2026-05-20 13:35:05] SERIAL:OK: EMERGENCY:1
[2026-05-20 13:35:05] SERIAL:OK: SPEED:35
[2026-05-20 13:35:05] SERIAL:OK: SPEED:34
[2026-05-20 13:35:05] SERIAL:OK: LEFT:0
[2026-05-20 13:35:05] SERIAL:OK: RIGHT:0
[2026-05-20 13:35:05] SERIAL:OK: EMERGENCY:0
[2026-05-20 13:35:05] SERIAL:OK: SPEED:33
[2026-05-20 13:35:05] SERIAL:OK: LEFT:1
[2026-05-20 13:35:05] SERIAL:OK: RIGHT:1
[2026-05-20 13:35:05] SERIAL:OK: EMERGENCY:1
[2026-05-20 13:35:05] SERIAL:OK: SPEED:32
[2026-05-20 13:35:06] SERIAL:OK: LEFT:0
[2026-05-20 13:35:06] SERIAL:OK: RIGHT:0
[2026-05-20 13:35:06] SERIAL:OK: EMERGENCY:0
[2026-05-20 13:35:06] SERIAL:OK: SPEED:31
[2026-05-20 13:35:06] SERIAL:OK: SPEED:30
[2026-05-20 13:35:06] SERIAL:OK: LEFT:1
[2026-05-20 13:35:06] SERIAL:OK: RIGHT:1
[2026-05-20 13:35:06] SERIAL:OK: EMERGENCY:1
[2026-05-20 13:35:06] SERIAL:OK: SPEED:29
[2026-05-20 13:35:06] SERIAL:OK: LEFT:0
[2026-05-20 13:35:06] SERIAL:OK: RIGHT:0
[2026-05-20 13:35:06] SERIAL:OK: EMERGENCY:0
[2026-05-20 13:35:06] SERIAL:OK: SPEED:28
[2026-05-20 13:35:07] SERIAL:OK: SPEED:27
[2026-05-20 13:35:07] SERIAL:OK: LEFT:1
[2026-05-20 13:35:07] SERIAL:OK: RIGHT:1
[2026-05-20 13:35:07] SERIAL:OK: EMERGENCY:1
[2026-05-20 13:35:07] SERIAL:OK: SPEED:26
[2026-05-20 13:35:07] SERIAL:OK: LEFT:0
[2026-05-20 13:35:07] SERIAL:OK: RIGHT:0
[2026-05-20 13:35:07] SERIAL:OK: EMERGENCY:0
[2026-05-20 13:35:07] SERIAL:OK: SPEED:25
[2026-05-20 13:35:07] SERIAL:OK: LEFT:1
[2026-05-20 13:35:07] SERIAL:OK: RIGHT:1
[2026-05-20 13:35:07] SERIAL:OK: EMERGENCY:1
[2026-05-20 13:35:07] SERIAL:OK: SPEED:24
[2026-05-20 13:35:08] SERIAL:OK: SPEED:23
[2026-05-20 13:35:08] SERIAL:OK: LEFT:0
[2026-05-20 13:35:08] SERIAL:OK: RIGHT:0
[2026-05-20 13:35:08] SERIAL:OK: EMERGENCY:0
[2026-05-20 13:35:08] SERIAL:OK: SPEED:22
[2026-05-20 13:35:08] SERIAL:OK: LEFT:1
[2026-05-20 13:35:08] SERIAL:OK: RIGHT:1
[2026-05-20 13:35:08] SERIAL:OK: EMERGENCY:1
[2026-05-20 13:35:08] SERIAL:OK: SPEED:21
[2026-05-20 13:35:08] SERIAL:OK: LEFT:0
[2026-05-20 13:35:08] SERIAL:OK: RIGHT:0
[2026-05-20 13:35:08] SERIAL:OK: EMERGENCY:0
[2026-05-20 13:35:08] SERIAL:OK: SPEED:20
[2026-05-20 13:35:09] SERIAL:OK: SPEED:19
[2026-05-20 13:35:09] SERIAL:OK: LEFT:1
[2026-05-20 13:35:09] SERIAL:OK: RIGHT:1
[2026-05-20 13:35:09] SERIAL:OK: EMERGENCY:1
[2026-05-20 13:35:09] SERIAL:OK: SPEED:18
[2026-05-20 13:35:09] SERIAL:OK: LEFT:0
[2026-05-20 13:35:09] SERIAL:OK: RIGHT:0
[2026-05-20 13:35:09] SERIAL:OK: EMERGENCY:0
[2026-05-20 13:35:09] SERIAL:OK: SPEED:17
[2026-05-20 13:35:09] SERIAL:OK: SPEED:16
[2026-05-20 13:35:09] SERIAL:OK: LEFT:1
[2026-05-20 13:35:09] SERIAL:OK: RIGHT:1
[2026-05-20 13:35:09] SERIAL:OK: EMERGENCY:1
[2026-05-20 13:35:10] SERIAL:OK: SPEED:15
[2026-05-20 13:35:10] SERIAL:OK: LEFT:0
[2026-05-20 13:35:10] SERIAL:OK: RIGHT:0
[2026-05-20 13:35:10] SERIAL:OK: EMERGENCY:0
[2026-05-20 13:35:10] SERIAL:OK: SPEED:14
[2026-05-20 13:35:10] SERIAL:OK: LEFT:1
[2026-05-20 13:35:10] SERIAL:OK: RIGHT:1
[2026-05-20 13:35:10] SERIAL:OK: EMERGENCY:1
[2026-05-20 13:35:10] SERIAL:OK: SPEED:13
[2026-05-20 13:35:10] SERIAL:OK: SPEED:12
[2026-05-20 13:35:10] SERIAL:OK: LEFT:0
[2026-05-20 13:35:10] SERIAL:OK: RIGHT:0
[2026-05-20 13:35:10] SERIAL:OK: EMERGENCY:0
[2026-05-20 13:35:11] SERIAL:OK: SPEED:11
[2026-05-20 13:35:11] SERIAL:OK: LEFT:1
[2026-05-20 13:35:11] SERIAL:OK: RIGHT:1
[2026-05-20 13:35:11] SERIAL:OK: EMERGENCY:1
[2026-05-20 13:35:11] SERIAL:OK: SPEED:10
[2026-05-20 13:35:11] SERIAL:OK: SPEED:9
[2026-05-20 13:35:11] SERIAL:OK: LEFT:0
[2026-05-20 13:35:11] SERIAL:OK: RIGHT:0
[2026-05-20 13:35:11] SERIAL:OK: EMERGENCY:0
[2026-05-20 13:35:11] SERIAL:OK: SPEED:8
[2026-05-20 13:35:11] SERIAL:OK: LEFT:1
[2026-05-20 13:35:11] SERIAL:OK: RIGHT:1
[2026-05-20 13:35:11] SERIAL:OK: EMERGENCY:1
[2026-05-20 13:35:12] SERIAL:OK: SPEED:7
[2026-05-20 13:35:12] SERIAL:OK: LEFT:0
[2026-05-20 13:35:12] SERIAL:OK: RIGHT:0
[2026-05-20 13:35:12] SERIAL:OK: EMERGENCY:0
[2026-05-20 13:35:12] SERIAL:OK: SPEED:6
[2026-05-20 13:35:12] SERIAL:OK: SPEED:5
[2026-05-20 13:35:12] SERIAL:OK: LEFT:1
[2026-05-20 13:35:12] SERIAL:OK: RIGHT:1
[2026-05-20 13:35:12] SERIAL:OK: EMERGENCY:1
[2026-05-20 13:35:12] SERIAL:OK: SPEED:4
[2026-05-20 13:35:12] SERIAL:OK: LEFT:0
[2026-05-20 13:35:12] SERIAL:OK: RIGHT:0
[2026-05-20 13:35:12] SERIAL:OK: EMERGENCY:0
[2026-05-20 13:35:12] SERIAL:OK: SPEED:3
[2026-05-20 13:35:13] SERIAL:OK: SPEED:2
[2026-05-20 13:35:13] SERIAL:OK: LEFT:1
[2026-05-20 13:35:13] SERIAL:OK: RIGHT:1
[2026-05-20 13:35:13] SERIAL:OK: EMERGENCY:1
[2026-05-20 13:35:13] SERIAL:OK: SPEED:1
[2026-05-20 13:35:13] SERIAL:OK: LEFT:0
[2026-05-20 13:35:13] SERIAL:OK: RIGHT:0
[2026-05-20 13:35:13] SERIAL:OK: EMERGENCY:0
[2026-05-20 13:35:13] SERIAL:OK: SPEED:0
[2026-05-20 13:35:13] SERIAL:OK: LEFT:1
[2026-05-20 13:35:13] SERIAL:OK: RIGHT:1
[2026-05-20 13:35:13] SERIAL:OK: EMERGENCY:1
[2026-05-20 13:35:14] SERIAL:OK: LEFT:0
[2026-05-20 13:35:14] SERIAL:OK: RIGHT:0
[2026-05-20 13:35:14] SERIAL:OK: EMERGENCY:0
[2026-05-20 13:35:14] SERIAL:OK: LEFT:1
[2026-05-20 13:35:14] SERIAL:OK: RIGHT:1
[2026-05-20 13:35:14] SERIAL:OK: EMERGENCY:1
[2026-05-20 13:35:14] SERIAL:OK: LEFT:0
[2026-05-20 13:35:14] SERIAL:OK: RIGHT:0
[2026-05-20 13:35:14] SERIAL:OK: EMERGENCY:0
[2026-05-20 13:35:15] SERIAL:OK: LEFT:1
[2026-05-20 13:35:15] SERIAL:OK: RIGHT:1
[2026-05-20 13:35:15] SERIAL:OK: EMERGENCY:1
[2026-05-20 13:35:15] SERIAL:OK: LEFT:0
[2026-05-20 13:35:15] SERIAL:OK: RIGHT:0
[2026-05-20 13:35:15] SERIAL:OK: EMERGENCY:0
[2026-05-20 13:35:15] SERIAL:OK: LEFT:1
[2026-05-20 13:35:15] SERIAL:OK: RIGHT:1
[2026-05-20 13:35:15] SERIAL:OK: EMERGENCY:1
[2026-05-20 13:35:16] SERIAL:OK: LEFT:0
[2026-05-20 13:35:16] SERIAL:OK: RIGHT:0
[2026-05-20 13:35:16] SERIAL:OK: EMERGENCY:0
[2026-05-20 13:35:16] SERIAL:OK: LEFT:1
[2026-05-20 13:35:16] SERIAL:OK: RIGHT:1
[2026-05-20 13:35:16] SERIAL:OK: EMERGENCY:1
[2026-05-20 13:35:16] SERIAL:INFO: servo detached (idle)
[2026-05-20 13:35:16] SERIAL:OK: LEFT:0
[2026-05-20 13:35:16] SERIAL:OK: RIGHT:0
[2026-05-20 13:35:16] SERIAL:OK: EMERGENCY:0
[2026-05-20 13:35:17] SERIAL:OK: LEFT:1
[2026-05-20 13:35:17] SERIAL:OK: RIGHT:1
[2026-05-20 13:35:17] SERIAL:OK: EMERGENCY:1
[2026-05-20 13:35:17] SERIAL:OK: LEFT:0
[2026-05-20 13:35:17] SERIAL:OK: RIGHT:0
[2026-05-20 13:35:17] SERIAL:OK: EMERGENCY:0
[2026-05-20 13:35:17] SERIAL:OK: LEFT:1
[2026-05-20 13:35:17] SERIAL:OK: RIGHT:1
[2026-05-20 13:35:17] SERIAL:OK: EMERGENCY:1
[2026-05-20 13:35:18] SERIAL:OK: LEFT:0
[2026-05-20 13:35:18] SERIAL:OK: RIGHT:0
[2026-05-20 13:35:18] SERIAL:OK: EMERGENCY:0
[2026-05-20 13:35:18] SERIAL:OK: LEFT:1
[2026-05-20 13:35:18] SERIAL:OK: RIGHT:1
[2026-05-20 13:35:18] SERIAL:OK: EMERGENCY:1
[2026-05-20 13:35:18] SERIAL:OK: LEFT:0
[2026-05-20 13:35:18] SERIAL:OK: RIGHT:0
[2026-05-20 13:35:18] SERIAL:OK: EMERGENCY:0
[2026-05-20 13:35:19] SERIAL:OK: LEFT:1
[2026-05-20 13:35:19] SERIAL:OK: RIGHT:1
[2026-05-20 13:35:19] SERIAL:OK: EMERGENCY:1
[2026-05-20 13:35:19] SERIAL:OK: LEFT:0
[2026-05-20 13:35:19] SERIAL:OK: RIGHT:0
[2026-05-20 13:35:19] SERIAL:OK: EMERGENCY:0
[2026-05-20 13:35:20] SERIAL:OK: LEFT:1
[2026-05-20 13:35:20] SERIAL:OK: RIGHT:1
[2026-05-20 13:35:20] SERIAL:OK: EMERGENCY:1
[2026-05-20 13:35:20] SERIAL:OK: LEFT:0
[2026-05-20 13:35:20] SERIAL:OK: RIGHT:0
[2026-05-20 13:35:20] SERIAL:OK: EMERGENCY:0
[2026-05-20 13:35:20] SERIAL:OK: LEFT:1
[2026-05-20 13:35:20] SERIAL:OK: RIGHT:1
[2026-05-20 13:35:20] SERIAL:OK: EMERGENCY:1
[2026-05-20 13:35:21] SERIAL:OK: LEFT:0
[2026-05-20 13:35:21] SERIAL:OK: RIGHT:0
[2026-05-20 13:35:21] SERIAL:OK: EMERGENCY:0
[2026-05-20 13:35:21] SERIAL:OK: LEFT:1
[2026-05-20 13:35:21] SERIAL:OK: RIGHT:1
[2026-05-20 13:35:21] SERIAL:OK: EMERGENCY:1
[2026-05-20 13:35:21] SERIAL:OK: LEFT:0
[2026-05-20 13:35:21] SERIAL:OK: RIGHT:0
[2026-05-20 13:35:21] SERIAL:OK: EMERGENCY:0
[2026-05-20 13:35:22] SERIAL:OK: LEFT:1
[2026-05-20 13:35:22] SERIAL:OK: RIGHT:1
[2026-05-20 13:35:22] SERIAL:OK: EMERGENCY:1
[2026-05-20 13:35:22] SERIAL:OK: LEFT:0
[2026-05-20 13:35:22] SERIAL:OK: RIGHT:0
[2026-05-20 13:35:22] SERIAL:OK: EMERGENCY:0
[2026-05-20 13:35:22] SERIAL:OK: LEFT:1
[2026-05-20 13:35:22] SERIAL:OK: RIGHT:1
[2026-05-20 13:35:22] SERIAL:OK: EMERGENCY:1
[2026-05-20 13:35:23] SERIAL:OK: LEFT:0
[2026-05-20 13:35:23] SERIAL:OK: RIGHT:0
[2026-05-20 13:35:23] SERIAL:OK: EMERGENCY:0
[2026-05-20 13:35:23] SERIAL:OK: LEFT:1
[2026-05-20 13:35:23] SERIAL:OK: RIGHT:1
[2026-05-20 13:35:23] SERIAL:OK: EMERGENCY:1
[2026-05-20 13:35:23] SERIAL:OK: LEFT:0
[2026-05-20 13:35:23] SERIAL:OK: RIGHT:0
[2026-05-20 13:35:23] SERIAL:OK: EMERGENCY:0
[2026-05-20 13:35:24] SERIAL:OK: LEFT:1
[2026-05-20 13:35:24] SERIAL:OK: RIGHT:1
[2026-05-20 13:35:24] SERIAL:OK: EMERGENCY:1
[2026-05-20 13:35:24] SERIAL:OK: LEFT:0
[2026-05-20 13:35:24] SERIAL:OK: RIGHT:0
[2026-05-20 13:35:24] SERIAL:OK: EMERGENCY:0
[2026-05-20 13:35:24] SERIAL:OK: LEFT:1
[2026-05-20 13:35:24] SERIAL:OK: RIGHT:1
[2026-05-20 13:35:24] SERIAL:OK: EMERGENCY:1
[2026-05-20 13:35:25] SERIAL:OK: LEFT:0
[2026-05-20 13:35:25] SERIAL:OK: RIGHT:0
[2026-05-20 13:35:25] SERIAL:OK: EMERGENCY:0
[2026-05-20 13:35:25] SERIAL:OK: LEFT:1
[2026-05-20 13:35:25] SERIAL:OK: RIGHT:1
[2026-05-20 13:35:25] SERIAL:OK: EMERGENCY:1
[2026-05-20 13:35:25] SERIAL:OK: LEFT:0
[2026-05-20 13:35:25] SERIAL:OK: RIGHT:0
[2026-05-20 13:35:25] SERIAL:OK: EMERGENCY:0
[2026-05-20 13:35:26] SERIAL:OK: LEFT:1
[2026-05-20 13:35:26] SERIAL:OK: RIGHT:1
[2026-05-20 13:35:26] SERIAL:OK: EMERGENCY:1
[2026-05-20 13:35:26] SERIAL:OK: LEFT:0
[2026-05-20 13:35:26] SERIAL:OK: RIGHT:0
[2026-05-20 13:35:26] SERIAL:OK: EMERGENCY:0
[2026-05-20 13:35:26] SERIAL:OK: LEFT:1
[2026-05-20 13:35:26] SERIAL:OK: RIGHT:1
[2026-05-20 13:35:26] SERIAL:OK: EMERGENCY:1
[2026-05-20 13:35:27] SERIAL:OK: LEFT:0
[2026-05-20 13:35:27] SERIAL:OK: RIGHT:0
[2026-05-20 13:35:27] SERIAL:OK: EMERGENCY:0
[2026-05-20 13:35:27] SERIAL:OK: LEFT:1
[2026-05-20 13:35:27] SERIAL:OK: RIGHT:1
[2026-05-20 13:35:27] SERIAL:OK: EMERGENCY:1
[2026-05-20 13:35:27] SERIAL:OK: LEFT:0
[2026-05-20 13:35:27] SERIAL:OK: RIGHT:0
[2026-05-20 13:35:27] SERIAL:OK: EMERGENCY:0
[2026-05-20 13:35:28] Аварійку вимкнено жестом peace
[2026-05-20 13:35:28] SERIAL:OK: ALARM:0
[2026-05-20 13:35:31] SERIAL:OK: BRAKE:0
[2026-05-20 13:35:31] SERIAL:OK: SPEED:2
[2026-05-20 13:35:31] SERIAL:OK: SPEED:5
[2026-05-20 13:35:31] SERIAL:OK: SPEED:13
[2026-05-20 13:35:31] SERIAL:OK: SPEED:20
[2026-05-20 13:35:31] SERIAL:OK: SPEED:28
[2026-05-20 13:35:31] SERIAL:OK: SPEED:34
[2026-05-20 13:35:31] SERIAL:OK: SPEED:39
[2026-05-20 13:35:31] SERIAL:OK: SPEED:41
[2026-05-20 13:35:31] SERIAL:OK: SPEED:42
[2026-05-20 13:35:31] SERIAL:OK: SPEED:44
[2026-05-20 13:35:31] SERIAL:OK: SPEED:46
[2026-05-20 13:35:31] SERIAL:OK: SPEED:48
[2026-05-20 13:35:31] SERIAL:OK: SPEED:49
[2026-05-20 13:35:32] SERIAL:OK: SPEED:50
[2026-05-20 13:35:32] SERIAL:OK: SPEED:49
[2026-05-20 13:35:32] SERIAL:OK: BRAKE:1
[2026-05-20 13:35:32] SERIAL:OK: SPEED:48
[2026-05-20 13:35:33] SERIAL:OK: BRAKE:0
[2026-05-20 13:35:33] SERIAL:OK: SPEED:47
[2026-05-20 13:35:33] SERIAL:OK: SPEED:46
[2026-05-20 13:35:34] SERIAL:OK: SPEED:45
[2026-05-20 13:35:34] SERIAL:OK: BRAKE:1
[2026-05-20 13:35:34] SERIAL:OK: SPEED:44
[2026-05-20 13:35:34] SERIAL:OK: SPEED:43
[2026-05-20 13:35:34] SERIAL:OK: SPEED:42
[2026-05-20 13:35:34] SERIAL:OK: SPEED:39
[2026-05-20 13:35:34] SERIAL:OK: SPEED:36
[2026-05-20 13:35:34] SERIAL:OK: SPEED:27
[2026-05-20 13:35:34] SERIAL:OK: SPEED:19
[2026-05-20 13:35:34] SERIAL:OK: SPEED:12
[2026-05-20 13:35:34] SERIAL:OK: SPEED:5
[2026-05-20 13:35:34] SERIAL:OK: SPEED:0
[2026-05-20 13:35:37] SERIAL:INFO: servo detached (idle)
[2026-05-20 13:36:12] SERIAL:OK: LEFT:0
[2026-05-20 13:36:12] SERIAL:OK: RIGHT:0
[2026-05-20 13:36:12] SERIAL:OK: EMERGENCY:0
[2026-05-20 13:36:12] SERIAL:OK: BRAKE:0
[2026-05-20 13:36:12] SERIAL:OK: LEFT:0
[2026-05-20 13:36:12] SERIAL:OK: RIGHT:0
[2026-05-20 13:36:12] SERIAL:OK: EMERGENCY:0
[2026-05-20 14:06:55] Arduino підключено: COM12
[2026-05-20 14:06:55] SERIAL:OK: LEFT:0
[2026-05-20 14:06:55] SERIAL:OK: RIGHT:0
[2026-05-20 14:06:55] SERIAL:OK: EMERGENCY:0
[2026-05-20 14:06:58] SERIAL:INFO: servo detached (idle)
[2026-05-20 14:07:26] SERIAL:OK: BRAKE:1
[2026-05-20 14:07:44] SERIAL:OK: SPEED:0
[2026-05-20 14:07:44] SERIAL:OK: SPEED:1
[2026-05-20 14:07:44] SERIAL:OK: BRAKE:0
[2026-05-20 14:07:44] SERIAL:OK: SPEED:4
[2026-05-20 14:07:44] SERIAL:OK: SPEED:8
[2026-05-20 14:07:44] SERIAL:OK: SPEED:13
[2026-05-20 14:07:44] SERIAL:OK: SPEED:18
[2026-05-20 14:07:44] SERIAL:OK: SPEED:23
[2026-05-20 14:07:44] SERIAL:OK: SPEED:27
[2026-05-20 14:07:44] SERIAL:OK: SPEED:31
[2026-05-20 14:07:44] SERIAL:OK: SPEED:34
[2026-05-20 14:07:44] SERIAL:OK: SPEED:37
[2026-05-20 14:07:44] SERIAL:OK: SPEED:40
[2026-05-20 14:07:44] SERIAL:OK: SPEED:41
[2026-05-20 14:07:45] SERIAL:OK: SPEED:42
[2026-05-20 14:07:45] SERIAL:OK: SPEED:40
[2026-05-20 14:07:45] SERIAL:OK: BRAKE:1
[2026-05-20 14:07:45] SERIAL:OK: SPEED:39
[2026-05-20 14:07:45] SERIAL:OK: SPEED:37
[2026-05-20 14:07:45] SERIAL:OK: SPEED:35
[2026-05-20 14:07:45] SERIAL:OK: SPEED:32
[2026-05-20 14:07:45] SERIAL:OK: SPEED:31
[2026-05-20 14:07:45] SERIAL:OK: SPEED:30
[2026-05-20 14:07:45] SERIAL:OK: SPEED:31
[2026-05-20 14:07:45] SERIAL:OK: SPEED:33
[2026-05-20 14:07:45] SERIAL:OK: SPEED:35
[2026-05-20 14:07:45] SERIAL:OK: SPEED:38
[2026-05-20 14:07:45] SERIAL:OK: SPEED:41
[2026-05-20 14:07:45] SERIAL:OK: SPEED:43
[2026-05-20 14:07:45] SERIAL:OK: SPEED:46
[2026-05-20 14:07:45] SERIAL:OK: SPEED:50
[2026-05-20 14:07:45] SERIAL:OK: SPEED:54
[2026-05-20 14:07:45] SERIAL:OK: SPEED:57
[2026-05-20 14:07:45] SERIAL:OK: SPEED:60
[2026-05-20 14:07:45] SERIAL:OK: SPEED:62
[2026-05-20 14:07:45] SERIAL:OK: SPEED:63
[2026-05-20 14:07:45] SERIAL:OK: BRAKE:0
[2026-05-20 14:07:45] SERIAL:OK: SPEED:64
[2026-05-20 14:07:46] SERIAL:OK: SPEED:65
[2026-05-20 14:07:46] SERIAL:OK: SPEED:66
[2026-05-20 14:07:46] SERIAL:OK: SPEED:67
[2026-05-20 14:07:46] SERIAL:OK: SPEED:68
[2026-05-20 14:07:46] SERIAL:OK: SPEED:70
[2026-05-20 14:07:46] SERIAL:OK: SPEED:71
[2026-05-20 14:07:46] SERIAL:OK: SPEED:73
[2026-05-20 14:07:46] SERIAL:OK: SPEED:74
[2026-05-20 14:07:46] SERIAL:OK: SPEED:75
[2026-05-20 14:07:46] SERIAL:OK: SPEED:76
[2026-05-20 14:07:46] SERIAL:OK: SPEED:77
[2026-05-20 14:07:46] SERIAL:OK: SPEED:76
[2026-05-20 14:07:46] SERIAL:OK: SPEED:75
[2026-05-20 14:07:47] SERIAL:OK: SPEED:74
[2026-05-20 14:07:47] SERIAL:OK: BRAKE:1
[2026-05-20 14:07:47] SERIAL:OK: SPEED:73
[2026-05-20 14:07:47] SERIAL:OK: SPEED:72
[2026-05-20 14:07:47] SERIAL:OK: SPEED:70
[2026-05-20 14:07:47] SERIAL:OK: SPEED:69
[2026-05-20 14:07:47] SERIAL:OK: SPEED:67
[2026-05-20 14:07:47] SERIAL:OK: SPEED:66
[2026-05-20 14:07:47] SERIAL:OK: SPEED:64
[2026-05-20 14:07:47] SERIAL:OK: SPEED:63
[2026-05-20 14:07:47] SERIAL:OK: SPEED:60
[2026-05-20 14:07:47] SERIAL:OK: SPEED:53
[2026-05-20 14:07:47] SERIAL:OK: SPEED:45
[2026-05-20 14:07:47] SERIAL:OK: SPEED:37
[2026-05-20 14:07:47] SERIAL:OK: SPEED:29
[2026-05-20 14:07:47] SERIAL:OK: SPEED:21
[2026-05-20 14:07:47] SERIAL:OK: SPEED:18
[2026-05-20 14:07:47] SERIAL:OK: SPEED:16
[2026-05-20 14:07:47] SERIAL:OK: SPEED:13
[2026-05-20 14:07:47] SERIAL:OK: SPEED:10
[2026-05-20 14:07:48] SERIAL:OK: SPEED:7
[2026-05-20 14:07:48] SERIAL:OK: SPEED:5
[2026-05-20 14:07:48] SERIAL:OK: SPEED:4
[2026-05-20 14:07:48] SERIAL:OK: SPEED:3
[2026-05-20 14:07:48] SERIAL:OK: SPEED:2
[2026-05-20 14:07:48] SERIAL:OK: SPEED:3
[2026-05-20 14:07:48] SERIAL:OK: SPEED:4
[2026-05-20 14:07:48] SERIAL:OK: SPEED:9
[2026-05-20 14:07:48] SERIAL:OK: SPEED:14
[2026-05-20 14:07:48] SERIAL:OK: SPEED:19
[2026-05-20 14:07:48] SERIAL:OK: SPEED:25
[2026-05-20 14:07:48] SERIAL:OK: SPEED:32
[2026-05-20 14:07:48] SERIAL:OK: SPEED:34
[2026-05-20 14:07:48] SERIAL:OK: SPEED:37
[2026-05-20 14:07:48] SERIAL:OK: SPEED:40
[2026-05-20 14:07:48] SERIAL:OK: SPEED:42
[2026-05-20 14:07:48] SERIAL:OK: SPEED:44
[2026-05-20 14:07:48] SERIAL:OK: BRAKE:0
[2026-05-20 14:07:48] SERIAL:OK: SPEED:46
[2026-05-20 14:07:48] SERIAL:OK: BRAKE:1
[2026-05-20 14:07:48] SERIAL:OK: SPEED:45
[2026-05-20 14:07:48] SERIAL:OK: SPEED:43
[2026-05-20 14:07:49] SERIAL:OK: SPEED:41
[2026-05-20 14:07:49] SERIAL:OK: SPEED:39
[2026-05-20 14:07:49] SERIAL:OK: SPEED:38
[2026-05-20 14:07:49] SERIAL:OK: SPEED:36
[2026-05-20 14:07:49] SERIAL:OK: SPEED:34
[2026-05-20 14:07:49] SERIAL:OK: SPEED:32
[2026-05-20 14:07:49] SERIAL:OK: SPEED:28
[2026-05-20 14:07:49] SERIAL:OK: SPEED:26
[2026-05-20 14:07:49] SERIAL:OK: SPEED:23
[2026-05-20 14:07:49] SERIAL:OK: SPEED:21
[2026-05-20 14:07:49] SERIAL:OK: SPEED:20
[2026-05-20 14:07:49] SERIAL:OK: SPEED:19
[2026-05-20 14:07:49] SERIAL:OK: SPEED:18
[2026-05-20 14:07:49] SERIAL:OK: SPEED:17
[2026-05-20 14:07:49] SERIAL:OK: SPEED:15
[2026-05-20 14:07:49] SERIAL:OK: SPEED:14
[2026-05-20 14:07:49] SERIAL:OK: SPEED:13
[2026-05-20 14:07:49] SERIAL:OK: SPEED:12
[2026-05-20 14:07:49] SERIAL:OK: SPEED:16
[2026-05-20 14:07:49] SERIAL:OK: SPEED:24
[2026-05-20 14:07:49] SERIAL:OK: SPEED:34
[2026-05-20 14:07:50] SERIAL:OK: SPEED:44
[2026-05-20 14:07:50] SERIAL:OK: SPEED:55
[2026-05-20 14:07:50] SERIAL:OK: SPEED:62
[2026-05-20 14:07:50] SERIAL:OK: SPEED:65
[2026-05-20 14:07:50] SERIAL:OK: SPEED:68
[2026-05-20 14:07:50] SERIAL:OK: SPEED:70
[2026-05-20 14:07:50] SERIAL:OK: SPEED:73
[2026-05-20 14:07:50] SERIAL:OK: SPEED:76
[2026-05-20 14:07:50] SERIAL:OK: SPEED:78
[2026-05-20 14:07:50] SERIAL:OK: SPEED:81
[2026-05-20 14:07:50] SERIAL:OK: SPEED:82
[2026-05-20 14:07:50] SERIAL:OK: BRAKE:0
[2026-05-20 14:07:50] SERIAL:OK: SPEED:81
[2026-05-20 14:07:50] SERIAL:OK: SPEED:80
[2026-05-20 14:07:50] SERIAL:OK: BRAKE:1
[2026-05-20 14:07:50] SERIAL:OK: SPEED:79
[2026-05-20 14:07:50] SERIAL:OK: SPEED:78
[2026-05-20 14:07:51] SERIAL:OK: SPEED:76
[2026-05-20 14:07:51] SERIAL:OK: SPEED:74
[2026-05-20 14:07:51] SERIAL:OK: SPEED:73
[2026-05-20 14:07:51] SERIAL:OK: SPEED:71
[2026-05-20 14:07:51] SERIAL:OK: SPEED:70
[2026-05-20 14:07:51] SERIAL:OK: SPEED:69
[2026-05-20 14:07:51] SERIAL:OK: SPEED:68
[2026-05-20 14:07:51] SERIAL:OK: SPEED:69
[2026-05-20 14:07:51] SERIAL:OK: SPEED:71
[2026-05-20 14:07:51] SERIAL:OK: SPEED:72
[2026-05-20 14:07:51] SERIAL:OK: SPEED:74
[2026-05-20 14:07:51] SERIAL:OK: SPEED:75
[2026-05-20 14:07:51] SERIAL:OK: BRAKE:0
[2026-05-20 14:07:59] SERIAL:OK: SPEED:71
[2026-05-20 14:07:59] SERIAL:OK: BRAKE:1
[2026-05-20 14:07:59] SERIAL:OK: SPEED:56
[2026-05-20 14:07:59] SERIAL:OK: SPEED:41
[2026-05-20 14:07:59] SERIAL:OK: SPEED:25
[2026-05-20 14:07:59] SERIAL:OK: SPEED:10
[2026-05-20 14:07:59] SERIAL:OK: SPEED:0
[2026-05-20 14:08:03] SERIAL:INFO: servo detached (idle)
[2026-05-20 14:08:08] SERIAL:OK: LEFT:0
[2026-05-20 14:08:08] SERIAL:OK: RIGHT:0
[2026-05-20 14:08:08] SERIAL:OK: EMERGENCY:0
[2026-05-20 14:08:08] SERIAL:OK: BRAKE:0
[2026-05-20 14:08:08] SERIAL:OK: ALARM:0
[2026-05-20 14:08:08] SERIAL:OK: LEFT:0
[2026-05-20 14:08:08] SERIAL:OK: RIGHT:0
[2026-05-20 14:08:08] SERIAL:OK: EMERGENCY:0
[2026-05-20 14:38:43] SERIAL:OK: BRAKE:1
[2026-05-20 14:38:51] SERIAL:OK: LEFT:0
[2026-05-20 14:38:51] SERIAL:OK: RIGHT:0
[2026-05-20 14:38:51] SERIAL:OK: EMERGENCY:0
[2026-05-20 14:38:51] SERIAL:OK: BRAKE:0
[2026-05-20 14:38:51] SERIAL:OK: LEFT:0
[2026-05-20 14:38:51] SERIAL:OK: RIGHT:0
[2026-05-20 14:38:51] SERIAL:OK: EMERGENCY:0
[2026-05-20 14:39:09] SERIAL:OK: BRAKE:1
[2026-05-20 14:39:20] SERIAL:OK: LEFT:0
[2026-05-20 14:39:20] SERIAL:OK: RIGHT:0
[2026-05-20 14:39:20] SERIAL:OK: EMERGENCY:0
[2026-05-20 14:39:20] SERIAL:OK: BRAKE:0
[2026-05-20 14:39:20] SERIAL:OK: LEFT:0
[2026-05-20 14:39:20] SERIAL:OK: RIGHT:0
[2026-05-20 14:39:20] SERIAL:OK: EMERGENCY:0
[2026-05-20 14:53:52] Arduino підключено: COM12
[2026-05-20 14:53:52] SERIAL:OK: LEFT:0
[2026-05-20 14:53:52] SERIAL:OK: RIGHT:0
[2026-05-20 14:53:52] SERIAL:OK: EMERGENCY:0
[2026-05-20 14:53:55] SERIAL:INFO: servo detached (idle)
[2026-05-20 14:54:04] SERIAL:OK: BRAKE:1
[2026-05-20 14:54:22] SERIAL:OK: SPEED:0
[2026-05-20 14:54:22] SERIAL:OK: LEFT:0
[2026-05-20 14:54:22] SERIAL:OK: RIGHT:0
[2026-05-20 14:54:22] SERIAL:OK: EMERGENCY:0
[2026-05-20 14:54:22] SERIAL:OK: BRAKE:0
[2026-05-20 14:54:22] SERIAL:OK: ALARM:0
[2026-05-20 14:54:22] SERIAL:OK: LEFT:0
[2026-05-20 14:54:22] SERIAL:OK: RIGHT:0
[2026-05-20 14:54:22] SERIAL:OK: EMERGENCY:0
[2026-05-20 14:54:25] SERIAL:INFO: servo detached (idle)
[2026-05-20 14:58:05] Arduino підключено: COM12
[2026-05-20 14:58:05] SERIAL:OK: LEFT:0
[2026-05-20 14:58:05] SERIAL:OK: RIGHT:0
[2026-05-20 14:58:05] SERIAL:OK: EMERGENCY:0
[2026-05-20 14:58:08] SERIAL:INFO: servo detached (idle)
[2026-05-20 14:58:15] SERIAL:OK: BRAKE:1
[2026-05-20 14:58:20] SERIAL:OK: SPEED:0
[2026-05-20 14:58:20] SERIAL:OK: LEFT:0
[2026-05-20 14:58:20] SERIAL:OK: RIGHT:0
[2026-05-20 14:58:20] SERIAL:OK: EMERGENCY:0
[2026-05-20 14:58:20] SERIAL:OK: BRAKE:0
[2026-05-20 14:58:20] SERIAL:OK: ALARM:0
[2026-05-20 14:58:20] SERIAL:OK: LEFT:0
[2026-05-20 14:58:20] SERIAL:OK: RIGHT:0
[2026-05-20 14:58:20] SERIAL:OK: EMERGENCY:0
[2026-05-20 14:58:23] SERIAL:INFO: servo detached (idle)
[2026-05-20 14:59:55] SERIAL:OK: BRAKE:1
[2026-05-20 14:59:59] SERIAL:OK: LEFT:0
[2026-05-20 14:59:59] SERIAL:OK: RIGHT:0
[2026-05-20 14:59:59] SERIAL:OK: EMERGENCY:0
[2026-05-20 14:59:59] SERIAL:OK: BRAKE:0
[2026-05-20 14:59:59] SERIAL:OK: LEFT:0
[2026-05-20 14:59:59] SERIAL:OK: RIGHT:0
[2026-05-20 14:59:59] SERIAL:OK: EMERGENCY:0
[2026-05-20 15:00:48] SERIAL:OK: BRAKE:1
[2026-05-20 15:01:22] Автоповоротник ВЛІВО
[2026-05-20 15:01:22] SERIAL:OK: LEFT:1
[2026-05-20 15:01:22] SERIAL:OK: LEFT:0
[2026-05-20 15:01:22] SERIAL:OK: LEFT:1
[2026-05-20 15:01:23] SERIAL:OK: LEFT:0
[2026-05-20 15:01:23] SERIAL:OK: LEFT:1
[2026-05-20 15:01:23] SERIAL:OK: LEFT:0
[2026-05-20 15:01:24] SERIAL:OK: LEFT:0
[2026-05-20 15:01:24] SERIAL:OK: RIGHT:0
[2026-05-20 15:01:24] SERIAL:OK: EMERGENCY:0
[2026-05-20 15:01:24] SERIAL:OK: BRAKE:0
[2026-05-20 15:01:24] SERIAL:OK: LEFT:0
[2026-05-20 15:01:24] SERIAL:OK: RIGHT:0
[2026-05-20 15:01:24] SERIAL:OK: EMERGENCY:0
[2026-05-20 15:01:33] SERIAL:OK: BRAKE:1
[2026-05-20 15:01:36] SERIAL:OK: LEFT:0
[2026-05-20 15:01:36] SERIAL:OK: RIGHT:0
[2026-05-20 15:01:36] SERIAL:OK: EMERGENCY:0
[2026-05-20 15:01:36] SERIAL:OK: BRAKE:0
[2026-05-20 15:01:36] SERIAL:OK: LEFT:0
[2026-05-20 15:01:36] SERIAL:OK: RIGHT:0
[2026-05-20 15:01:36] SERIAL:OK: EMERGENCY:0
[2026-05-20 15:01:41] SERIAL:OK: BRAKE:1
[2026-05-20 15:02:37] SERIAL:OK: LEFT:0
[2026-05-20 15:02:37] SERIAL:OK: RIGHT:0
[2026-05-20 15:02:37] SERIAL:OK: EMERGENCY:0
[2026-05-20 15:02:37] SERIAL:OK: BRAKE:0
[2026-05-20 15:02:37] SERIAL:OK: LEFT:0
[2026-05-20 15:02:37] SERIAL:OK: RIGHT:0
[2026-05-20 15:02:37] SERIAL:OK: EMERGENCY:0
[2026-05-20 15:02:59] SERIAL:OK: BRAKE:1
[2026-05-20 15:03:37] Обличчя зникло
[2026-05-20 15:03:39] SERIAL:OK: SPEED:100
[2026-05-20 15:03:39] SERIAL:OK: BRAKE:0
[2026-05-20 15:03:39] SERIAL:OK: SPEED:70
[2026-05-20 15:03:39] SERIAL:OK: BRAKE:1
[2026-05-20 15:03:40] SERIAL:OK: BRAKE:0
[2026-05-20 15:03:47] SERIAL:OK: SPEED:62
[2026-05-20 15:03:47] SERIAL:OK: BRAKE:1
[2026-05-20 15:03:48] SERIAL:OK: BRAKE:0
[2026-05-20 15:03:48] SERIAL:OK: SPEED:47
[2026-05-20 15:03:48] SERIAL:OK: BRAKE:1
[2026-05-20 15:03:48] SERIAL:OK: SPEED:37
[2026-05-20 15:03:48] SERIAL:OK: SPEED:17
[2026-05-20 15:03:48] SERIAL:OK: SPEED:10
[2026-05-20 15:03:48] SERIAL:OK: SPEED:0
[2026-05-20 15:03:48] SERIAL:OK: SPEED:3
[2026-05-20 15:03:48] SERIAL:OK: BRAKE:0
[2026-05-20 15:03:48] SERIAL:OK: SPEED:8
[2026-05-20 15:03:48] SERIAL:OK: SPEED:14
[2026-05-20 15:03:48] SERIAL:OK: SPEED:20
[2026-05-20 15:03:49] SERIAL:OK: SPEED:28
[2026-05-20 15:03:49] SERIAL:OK: SPEED:33
[2026-05-20 15:03:49] SERIAL:OK: SPEED:37
[2026-05-20 15:03:49] SERIAL:OK: SPEED:40
[2026-05-20 15:03:49] SERIAL:OK: SPEED:41
[2026-05-20 15:03:49] SERIAL:OK: SPEED:39
[2026-05-20 15:03:49] SERIAL:OK: BRAKE:1
[2026-05-20 15:03:49] SERIAL:OK: SPEED:36
[2026-05-20 15:03:49] SERIAL:OK: SPEED:32
[2026-05-20 15:03:49] SERIAL:OK: SPEED:28
[2026-05-20 15:03:49] SERIAL:OK: SPEED:24
[2026-05-20 15:03:49] SERIAL:OK: SPEED:21
[2026-05-20 15:03:49] SERIAL:OK: SPEED:16
[2026-05-20 15:03:49] SERIAL:OK: SPEED:11
[2026-05-20 15:03:49] SERIAL:OK: SPEED:7
[2026-05-20 15:03:49] SERIAL:OK: SPEED:3
[2026-05-20 15:03:49] SERIAL:OK: SPEED:1
[2026-05-20 15:03:49] SERIAL:OK: SPEED:0
[2026-05-20 15:03:52] SERIAL:INFO: servo detached (idle)
[2026-05-20 15:04:00] Обличчя зникло
[2026-05-20 15:04:06] SERIAL:OK: LEFT:0
[2026-05-20 15:04:06] SERIAL:OK: RIGHT:0
[2026-05-20 15:04:06] SERIAL:OK: EMERGENCY:0
[2026-05-20 15:04:06] SERIAL:OK: BRAKE:0
[2026-05-20 15:04:07] SERIAL:OK: LEFT:0
[2026-05-20 15:04:07] SERIAL:OK: RIGHT:0
[2026-05-20 15:04:07] SERIAL:OK: EMERGENCY:0
[2026-05-20 15:08:51] SERIAL:OK: BRAKE:1
[2026-05-20 15:08:51] SERIAL:OK: LEFT:0
[2026-05-20 15:08:51] SERIAL:OK: RIGHT:0
[2026-05-20 15:08:51] SERIAL:OK: EMERGENCY:0
[2026-05-20 15:08:51] SERIAL:OK: BRAKE:0
[2026-05-20 15:08:52] SERIAL:OK: LEFT:0
[2026-05-20 15:08:52] SERIAL:OK: RIGHT:0
[2026-05-20 15:08:52] SERIAL:OK: EMERGENCY:0
[2026-05-20 15:09:00] Arduino підключено: COM12
[2026-05-20 15:09:00] SERIAL:OK: LEFT:0
[2026-05-20 15:09:00] SERIAL:OK: RIGHT:0
[2026-05-20 15:09:00] SERIAL:OK: EMERGENCY:0
[2026-05-20 15:09:03] SERIAL:INFO: servo detached (idle)
[2026-05-20 15:09:07] SERIAL:OK: BRAKE:1
[2026-05-20 15:09:08] SERIAL:OK: SPEED:62
[2026-05-20 15:09:08] SERIAL:OK: BRAKE:0
[2026-05-20 15:09:08] SERIAL:OK: SPEED:64
[2026-05-20 15:09:08] Обличчя зникло
[2026-05-20 15:09:11] SERIAL:OK: SPEED:63
[2026-05-20 15:09:11] SERIAL:OK: BRAKE:1
[2026-05-20 15:09:11] SERIAL:OK: SPEED:60
[2026-05-20 15:09:12] SERIAL:OK: BRAKE:0
[2026-05-20 15:09:12] SERIAL:OK: SPEED:58
[2026-05-20 15:09:12] SERIAL:OK: BRAKE:1
[2026-05-20 15:09:13] SERIAL:OK: BRAKE:0
[2026-05-20 15:09:14] SERIAL:OK: SPEED:59
[2026-05-20 15:09:14] SERIAL:OK: SPEED:62
[2026-05-20 15:09:14] SERIAL:OK: SPEED:59
[2026-05-20 15:09:14] SERIAL:OK: BRAKE:1
[2026-05-20 15:09:14] SERIAL:OK: SPEED:54
[2026-05-20 15:09:14] SERIAL:OK: SPEED:49
[2026-05-20 15:09:14] SERIAL:OK: SPEED:41
[2026-05-20 15:09:14] SERIAL:OK: SPEED:35
[2026-05-20 15:09:14] SERIAL:OK: SPEED:33
[2026-05-20 15:09:15] SERIAL:OK: SPEED:32
[2026-05-20 15:09:15] SERIAL:OK: SPEED:31
[2026-05-20 15:09:15] SERIAL:OK: SPEED:33
[2026-05-20 15:09:15] SERIAL:OK: SPEED:34
[2026-05-20 15:09:15] SERIAL:OK: SPEED:36
[2026-05-20 15:09:15] SERIAL:OK: SPEED:39
[2026-05-20 15:09:15] SERIAL:OK: SPEED:42
[2026-05-20 15:09:15] SERIAL:OK: BRAKE:0
[2026-05-20 15:09:16] SERIAL:OK: SPEED:0
[2026-05-20 15:09:16] SERIAL:OK: LEFT:0
[2026-05-20 15:09:16] SERIAL:OK: RIGHT:0
[2026-05-20 15:09:16] SERIAL:OK: EMERGENCY:0
[2026-05-20 15:09:16] SERIAL:OK: ALARM:0
[2026-05-20 15:09:16] SERIAL:OK: LEFT:0
[2026-05-20 15:09:16] SERIAL:OK: RIGHT:0
[2026-05-20 15:09:16] SERIAL:OK: EMERGENCY:0
[2026-05-20 15:09:19] SERIAL:INFO: servo detached (idle)
[2026-05-20 15:10:56] SERIAL:OK: BRAKE:1
[2026-05-20 15:11:00] SERIAL:OK: LEFT:0
[2026-05-20 15:11:00] SERIAL:OK: RIGHT:0
[2026-05-20 15:11:00] SERIAL:OK: EMERGENCY:0
[2026-05-20 15:11:00] SERIAL:OK: BRAKE:0
[2026-05-20 15:11:00] SERIAL:OK: LEFT:0
[2026-05-20 15:11:00] SERIAL:OK: RIGHT:0
[2026-05-20 15:11:00] SERIAL:OK: EMERGENCY:0
[2026-05-20 15:11:30] SERIAL:OK: BRAKE:1
[2026-05-20 15:12:20] SERIAL:OK: SPEED:2
[2026-05-20 15:12:20] SERIAL:OK: BRAKE:0
[2026-05-20 15:12:20] SERIAL:OK: SPEED:8
[2026-05-20 15:12:20] SERIAL:OK: SPEED:12
[2026-05-20 15:12:20] SERIAL:OK: SPEED:16
[2026-05-20 15:12:20] SERIAL:OK: SPEED:23
[2026-05-20 15:12:20] SERIAL:OK: SPEED:30
[2026-05-20 15:12:20] SERIAL:OK: SPEED:36
[2026-05-20 15:12:20] SERIAL:OK: SPEED:42
[2026-05-20 15:12:20] SERIAL:OK: SPEED:47
[2026-05-20 15:12:20] SERIAL:OK: SPEED:51
[2026-05-20 15:12:20] SERIAL:OK: SPEED:55
[2026-05-20 15:12:20] SERIAL:OK: SPEED:54
[2026-05-20 15:12:20] SERIAL:OK: BRAKE:1
[2026-05-20 15:12:21] SERIAL:OK: SPEED:53
[2026-05-20 15:12:21] SERIAL:OK: SPEED:52
[2026-05-20 15:12:21] SERIAL:OK: SPEED:51
[2026-05-20 15:12:21] SERIAL:OK: SPEED:50
[2026-05-20 15:12:21] SERIAL:OK: SPEED:49
[2026-05-20 15:12:21] SERIAL:OK: SPEED:48
[2026-05-20 15:12:21] SERIAL:OK: SPEED:47
[2026-05-20 15:12:21] SERIAL:OK: SPEED:46
[2026-05-20 15:12:21] SERIAL:OK: SPEED:44
[2026-05-20 15:12:21] SERIAL:OK: SPEED:43
[2026-05-20 15:12:21] SERIAL:OK: SPEED:42
[2026-05-20 15:12:21] SERIAL:OK: SPEED:40
[2026-05-20 15:12:21] SERIAL:OK: SPEED:39
[2026-05-20 15:12:21] SERIAL:OK: SPEED:38
[2026-05-20 15:12:22] SERIAL:OK: SPEED:37
[2026-05-20 15:12:22] SERIAL:OK: BRAKE:0
[2026-05-20 15:12:22] SERIAL:OK: SPEED:38
[2026-05-20 15:12:22] SERIAL:OK: SPEED:39
[2026-05-20 15:12:22] SERIAL:OK: SPEED:40
[2026-05-20 15:12:22] SERIAL:OK: SPEED:41
[2026-05-20 15:12:22] SERIAL:OK: SPEED:42
[2026-05-20 15:12:23] SERIAL:OK: SPEED:44
[2026-05-20 15:12:23] SERIAL:OK: SPEED:45
[2026-05-20 15:12:23] SERIAL:OK: SPEED:46
[2026-05-20 15:12:23] SERIAL:OK: SPEED:47
[2026-05-20 15:12:23] SERIAL:OK: SPEED:46
[2026-05-20 15:12:23] SERIAL:OK: BRAKE:1
[2026-05-20 15:12:23] SERIAL:OK: SPEED:44
[2026-05-20 15:12:23] SERIAL:OK: SPEED:42
[2026-05-20 15:12:23] SERIAL:OK: SPEED:39
[2026-05-20 15:12:23] SERIAL:OK: SPEED:36
[2026-05-20 15:12:23] SERIAL:OK: SPEED:35
[2026-05-20 15:12:23] SERIAL:OK: SPEED:33
[2026-05-20 15:12:23] SERIAL:OK: SPEED:32
[2026-05-20 15:12:23] SERIAL:OK: SPEED:30
[2026-05-20 15:12:23] SERIAL:OK: SPEED:29
[2026-05-20 15:12:23] SERIAL:OK: SPEED:28
[2026-05-20 15:12:23] SERIAL:OK: SPEED:27
[2026-05-20 15:12:23] SERIAL:OK: SPEED:26
[2026-05-20 15:12:24] SERIAL:OK: SPEED:27
[2026-05-20 15:12:24] SERIAL:OK: SPEED:28
[2026-05-20 15:12:24] SERIAL:OK: SPEED:30
[2026-05-20 15:12:24] SERIAL:OK: SPEED:32
[2026-05-20 15:12:24] SERIAL:OK: SPEED:34
[2026-05-20 15:12:24] SERIAL:OK: SPEED:37
[2026-05-20 15:12:24] SERIAL:OK: SPEED:39
[2026-05-20 15:12:24] SERIAL:OK: BRAKE:0
[2026-05-20 15:12:24] SERIAL:OK: SPEED:41
[2026-05-20 15:12:24] SERIAL:OK: SPEED:42
[2026-05-20 15:12:24] SERIAL:OK: SPEED:43
[2026-05-20 15:12:24] SERIAL:OK: SPEED:44
[2026-05-20 15:12:24] SERIAL:OK: SPEED:45
[2026-05-20 15:12:24] SERIAL:OK: SPEED:46
[2026-05-20 15:12:24] SERIAL:OK: SPEED:47
[2026-05-20 15:12:24] SERIAL:OK: SPEED:48
[2026-05-20 15:12:24] SERIAL:OK: SPEED:49
[2026-05-20 15:12:24] SERIAL:OK: SPEED:51
[2026-05-20 15:12:24] SERIAL:OK: SPEED:52
[2026-05-20 15:12:24] SERIAL:OK: SPEED:53
[2026-05-20 15:12:24] SERIAL:OK: SPEED:54
[2026-05-20 15:12:24] SERIAL:OK: SPEED:55
[2026-05-20 15:12:25] SERIAL:OK: SPEED:54
[2026-05-20 15:12:25] SERIAL:OK: BRAKE:1
[2026-05-20 15:12:25] SERIAL:OK: SPEED:53
[2026-05-20 15:12:25] SERIAL:OK: SPEED:51
[2026-05-20 15:12:25] SERIAL:OK: SPEED:49
[2026-05-20 15:12:25] SERIAL:OK: SPEED:47
[2026-05-20 15:12:25] SERIAL:OK: SPEED:44
[2026-05-20 15:12:25] SERIAL:OK: SPEED:42
[2026-05-20 15:12:25] SERIAL:OK: SPEED:39
[2026-05-20 15:12:25] SERIAL:OK: SPEED:37
[2026-05-20 15:12:25] SERIAL:OK: SPEED:36
[2026-05-20 15:12:25] SERIAL:OK: SPEED:34
[2026-05-20 15:12:25] SERIAL:OK: SPEED:33
[2026-05-20 15:12:25] SERIAL:OK: SPEED:32
[2026-05-20 15:12:26] SERIAL:OK: SPEED:31
[2026-05-20 15:12:26] SERIAL:OK: SPEED:32
[2026-05-20 15:12:26] SERIAL:OK: SPEED:33
[2026-05-20 15:12:26] SERIAL:OK: BRAKE:0
[2026-05-20 15:12:26] SERIAL:OK: SPEED:34
[2026-05-20 15:12:26] SERIAL:OK: SPEED:35
[2026-05-20 15:12:26] SERIAL:OK: SPEED:36
[2026-05-20 15:12:26] SERIAL:OK: SPEED:37
[2026-05-20 15:12:51] SERIAL:OK: SPEED:40
[2026-05-20 15:12:51] Обличчя зникло
[2026-05-20 15:12:58] SERIAL:OK: SPEED:37
[2026-05-20 15:12:58] SERIAL:OK: BRAKE:1
[2026-05-20 15:12:59] SERIAL:OK: BRAKE:0
[2026-05-20 15:13:10] SERIAL:OK: SPEED:35
[2026-05-20 15:13:10] SERIAL:OK: BRAKE:1
[2026-05-20 15:13:10] SERIAL:OK: SPEED:27
[2026-05-20 15:13:10] SERIAL:OK: SPEED:17
[2026-05-20 15:13:10] SERIAL:OK: SPEED:10
[2026-05-20 15:13:10] SERIAL:OK: SPEED:6
[2026-05-20 15:13:10] SERIAL:OK: SPEED:0
[2026-05-20 15:13:13] SERIAL:INFO: servo detached (idle)
[2026-05-20 15:13:29] SERIAL:OK: SPEED:1
[2026-05-20 15:13:29] SERIAL:OK: BRAKE:0
[2026-05-20 15:13:29] SERIAL:OK: SPEED:3
[2026-05-20 15:13:29] SERIAL:OK: SPEED:9
[2026-05-20 15:13:29] SERIAL:OK: SPEED:15
[2026-05-20 15:13:29] SERIAL:OK: SPEED:21
[2026-05-20 15:13:30] SERIAL:OK: SPEED:27
[2026-05-20 15:13:30] SERIAL:OK: SPEED:31
[2026-05-20 15:13:30] SERIAL:OK: SPEED:33
[2026-05-20 15:13:30] SERIAL:OK: SPEED:34
[2026-05-20 15:13:30] SERIAL:OK: SPEED:35
[2026-05-20 15:13:30] SERIAL:OK: SPEED:36
[2026-05-20 15:13:30] SERIAL:OK: SPEED:37
[2026-05-20 15:13:30] SERIAL:OK: SPEED:38
[2026-05-20 15:13:30] SERIAL:OK: SPEED:39
[2026-05-20 15:13:30] SERIAL:OK: SPEED:41
[2026-05-20 15:13:30] SERIAL:OK: SPEED:42
[2026-05-20 15:13:30] SERIAL:OK: SPEED:43
[2026-05-20 15:13:30] SERIAL:OK: SPEED:42
[2026-05-20 15:13:30] SERIAL:OK: BRAKE:1
[2026-05-20 15:13:30] SERIAL:OK: SPEED:41
[2026-05-20 15:13:30] SERIAL:OK: SPEED:42
[2026-05-20 15:13:30] SERIAL:OK: SPEED:43
[2026-05-20 15:13:30] SERIAL:OK: SPEED:45
[2026-05-20 15:13:30] SERIAL:OK: SPEED:46
[2026-05-20 15:13:30] SERIAL:OK: SPEED:48
[2026-05-20 15:13:31] SERIAL:OK: SPEED:49
[2026-05-20 15:13:31] SERIAL:OK: SPEED:50
[2026-05-20 15:13:31] SERIAL:OK: BRAKE:0
[2026-05-20 15:13:50] SERIAL:OK: ALARM:1
[2026-05-20 15:13:50] SERIAL:OK: BRAKE:1
[2026-05-20 15:13:50] SERIAL:OK: SPEED:49
[2026-05-20 15:13:50] SERIAL:OK: SPEED:48
[2026-05-20 15:13:50] SERIAL:OK: SPEED:47
[2026-05-20 15:13:51] SERIAL:OK: LEFT:1
[2026-05-20 15:13:51] SERIAL:OK: RIGHT:1
[2026-05-20 15:13:51] SERIAL:OK: EMERGENCY:1
[2026-05-20 15:13:51] SERIAL:OK: SPEED:46
[2026-05-20 15:13:51] SERIAL:OK: SPEED:45
[2026-05-20 15:13:51] SERIAL:OK: LEFT:0
[2026-05-20 15:13:51] SERIAL:OK: RIGHT:0
[2026-05-20 15:13:51] SERIAL:OK: EMERGENCY:0
[2026-05-20 15:13:51] SERIAL:OK: SPEED:44
[2026-05-20 15:13:51] SERIAL:OK: LEFT:1
[2026-05-20 15:13:51] SERIAL:OK: RIGHT:1
[2026-05-20 15:13:51] SERIAL:OK: EMERGENCY:1
[2026-05-20 15:13:51] SERIAL:OK: SPEED:43
[2026-05-20 15:13:51] SERIAL:OK: SPEED:42
[2026-05-20 15:13:52] SERIAL:OK: LEFT:0
[2026-05-20 15:13:52] SERIAL:OK: RIGHT:0
[2026-05-20 15:13:52] SERIAL:OK: EMERGENCY:0
[2026-05-20 15:13:52] SERIAL:OK: SPEED:41
[2026-05-20 15:13:52] SERIAL:OK: SPEED:40
[2026-05-20 15:13:52] SERIAL:OK: LEFT:1
[2026-05-20 15:13:52] SERIAL:OK: RIGHT:1
[2026-05-20 15:13:52] SERIAL:OK: EMERGENCY:1
[2026-05-20 15:13:52] SERIAL:OK: SPEED:39
[2026-05-20 15:13:52] SERIAL:OK: SPEED:38
[2026-05-20 15:13:52] SERIAL:OK: LEFT:0
[2026-05-20 15:13:52] SERIAL:OK: RIGHT:0
[2026-05-20 15:13:52] SERIAL:OK: EMERGENCY:0
[2026-05-20 15:13:52] SERIAL:OK: SPEED:37
[2026-05-20 15:13:53] SERIAL:OK: LEFT:1
[2026-05-20 15:13:53] SERIAL:OK: RIGHT:1
[2026-05-20 15:13:53] SERIAL:OK: EMERGENCY:1
[2026-05-20 15:13:53] SERIAL:OK: SPEED:36
[2026-05-20 15:13:53] SERIAL:OK: SPEED:35
[2026-05-20 15:13:53] SERIAL:OK: LEFT:0
[2026-05-20 15:13:53] SERIAL:OK: RIGHT:0
[2026-05-20 15:13:53] SERIAL:OK: EMERGENCY:0
[2026-05-20 15:13:53] SERIAL:OK: SPEED:34
[2026-05-20 15:13:53] SERIAL:OK: SPEED:33
[2026-05-20 15:13:53] SERIAL:OK: LEFT:1
[2026-05-20 15:13:53] SERIAL:OK: RIGHT:1
[2026-05-20 15:13:53] SERIAL:OK: EMERGENCY:1
[2026-05-20 15:13:53] SERIAL:OK: SPEED:32
[2026-05-20 15:13:54] SERIAL:OK: LEFT:0
[2026-05-20 15:13:54] SERIAL:OK: RIGHT:0
[2026-05-20 15:13:54] SERIAL:OK: EMERGENCY:0
[2026-05-20 15:13:54] SERIAL:OK: SPEED:31
[2026-05-20 15:13:54] SERIAL:OK: SPEED:30
[2026-05-20 15:13:54] SERIAL:OK: LEFT:1
[2026-05-20 15:13:54] SERIAL:OK: RIGHT:1
[2026-05-20 15:13:54] SERIAL:OK: EMERGENCY:1
[2026-05-20 15:13:54] SERIAL:OK: SPEED:29
[2026-05-20 15:13:54] SERIAL:OK: SPEED:28
[2026-05-20 15:13:54] SERIAL:OK: LEFT:0
[2026-05-20 15:13:54] SERIAL:OK: RIGHT:0
[2026-05-20 15:13:54] SERIAL:OK: EMERGENCY:0
[2026-05-20 15:13:54] SERIAL:OK: SPEED:27
[2026-05-20 15:13:55] SERIAL:OK: LEFT:1
[2026-05-20 15:13:55] SERIAL:OK: RIGHT:1
[2026-05-20 15:13:55] SERIAL:OK: EMERGENCY:1
[2026-05-20 15:13:55] SERIAL:OK: SPEED:26
[2026-05-20 15:13:55] SERIAL:OK: SPEED:25
[2026-05-20 15:13:55] SERIAL:OK: LEFT:0
[2026-05-20 15:13:55] SERIAL:OK: RIGHT:0
[2026-05-20 15:13:55] SERIAL:OK: EMERGENCY:0
[2026-05-20 15:13:55] SERIAL:OK: SPEED:24
[2026-05-20 15:13:55] SERIAL:OK: SPEED:23
[2026-05-20 15:13:55] SERIAL:OK: LEFT:1
[2026-05-20 15:13:55] SERIAL:OK: RIGHT:1
[2026-05-20 15:13:55] SERIAL:OK: EMERGENCY:1
[2026-05-20 15:13:55] SERIAL:OK: SPEED:22
[2026-05-20 15:13:56] SERIAL:OK: LEFT:0
[2026-05-20 15:13:56] SERIAL:OK: RIGHT:0
[2026-05-20 15:13:56] SERIAL:OK: EMERGENCY:0
[2026-05-20 15:13:56] SERIAL:OK: SPEED:21
[2026-05-20 15:13:56] SERIAL:OK: SPEED:20
[2026-05-20 15:13:56] SERIAL:OK: LEFT:1
[2026-05-20 15:13:56] SERIAL:OK: RIGHT:1
[2026-05-20 15:13:56] SERIAL:OK: EMERGENCY:1
[2026-05-20 15:13:56] SERIAL:OK: SPEED:19
[2026-05-20 15:13:56] SERIAL:OK: SPEED:18
[2026-05-20 15:13:56] SERIAL:OK: LEFT:0
[2026-05-20 15:13:56] SERIAL:OK: RIGHT:0
[2026-05-20 15:13:56] SERIAL:OK: EMERGENCY:0
[2026-05-20 15:13:56] SERIAL:OK: SPEED:17
[2026-05-20 15:13:57] SERIAL:OK: LEFT:1
[2026-05-20 15:13:57] SERIAL:OK: RIGHT:1
[2026-05-20 15:13:57] SERIAL:OK: EMERGENCY:1
[2026-05-20 15:13:57] SERIAL:OK: SPEED:16
[2026-05-20 15:13:57] SERIAL:OK: SPEED:15
[2026-05-20 15:13:57] SERIAL:OK: LEFT:0
[2026-05-20 15:13:57] SERIAL:OK: RIGHT:0
[2026-05-20 15:13:57] SERIAL:OK: EMERGENCY:0
[2026-05-20 15:13:57] SERIAL:OK: SPEED:14
[2026-05-20 15:13:57] SERIAL:OK: SPEED:13
[2026-05-20 15:13:57] SERIAL:OK: LEFT:1
[2026-05-20 15:13:57] SERIAL:OK: RIGHT:1
[2026-05-20 15:13:57] SERIAL:OK: EMERGENCY:1
[2026-05-20 15:13:57] SERIAL:OK: SPEED:12
[2026-05-20 15:13:58] SERIAL:OK: LEFT:0
[2026-05-20 15:13:58] SERIAL:OK: RIGHT:0
[2026-05-20 15:13:58] SERIAL:OK: EMERGENCY:0
[2026-05-20 15:13:58] SERIAL:OK: SPEED:11
[2026-05-20 15:13:58] SERIAL:OK: SPEED:10
[2026-05-20 15:13:58] SERIAL:OK: LEFT:1
[2026-05-20 15:13:58] SERIAL:OK: RIGHT:1
[2026-05-20 15:13:58] SERIAL:OK: EMERGENCY:1
[2026-05-20 15:13:58] SERIAL:OK: SPEED:9
[2026-05-20 15:13:58] SERIAL:OK: SPEED:8
[2026-05-20 15:13:58] SERIAL:OK: LEFT:0
[2026-05-20 15:13:58] SERIAL:OK: RIGHT:0
[2026-05-20 15:13:58] SERIAL:OK: EMERGENCY:0
[2026-05-20 15:13:58] SERIAL:OK: SPEED:7
[2026-05-20 15:13:59] SERIAL:OK: SPEED:6
[2026-05-20 15:13:59] SERIAL:OK: LEFT:1
[2026-05-20 15:13:59] SERIAL:OK: RIGHT:1
[2026-05-20 15:13:59] SERIAL:OK: EMERGENCY:1
[2026-05-20 15:13:59] SERIAL:OK: SPEED:5
[2026-05-20 15:13:59] SERIAL:OK: LEFT:0
[2026-05-20 15:13:59] SERIAL:OK: RIGHT:0
[2026-05-20 15:13:59] SERIAL:OK: EMERGENCY:0
[2026-05-20 15:13:59] SERIAL:OK: SPEED:4
[2026-05-20 15:13:59] SERIAL:OK: SPEED:3
[2026-05-20 15:13:59] SERIAL:OK: LEFT:1
[2026-05-20 15:13:59] SERIAL:OK: RIGHT:1
[2026-05-20 15:13:59] SERIAL:OK: EMERGENCY:1
[2026-05-20 15:13:59] SERIAL:OK: SPEED:2
[2026-05-20 15:14:00] SERIAL:OK: SPEED:1
[2026-05-20 15:14:00] SERIAL:OK: LEFT:0
[2026-05-20 15:14:00] SERIAL:OK: RIGHT:0
[2026-05-20 15:14:00] SERIAL:OK: EMERGENCY:0
[2026-05-20 15:14:00] SERIAL:OK: SPEED:0
[2026-05-20 15:14:00] SERIAL:OK: LEFT:1
[2026-05-20 15:14:00] SERIAL:OK: RIGHT:1
[2026-05-20 15:14:00] SERIAL:OK: EMERGENCY:1
[2026-05-20 15:14:00] SERIAL:OK: LEFT:0
[2026-05-20 15:14:00] SERIAL:OK: RIGHT:0
[2026-05-20 15:14:00] SERIAL:OK: EMERGENCY:0
[2026-05-20 15:14:01] SERIAL:OK: LEFT:1
[2026-05-20 15:14:01] SERIAL:OK: RIGHT:1
[2026-05-20 15:14:01] SERIAL:OK: EMERGENCY:1
[2026-05-20 15:14:01] SERIAL:OK: LEFT:0
[2026-05-20 15:14:01] SERIAL:OK: RIGHT:0
[2026-05-20 15:14:01] SERIAL:OK: EMERGENCY:0
[2026-05-20 15:14:01] SERIAL:OK: LEFT:1
[2026-05-20 15:14:01] SERIAL:OK: RIGHT:1
[2026-05-20 15:14:01] SERIAL:OK: EMERGENCY:1
[2026-05-20 15:14:02] Аварійку вимкнено жестом peace
[2026-05-20 15:14:02] SERIAL:OK: ALARM:0
[2026-05-20 15:14:02] SERIAL:OK: LEFT:0
[2026-05-20 15:14:02] SERIAL:OK: RIGHT:0
[2026-05-20 15:14:02] SERIAL:OK: EMERGENCY:0
[2026-05-20 15:14:03] SERIAL:INFO: servo detached (idle)
[2026-05-20 15:14:04] SERIAL:OK: BRAKE:0
[2026-05-20 15:14:04] SERIAL:OK: SPEED:1
[2026-05-20 15:14:05] SERIAL:OK: SPEED:3
[2026-05-20 15:14:05] SERIAL:OK: SPEED:5
[2026-05-20 15:14:05] SERIAL:OK: SPEED:7
[2026-05-20 15:14:05] SERIAL:OK: SPEED:9
[2026-05-20 15:14:05] SERIAL:OK: SPEED:12
[2026-05-20 15:14:05] SERIAL:OK: SPEED:14
[2026-05-20 15:14:05] SERIAL:OK: SPEED:16
[2026-05-20 15:14:05] SERIAL:OK: SPEED:18
[2026-05-20 15:14:05] SERIAL:OK: SPEED:20
[2026-05-20 15:14:05] SERIAL:OK: SPEED:22
[2026-05-20 15:14:05] SERIAL:OK: SPEED:24
[2026-05-20 15:14:05] SERIAL:OK: SPEED:25
[2026-05-20 15:14:05] SERIAL:OK: SPEED:26
[2026-05-20 15:14:05] SERIAL:OK: SPEED:27
[2026-05-20 15:14:05] SERIAL:OK: SPEED:28
[2026-05-20 15:14:05] SERIAL:OK: SPEED:29
[2026-05-20 15:14:05] SERIAL:OK: SPEED:30
[2026-05-20 15:14:06] SERIAL:OK: SPEED:31
[2026-05-20 15:14:06] SERIAL:OK: SPEED:32
[2026-05-20 15:14:06] SERIAL:OK: SPEED:33
[2026-05-20 15:14:07] SERIAL:OK: SPEED:34
[2026-05-20 15:14:07] SERIAL:OK: SPEED:35
[2026-05-20 15:14:07] SERIAL:OK: SPEED:36
[2026-05-20 15:14:07] SERIAL:OK: SPEED:37
[2026-05-20 15:14:07] SERIAL:OK: SPEED:38
[2026-05-20 15:14:07] SERIAL:OK: SPEED:41
[2026-05-20 15:14:07] SERIAL:OK: SPEED:43
[2026-05-20 15:14:07] SERIAL:OK: SPEED:45
[2026-05-20 15:14:07] SERIAL:OK: SPEED:46
[2026-05-20 15:14:07] SERIAL:OK: SPEED:45
[2026-05-20 15:14:07] SERIAL:OK: BRAKE:1
[2026-05-20 15:14:07] SERIAL:OK: SPEED:46
[2026-05-20 15:14:07] SERIAL:OK: SPEED:45
[2026-05-20 15:14:08] SERIAL:OK: BRAKE:0
[2026-05-20 15:14:09] Обличчя зникло
[2026-05-20 15:14:13] SERIAL:OK: ALARM:1
[2026-05-20 15:14:13] АВАРІЙКА: обличчя відсутнє 4.0с
[2026-05-20 15:14:13] SERIAL:OK: BRAKE:1
[2026-05-20 15:14:13] SERIAL:OK: SPEED:44
[2026-05-20 15:14:13] SERIAL:OK: LEFT:1
[2026-05-20 15:14:13] SERIAL:OK: RIGHT:1
[2026-05-20 15:14:13] SERIAL:OK: EMERGENCY:1
[2026-05-20 15:14:14] SERIAL:OK: SPEED:43
[2026-05-20 15:14:14] SERIAL:OK: SPEED:42
[2026-05-20 15:14:14] SERIAL:OK: LEFT:0
[2026-05-20 15:14:14] SERIAL:OK: RIGHT:0
[2026-05-20 15:14:14] SERIAL:OK: EMERGENCY:0
[2026-05-20 15:14:14] SERIAL:OK: SPEED:41
[2026-05-20 15:14:14] SERIAL:OK: LEFT:1
[2026-05-20 15:14:14] SERIAL:OK: RIGHT:1
[2026-05-20 15:14:14] SERIAL:OK: EMERGENCY:1
[2026-05-20 15:14:14] SERIAL:OK: SPEED:40
[2026-05-20 15:14:14] SERIAL:OK: SPEED:39
[2026-05-20 15:14:15] SERIAL:OK: LEFT:0
[2026-05-20 15:14:15] SERIAL:OK: RIGHT:0
[2026-05-20 15:14:15] SERIAL:OK: EMERGENCY:0
[2026-05-20 15:14:15] SERIAL:OK: SPEED:38
[2026-05-20 15:14:15] SERIAL:OK: LEFT:1
[2026-05-20 15:14:15] SERIAL:OK: RIGHT:1
[2026-05-20 15:14:15] SERIAL:OK: EMERGENCY:1
[2026-05-20 15:14:15] SERIAL:OK: SPEED:37
[2026-05-20 15:14:15] SERIAL:OK: SPEED:36
[2026-05-20 15:14:15] SERIAL:OK: LEFT:0
[2026-05-20 15:14:15] SERIAL:OK: RIGHT:0
[2026-05-20 15:14:15] SERIAL:OK: EMERGENCY:0
[2026-05-20 15:14:15] SERIAL:OK: SPEED:35
[2026-05-20 15:14:16] SERIAL:OK: LEFT:1
[2026-05-20 15:14:16] SERIAL:OK: RIGHT:1
[2026-05-20 15:14:16] SERIAL:OK: EMERGENCY:1
[2026-05-20 15:14:16] SERIAL:OK: SPEED:34
[2026-05-20 15:14:16] SERIAL:OK: SPEED:33
[2026-05-20 15:14:16] SERIAL:OK: LEFT:0
[2026-05-20 15:14:16] SERIAL:OK: RIGHT:0
[2026-05-20 15:14:16] SERIAL:OK: EMERGENCY:0
[2026-05-20 15:14:16] SERIAL:OK: SPEED:32
[2026-05-20 15:14:16] SERIAL:OK: LEFT:1
[2026-05-20 15:14:16] SERIAL:OK: RIGHT:1
[2026-05-20 15:14:16] SERIAL:OK: EMERGENCY:1
[2026-05-20 15:14:16] SERIAL:OK: SPEED:31
[2026-05-20 15:14:16] SERIAL:OK: SPEED:30
[2026-05-20 15:14:17] SERIAL:OK: LEFT:0
[2026-05-20 15:14:17] SERIAL:OK: RIGHT:0
[2026-05-20 15:14:17] SERIAL:OK: EMERGENCY:0
[2026-05-20 15:14:17] SERIAL:OK: SPEED:29
[2026-05-20 15:14:17] SERIAL:OK: LEFT:1
[2026-05-20 15:14:17] SERIAL:OK: RIGHT:1
[2026-05-20 15:14:17] SERIAL:OK: EMERGENCY:1
[2026-05-20 15:14:17] SERIAL:OK: SPEED:28
[2026-05-20 15:14:17] SERIAL:OK: SPEED:27
[2026-05-20 15:14:17] SERIAL:OK: LEFT:0
[2026-05-20 15:14:17] SERIAL:OK: RIGHT:0
[2026-05-20 15:14:17] SERIAL:OK: EMERGENCY:0
[2026-05-20 15:14:17] SERIAL:OK: SPEED:26
[2026-05-20 15:14:18] SERIAL:OK: LEFT:1
[2026-05-20 15:14:18] SERIAL:OK: RIGHT:1
[2026-05-20 15:14:18] SERIAL:OK: EMERGENCY:1
[2026-05-20 15:14:18] SERIAL:OK: SPEED:25
[2026-05-20 15:14:18] SERIAL:OK: SPEED:24
[2026-05-20 15:14:18] SERIAL:OK: LEFT:0
[2026-05-20 15:14:18] SERIAL:OK: RIGHT:0
[2026-05-20 15:14:18] SERIAL:OK: EMERGENCY:0
[2026-05-20 15:14:18] SERIAL:OK: SPEED:23
[2026-05-20 15:14:18] SERIAL:OK: SPEED:22
[2026-05-20 15:14:18] SERIAL:OK: LEFT:1
[2026-05-20 15:14:18] SERIAL:OK: RIGHT:1
[2026-05-20 15:14:18] SERIAL:OK: EMERGENCY:1
[2026-05-20 15:14:18] SERIAL:OK: SPEED:21
[2026-05-20 15:14:19] SERIAL:OK: LEFT:0
[2026-05-20 15:14:19] SERIAL:OK: RIGHT:0
[2026-05-20 15:14:19] SERIAL:OK: EMERGENCY:0
[2026-05-20 15:14:19] SERIAL:OK: SPEED:20
[2026-05-20 15:14:19] SERIAL:OK: SPEED:19
[2026-05-20 15:14:19] SERIAL:OK: LEFT:1
[2026-05-20 15:14:19] SERIAL:OK: RIGHT:1
[2026-05-20 15:14:19] SERIAL:OK: EMERGENCY:1
[2026-05-20 15:14:19] SERIAL:OK: SPEED:18
[2026-05-20 15:14:19] SERIAL:OK: LEFT:0
[2026-05-20 15:14:19] SERIAL:OK: RIGHT:0
[2026-05-20 15:14:19] SERIAL:OK: EMERGENCY:0
[2026-05-20 15:14:19] SERIAL:OK: SPEED:17
[2026-05-20 15:14:20] SERIAL:OK: LEFT:1
[2026-05-20 15:14:20] SERIAL:OK: RIGHT:1
[2026-05-20 15:14:20] SERIAL:OK: EMERGENCY:1
[2026-05-20 15:14:20] SERIAL:OK: SPEED:16
[2026-05-20 15:14:20] SERIAL:OK: SPEED:15
[2026-05-20 15:14:20] SERIAL:OK: LEFT:0
[2026-05-20 15:14:20] SERIAL:OK: RIGHT:0
[2026-05-20 15:14:20] SERIAL:OK: EMERGENCY:0
[2026-05-20 15:14:20] SERIAL:OK: SPEED:14
[2026-05-20 15:14:20] SERIAL:OK: LEFT:1
[2026-05-20 15:14:20] SERIAL:OK: RIGHT:1
[2026-05-20 15:14:20] SERIAL:OK: EMERGENCY:1
[2026-05-20 15:14:20] SERIAL:OK: SPEED:13
[2026-05-20 15:14:21] SERIAL:OK: SPEED:12
[2026-05-20 15:14:21] SERIAL:OK: LEFT:0
[2026-05-20 15:14:21] SERIAL:OK: RIGHT:0
[2026-05-20 15:14:21] SERIAL:OK: EMERGENCY:0
[2026-05-20 15:14:21] SERIAL:OK: SPEED:11
[2026-05-20 15:14:21] SERIAL:OK: SPEED:10
[2026-05-20 15:14:21] SERIAL:OK: LEFT:1
[2026-05-20 15:14:21] SERIAL:OK: RIGHT:1
[2026-05-20 15:14:21] SERIAL:OK: EMERGENCY:1
[2026-05-20 15:14:21] SERIAL:OK: SPEED:9
[2026-05-20 15:14:21] SERIAL:OK: LEFT:0
[2026-05-20 15:14:21] SERIAL:OK: RIGHT:0
[2026-05-20 15:14:21] SERIAL:OK: EMERGENCY:0
[2026-05-20 15:14:21] SERIAL:OK: SPEED:8
[2026-05-20 15:14:22] SERIAL:OK: SPEED:7
[2026-05-20 15:14:22] SERIAL:OK: LEFT:1
[2026-05-20 15:14:22] SERIAL:OK: RIGHT:1
[2026-05-20 15:14:22] SERIAL:OK: EMERGENCY:1
[2026-05-20 15:14:22] SERIAL:OK: SPEED:6
[2026-05-20 15:14:22] SERIAL:OK: LEFT:0
[2026-05-20 15:14:22] SERIAL:OK: RIGHT:0
[2026-05-20 15:14:22] SERIAL:OK: EMERGENCY:0
[2026-05-20 15:14:22] SERIAL:OK: SPEED:5
[2026-05-20 15:14:22] SERIAL:OK: SPEED:4
[2026-05-20 15:14:22] SERIAL:OK: LEFT:1
[2026-05-20 15:14:22] SERIAL:OK: RIGHT:1
[2026-05-20 15:14:22] SERIAL:OK: EMERGENCY:1
[2026-05-20 15:14:23] SERIAL:OK: SPEED:3
[2026-05-20 15:14:23] SERIAL:OK: LEFT:0
[2026-05-20 15:14:23] SERIAL:OK: RIGHT:0
[2026-05-20 15:14:23] SERIAL:OK: EMERGENCY:0
[2026-05-20 15:14:23] SERIAL:OK: SPEED:2
[2026-05-20 15:14:23] SERIAL:OK: SPEED:1
[2026-05-20 15:14:23] SERIAL:OK: LEFT:1
[2026-05-20 15:14:23] SERIAL:OK: RIGHT:1
[2026-05-20 15:14:23] SERIAL:OK: EMERGENCY:1
[2026-05-20 15:14:23] SERIAL:OK: SPEED:0
[2026-05-20 15:14:23] SERIAL:OK: LEFT:0
[2026-05-20 15:14:23] SERIAL:OK: RIGHT:0
[2026-05-20 15:14:23] SERIAL:OK: EMERGENCY:0
[2026-05-20 15:14:24] SERIAL:OK: LEFT:1
[2026-05-20 15:14:24] SERIAL:OK: RIGHT:1
[2026-05-20 15:14:24] SERIAL:OK: EMERGENCY:1
[2026-05-20 15:14:24] SERIAL:OK: LEFT:0
[2026-05-20 15:14:24] SERIAL:OK: RIGHT:0
[2026-05-20 15:14:24] SERIAL:OK: EMERGENCY:0
[2026-05-20 15:14:24] SERIAL:OK: LEFT:1
[2026-05-20 15:14:24] SERIAL:OK: RIGHT:1
[2026-05-20 15:14:24] SERIAL:OK: EMERGENCY:1
[2026-05-20 15:14:25] SERIAL:OK: LEFT:0
[2026-05-20 15:14:25] SERIAL:OK: RIGHT:0
[2026-05-20 15:14:25] SERIAL:OK: EMERGENCY:0
[2026-05-20 15:14:25] SERIAL:OK: LEFT:1
[2026-05-20 15:14:25] SERIAL:OK: RIGHT:1
[2026-05-20 15:14:25] SERIAL:OK: EMERGENCY:1
[2026-05-20 15:14:25] SERIAL:OK: LEFT:0
[2026-05-20 15:14:25] SERIAL:OK: RIGHT:0
[2026-05-20 15:14:25] SERIAL:OK: EMERGENCY:0
[2026-05-20 15:14:26] SERIAL:OK: LEFT:1
[2026-05-20 15:14:26] SERIAL:OK: RIGHT:1
[2026-05-20 15:14:26] SERIAL:OK: EMERGENCY:1
[2026-05-20 15:14:26] SERIAL:OK: LEFT:0
[2026-05-20 15:14:26] SERIAL:OK: RIGHT:0
[2026-05-20 15:14:26] SERIAL:OK: EMERGENCY:0
[2026-05-20 15:14:26] SERIAL:INFO: servo detached (idle)
[2026-05-20 15:14:26] SERIAL:OK: LEFT:1
[2026-05-20 15:14:26] SERIAL:OK: RIGHT:1
[2026-05-20 15:14:26] SERIAL:OK: EMERGENCY:1
[2026-05-20 15:14:27] SERIAL:OK: LEFT:0
[2026-05-20 15:14:27] SERIAL:OK: RIGHT:0
[2026-05-20 15:14:27] SERIAL:OK: EMERGENCY:0
[2026-05-20 15:14:27] SERIAL:OK: LEFT:1
[2026-05-20 15:14:27] SERIAL:OK: RIGHT:1
[2026-05-20 15:14:27] SERIAL:OK: EMERGENCY:1
[2026-05-20 15:14:27] SERIAL:OK: LEFT:0
[2026-05-20 15:14:27] SERIAL:OK: RIGHT:0
[2026-05-20 15:14:27] SERIAL:OK: EMERGENCY:0
[2026-05-20 15:14:28] SERIAL:OK: LEFT:1
[2026-05-20 15:14:28] SERIAL:OK: RIGHT:1
[2026-05-20 15:14:28] SERIAL:OK: EMERGENCY:1
[2026-05-20 15:14:28] SERIAL:OK: LEFT:0
[2026-05-20 15:14:28] SERIAL:OK: RIGHT:0
[2026-05-20 15:14:28] SERIAL:OK: EMERGENCY:0
[2026-05-20 15:14:28] SERIAL:OK: LEFT:1
[2026-05-20 15:14:28] SERIAL:OK: RIGHT:1
[2026-05-20 15:14:28] SERIAL:OK: EMERGENCY:1
[2026-05-20 15:14:29] SERIAL:OK: LEFT:0
[2026-05-20 15:14:29] SERIAL:OK: RIGHT:0
[2026-05-20 15:14:29] SERIAL:OK: EMERGENCY:0
[2026-05-20 15:14:29] SERIAL:OK: LEFT:1
[2026-05-20 15:14:29] SERIAL:OK: RIGHT:1
[2026-05-20 15:14:29] SERIAL:OK: EMERGENCY:1
[2026-05-20 15:14:29] SERIAL:OK: LEFT:0
[2026-05-20 15:14:29] SERIAL:OK: RIGHT:0
[2026-05-20 15:14:29] SERIAL:OK: EMERGENCY:0
[2026-05-20 15:14:29] Автоповоротник ВЛІВО
[2026-05-20 15:14:29] Аварійку вимкнено жестом peace
[2026-05-20 15:14:30] SERIAL:OK: ALARM:0
[2026-05-20 15:14:30] Обличчя зникло
[2026-05-20 15:14:30] SERIAL:OK: LEFT:1
[2026-05-20 15:14:30] SERIAL:OK: LEFT:0
[2026-05-20 15:14:30] SERIAL:OK: LEFT:1
[2026-05-20 15:14:31] SERIAL:OK: LEFT:0
[2026-05-20 15:14:31] SERIAL:OK: LEFT:1
[2026-05-20 15:14:31] SERIAL:OK: LEFT:0
[2026-05-20 15:14:32] Автоповоротники вимкнено
[2026-05-20 15:14:33] SERIAL:OK: BRAKE:0
[2026-05-20 15:14:33] SERIAL:OK: SPEED:3
[2026-05-20 15:14:33] SERIAL:OK: SPEED:8
[2026-05-20 15:14:33] SERIAL:OK: SPEED:14
[2026-05-20 15:14:33] SERIAL:OK: SPEED:20
[2026-05-20 15:14:33] SERIAL:OK: SPEED:27
[2026-05-20 15:14:33] SERIAL:OK: SPEED:32
[2026-05-20 15:14:33] SERIAL:OK: SPEED:35
[2026-05-20 15:14:33] SERIAL:OK: SPEED:37
[2026-05-20 15:14:33] SERIAL:OK: SPEED:40
[2026-05-20 15:14:33] SERIAL:OK: SPEED:43
[2026-05-20 15:14:33] SERIAL:OK: SPEED:45
[2026-05-20 15:14:33] SERIAL:OK: SPEED:47
[2026-05-20 15:14:33] SERIAL:OK: SPEED:44
[2026-05-20 15:14:33] SERIAL:OK: BRAKE:1
[2026-05-20 15:14:33] SERIAL:OK: SPEED:38
[2026-05-20 15:14:33] SERIAL:OK: SPEED:33
[2026-05-20 15:14:33] SERIAL:OK: SPEED:26
[2026-05-20 15:14:34] SERIAL:OK: SPEED:18
[2026-05-20 15:14:34] SERIAL:OK: SPEED:11
[2026-05-20 15:14:34] SERIAL:OK: SPEED:7
[2026-05-20 15:14:34] SERIAL:OK: SPEED:3
[2026-05-20 15:14:34] SERIAL:OK: SPEED:0
[2026-05-20 15:14:37] SERIAL:INFO: servo detached (idle)
[2026-05-20 15:14:40] SERIAL:OK: LEFT:0
[2026-05-20 15:14:40] SERIAL:OK: RIGHT:0
[2026-05-20 15:14:40] SERIAL:OK: EMERGENCY:0
[2026-05-20 15:14:40] SERIAL:OK: BRAKE:0
[2026-05-20 15:14:41] SERIAL:OK: LEFT:0
[2026-05-20 15:14:41] SERIAL:OK: RIGHT:0
[2026-05-20 15:14:41] SERIAL:OK: EMERGENCY:0
[2026-05-20 15:24:17] SERIAL:OK: BRAKE:1
[2026-05-20 15:24:18] SERIAL:OK: SPEED:1
[2026-05-20 15:24:18] SERIAL:OK: BRAKE:0
[2026-05-20 15:24:18] SERIAL:OK: SPEED:3
[2026-05-20 15:24:18] SERIAL:OK: SPEED:4
[2026-05-20 15:24:18] SERIAL:OK: SPEED:6
[2026-05-20 15:24:18] SERIAL:OK: SPEED:7
[2026-05-20 15:24:18] SERIAL:OK: SPEED:8
[2026-05-20 15:24:18] SERIAL:OK: SPEED:9
[2026-05-20 15:24:18] SERIAL:OK: SPEED:10
[2026-05-20 15:24:18] SERIAL:OK: SPEED:11
[2026-05-20 15:24:18] SERIAL:OK: SPEED:12
[2026-05-20 15:24:20] Обличчя зникло
[2026-05-20 15:24:24] SERIAL:OK: ALARM:1
[2026-05-20 15:24:24] АВАРІЙКА: обличчя відсутнє 4.0с
[2026-05-20 15:24:24] SERIAL:OK: BRAKE:1
[2026-05-20 15:24:24] SERIAL:OK: LEFT:1
[2026-05-20 15:24:24] SERIAL:OK: RIGHT:1
[2026-05-20 15:24:24] SERIAL:OK: EMERGENCY:1
[2026-05-20 15:24:24] SERIAL:OK: SPEED:11
[2026-05-20 15:24:24] SERIAL:OK: LEFT:0
[2026-05-20 15:24:24] SERIAL:OK: RIGHT:0
[2026-05-20 15:24:24] SERIAL:OK: EMERGENCY:0
[2026-05-20 15:24:25] SERIAL:OK: LEFT:1
[2026-05-20 15:24:25] SERIAL:OK: RIGHT:1
[2026-05-20 15:24:25] SERIAL:OK: EMERGENCY:1
[2026-05-20 15:24:25] SERIAL:OK: SPEED:10
[2026-05-20 15:24:25] SERIAL:OK: LEFT:0
[2026-05-20 15:24:25] SERIAL:OK: RIGHT:0
[2026-05-20 15:24:25] SERIAL:OK: EMERGENCY:0
[2026-05-20 15:24:25] SERIAL:OK: LEFT:1
[2026-05-20 15:24:25] SERIAL:OK: RIGHT:1
[2026-05-20 15:24:25] SERIAL:OK: EMERGENCY:1
[2026-05-20 15:24:26] SERIAL:OK: LEFT:0
[2026-05-20 15:24:26] SERIAL:OK: RIGHT:0
[2026-05-20 15:24:26] SERIAL:OK: EMERGENCY:0
[2026-05-20 15:24:26] SERIAL:OK: SPEED:9
[2026-05-20 15:24:26] SERIAL:OK: LEFT:1
[2026-05-20 15:24:26] SERIAL:OK: RIGHT:1
[2026-05-20 15:24:26] SERIAL:OK: EMERGENCY:1
[2026-05-20 15:24:26] SERIAL:OK: LEFT:0
[2026-05-20 15:24:26] SERIAL:OK: RIGHT:0
[2026-05-20 15:24:26] SERIAL:OK: EMERGENCY:0
[2026-05-20 15:24:27] SERIAL:OK: SPEED:8
[2026-05-20 15:24:27] SERIAL:OK: LEFT:1
[2026-05-20 15:24:27] SERIAL:OK: RIGHT:1
[2026-05-20 15:24:27] SERIAL:OK: EMERGENCY:1
[2026-05-20 15:24:27] SERIAL:OK: LEFT:0
[2026-05-20 15:24:27] SERIAL:OK: RIGHT:0
[2026-05-20 15:24:27] SERIAL:OK: EMERGENCY:0
[2026-05-20 15:24:27] SERIAL:OK: LEFT:1
[2026-05-20 15:24:27] SERIAL:OK: RIGHT:1
[2026-05-20 15:24:27] SERIAL:OK: EMERGENCY:1
[2026-05-20 15:24:27] SERIAL:OK: SPEED:7
[2026-05-20 15:24:28] SERIAL:OK: LEFT:0
[2026-05-20 15:24:28] SERIAL:OK: RIGHT:0
[2026-05-20 15:24:28] SERIAL:OK: EMERGENCY:0
[2026-05-20 15:24:28] SERIAL:OK: LEFT:1
[2026-05-20 15:24:28] SERIAL:OK: RIGHT:1
[2026-05-20 15:24:28] SERIAL:OK: EMERGENCY:1
[2026-05-20 15:24:28] SERIAL:OK: SPEED:6
[2026-05-20 15:24:28] SERIAL:OK: LEFT:0
[2026-05-20 15:24:28] SERIAL:OK: RIGHT:0
[2026-05-20 15:24:28] SERIAL:OK: EMERGENCY:0
[2026-05-20 15:24:29] SERIAL:OK: LEFT:1
[2026-05-20 15:24:29] SERIAL:OK: RIGHT:1
[2026-05-20 15:24:29] SERIAL:OK: EMERGENCY:1
[2026-05-20 15:24:29] SERIAL:OK: LEFT:0
[2026-05-20 15:24:29] SERIAL:OK: RIGHT:0
[2026-05-20 15:24:29] SERIAL:OK: EMERGENCY:0
[2026-05-20 15:24:29] SERIAL:OK: SPEED:5
[2026-05-20 15:24:29] SERIAL:OK: LEFT:1
[2026-05-20 15:24:29] SERIAL:OK: RIGHT:1
[2026-05-20 15:24:29] SERIAL:OK: EMERGENCY:1
[2026-05-20 15:24:30] SERIAL:OK: LEFT:0
[2026-05-20 15:24:30] SERIAL:OK: RIGHT:0
[2026-05-20 15:24:30] SERIAL:OK: EMERGENCY:0
[2026-05-20 15:24:30] SERIAL:OK: SPEED:4
[2026-05-20 15:24:30] SERIAL:OK: LEFT:1
[2026-05-20 15:24:30] SERIAL:OK: RIGHT:1
[2026-05-20 15:24:30] SERIAL:OK: EMERGENCY:1
[2026-05-20 15:24:30] SERIAL:OK: LEFT:0
[2026-05-20 15:24:30] SERIAL:OK: RIGHT:0
[2026-05-20 15:24:30] SERIAL:OK: EMERGENCY:0
[2026-05-20 15:24:31] SERIAL:OK: SPEED:3
[2026-05-20 15:24:31] SERIAL:OK: LEFT:1
[2026-05-20 15:24:31] SERIAL:OK: RIGHT:1
[2026-05-20 15:24:31] SERIAL:OK: EMERGENCY:1
[2026-05-20 15:24:31] SERIAL:OK: LEFT:0
[2026-05-20 15:24:31] SERIAL:OK: RIGHT:0
[2026-05-20 15:24:31] SERIAL:OK: EMERGENCY:0
[2026-05-20 15:24:31] SERIAL:OK: LEFT:1
[2026-05-20 15:24:31] SERIAL:OK: RIGHT:1
[2026-05-20 15:24:31] SERIAL:OK: EMERGENCY:1
[2026-05-20 15:24:32] SERIAL:OK: SPEED:2
[2026-05-20 15:24:32] SERIAL:OK: LEFT:0
[2026-05-20 15:24:32] SERIAL:OK: RIGHT:0
[2026-05-20 15:24:32] SERIAL:OK: EMERGENCY:0
[2026-05-20 15:24:32] SERIAL:OK: LEFT:1
[2026-05-20 15:24:32] SERIAL:OK: RIGHT:1
[2026-05-20 15:24:32] SERIAL:OK: EMERGENCY:1
[2026-05-20 15:24:32] SERIAL:OK: SPEED:1
[2026-05-20 15:24:32] SERIAL:OK: LEFT:0
[2026-05-20 15:24:32] SERIAL:OK: RIGHT:0
[2026-05-20 15:24:32] SERIAL:OK: EMERGENCY:0
[2026-05-20 15:24:33] SERIAL:OK: LEFT:1
[2026-05-20 15:24:33] SERIAL:OK: RIGHT:1
[2026-05-20 15:24:33] SERIAL:OK: EMERGENCY:1
[2026-05-20 15:24:33] SERIAL:OK: LEFT:0
[2026-05-20 15:24:33] SERIAL:OK: RIGHT:0
[2026-05-20 15:24:33] SERIAL:OK: EMERGENCY:0
[2026-05-20 15:24:33] SERIAL:OK: SPEED:0
[2026-05-20 15:24:33] SERIAL:OK: LEFT:1
[2026-05-20 15:24:33] SERIAL:OK: RIGHT:1
[2026-05-20 15:24:33] SERIAL:OK: EMERGENCY:1
[2026-05-20 15:24:34] SERIAL:OK: LEFT:0
[2026-05-20 15:24:34] SERIAL:OK: RIGHT:0
[2026-05-20 15:24:34] SERIAL:OK: EMERGENCY:0
[2026-05-20 15:24:34] SERIAL:OK: LEFT:1
[2026-05-20 15:24:34] SERIAL:OK: RIGHT:1
[2026-05-20 15:24:34] SERIAL:OK: EMERGENCY:1
[2026-05-20 15:24:35] SERIAL:OK: LEFT:0
[2026-05-20 15:24:35] SERIAL:OK: RIGHT:0
[2026-05-20 15:24:35] SERIAL:OK: EMERGENCY:0
[2026-05-20 15:24:35] Автоповоротник ВЛІВО
[2026-05-20 15:24:35] Аварійку вимкнено жестом peace
[2026-05-20 15:24:35] SERIAL:OK: ALARM:0
[2026-05-20 15:24:35] SERIAL:OK: LEFT:1
[2026-05-20 15:24:35] Обличчя зникло
[2026-05-20 15:24:35] SERIAL:OK: LEFT:0
[2026-05-20 15:24:36] SERIAL:OK: LEFT:1
[2026-05-20 15:24:36] SERIAL:OK: LEFT:0
[2026-05-20 15:24:36] SERIAL:OK: LEFT:1
[2026-05-20 15:24:36] SERIAL:INFO: servo detached (idle)
[2026-05-20 15:24:37] SERIAL:OK: LEFT:0
[2026-05-20 15:24:37] Автоповоротники вимкнено
[2026-05-20 15:24:39] SERIAL:OK: LEFT:0
[2026-05-20 15:24:39] SERIAL:OK: RIGHT:0
[2026-05-20 15:24:39] SERIAL:OK: EMERGENCY:0
[2026-05-20 15:24:39] SERIAL:OK: BRAKE:0
[2026-05-20 15:24:39] SERIAL:OK: LEFT:0
[2026-05-20 15:24:39] SERIAL:OK: RIGHT:0
[2026-05-20 15:24:39] SERIAL:OK: EMERGENCY:0
[2026-05-20 15:29:17] Arduino підключено: COM12
[2026-05-20 15:29:17] SERIAL:OK: LEFT:0
[2026-05-20 15:29:17] SERIAL:OK: RIGHT:0
[2026-05-20 15:29:17] SERIAL:OK: EMERGENCY:0
[2026-05-20 15:29:19] SERIAL:OK: BRAKE:1
[2026-05-20 15:29:20] SERIAL:INFO: servo detached (idle)
[2026-05-20 15:29:24] SERIAL:OK: SPEED:0
[2026-05-20 15:29:24] SERIAL:OK: SPEED:6
[2026-05-20 15:29:24] SERIAL:OK: BRAKE:0
[2026-05-20 15:29:24] SERIAL:OK: SPEED:10
[2026-05-20 15:29:24] SERIAL:OK: SPEED:12
[2026-05-20 15:29:24] SERIAL:OK: SPEED:14
[2026-05-20 15:29:24] SERIAL:OK: SPEED:19
[2026-05-20 15:29:24] SERIAL:OK: SPEED:20
[2026-05-20 15:29:24] SERIAL:OK: SPEED:21
[2026-05-20 15:29:24] SERIAL:OK: SPEED:22
[2026-05-20 15:29:24] SERIAL:OK: SPEED:21
[2026-05-20 15:29:24] SERIAL:OK: BRAKE:1
[2026-05-20 15:29:24] SERIAL:OK: SPEED:20
[2026-05-20 15:29:25] SERIAL:OK: BRAKE:0
[2026-05-20 15:29:25] Обличчя зникло
[2026-05-20 15:29:29] АВАРІЙКА: обличчя відсутнє 4.0с
[2026-05-20 15:29:29] SERIAL:OK: ALARM:1
[2026-05-20 15:29:29] SERIAL:OK: BRAKE:1
[2026-05-20 15:29:30] SERIAL:OK: SPEED:19
[2026-05-20 15:29:30] SERIAL:OK: LEFT:1
[2026-05-20 15:29:30] SERIAL:OK: RIGHT:1
[2026-05-20 15:29:30] SERIAL:OK: EMERGENCY:1
[2026-05-20 15:29:30] SERIAL:OK: LEFT:0
[2026-05-20 15:29:30] SERIAL:OK: RIGHT:0
[2026-05-20 15:29:30] SERIAL:OK: EMERGENCY:0
[2026-05-20 15:29:30] SERIAL:OK: SPEED:18
[2026-05-20 15:29:31] SERIAL:OK: LEFT:1
[2026-05-20 15:29:31] SERIAL:OK: RIGHT:1
[2026-05-20 15:29:31] SERIAL:OK: EMERGENCY:1
[2026-05-20 15:29:31] SERIAL:OK: SPEED:17
[2026-05-20 15:29:31] SERIAL:OK: LEFT:0
[2026-05-20 15:29:31] SERIAL:OK: RIGHT:0
[2026-05-20 15:29:31] SERIAL:OK: EMERGENCY:0
[2026-05-20 15:29:31] SERIAL:OK: SPEED:16
[2026-05-20 15:29:31] SERIAL:OK: LEFT:1
[2026-05-20 15:29:31] SERIAL:OK: RIGHT:1
[2026-05-20 15:29:31] SERIAL:OK: EMERGENCY:1
[2026-05-20 15:29:32] SERIAL:OK: LEFT:0
[2026-05-20 15:29:32] SERIAL:OK: RIGHT:0
[2026-05-20 15:29:32] SERIAL:OK: EMERGENCY:0
[2026-05-20 15:29:32] SERIAL:OK: SPEED:15
[2026-05-20 15:29:32] SERIAL:OK: LEFT:1
[2026-05-20 15:29:32] SERIAL:OK: RIGHT:1
[2026-05-20 15:29:32] SERIAL:OK: EMERGENCY:1
[2026-05-20 15:29:32] SERIAL:OK: SPEED:14
[2026-05-20 15:29:32] SERIAL:OK: LEFT:0
[2026-05-20 15:29:32] SERIAL:OK: RIGHT:0
[2026-05-20 15:29:32] SERIAL:OK: EMERGENCY:0
[2026-05-20 15:29:33] SERIAL:OK: LEFT:1
[2026-05-20 15:29:33] SERIAL:OK: RIGHT:1
[2026-05-20 15:29:33] SERIAL:OK: EMERGENCY:1
[2026-05-20 15:29:33] SERIAL:OK: SPEED:13
[2026-05-20 15:29:33] SERIAL:OK: LEFT:0
[2026-05-20 15:29:33] SERIAL:OK: RIGHT:0
[2026-05-20 15:29:33] SERIAL:OK: EMERGENCY:0
[2026-05-20 15:29:33] SERIAL:OK: SPEED:12
[2026-05-20 15:29:33] SERIAL:OK: LEFT:1
[2026-05-20 15:29:33] SERIAL:OK: RIGHT:1
[2026-05-20 15:29:33] SERIAL:OK: EMERGENCY:1
[2026-05-20 15:29:34] SERIAL:OK: LEFT:0
[2026-05-20 15:29:34] SERIAL:OK: RIGHT:0
[2026-05-20 15:29:34] SERIAL:OK: EMERGENCY:0
[2026-05-20 15:29:34] SERIAL:OK: SPEED:11
[2026-05-20 15:29:34] SERIAL:OK: LEFT:1
[2026-05-20 15:29:34] SERIAL:OK: RIGHT:1
[2026-05-20 15:29:34] SERIAL:OK: EMERGENCY:1
[2026-05-20 15:29:34] SERIAL:OK: SPEED:10
[2026-05-20 15:29:34] SERIAL:OK: LEFT:0
[2026-05-20 15:29:34] SERIAL:OK: RIGHT:0
[2026-05-20 15:29:34] SERIAL:OK: EMERGENCY:0
[2026-05-20 15:29:35] SERIAL:OK: SPEED:9
[2026-05-20 15:29:35] SERIAL:OK: LEFT:1
[2026-05-20 15:29:35] SERIAL:OK: RIGHT:1
[2026-05-20 15:29:35] SERIAL:OK: EMERGENCY:1
[2026-05-20 15:29:35] SERIAL:OK: LEFT:0
[2026-05-20 15:29:35] SERIAL:OK: RIGHT:0
[2026-05-20 15:29:35] SERIAL:OK: EMERGENCY:0
[2026-05-20 15:29:35] SERIAL:OK: SPEED:8
[2026-05-20 15:29:35] SERIAL:OK: LEFT:1
[2026-05-20 15:29:35] SERIAL:OK: RIGHT:1
[2026-05-20 15:29:35] SERIAL:OK: EMERGENCY:1
[2026-05-20 15:29:36] SERIAL:OK: SPEED:7
[2026-05-20 15:29:36] SERIAL:OK: LEFT:0
[2026-05-20 15:29:36] SERIAL:OK: RIGHT:0
[2026-05-20 15:29:36] SERIAL:OK: EMERGENCY:0
[2026-05-20 15:29:36] SERIAL:OK: LEFT:1
[2026-05-20 15:29:36] SERIAL:OK: RIGHT:1
[2026-05-20 15:29:36] SERIAL:OK: EMERGENCY:1
[2026-05-20 15:29:36] SERIAL:OK: SPEED:6
[2026-05-20 15:29:36] SERIAL:OK: LEFT:0
[2026-05-20 15:29:36] SERIAL:OK: RIGHT:0
[2026-05-20 15:29:36] SERIAL:OK: EMERGENCY:0
[2026-05-20 15:29:37] SERIAL:OK: SPEED:5
[2026-05-20 15:29:37] SERIAL:OK: LEFT:1
[2026-05-20 15:29:37] SERIAL:OK: RIGHT:1
[2026-05-20 15:29:37] SERIAL:OK: EMERGENCY:1
[2026-05-20 15:29:37] SERIAL:OK: LEFT:0
[2026-05-20 15:29:37] SERIAL:OK: RIGHT:0
[2026-05-20 15:29:37] SERIAL:OK: EMERGENCY:0
[2026-05-20 15:29:37] SERIAL:OK: SPEED:4
[2026-05-20 15:29:37] SERIAL:OK: LEFT:1
[2026-05-20 15:29:37] SERIAL:OK: RIGHT:1
[2026-05-20 15:29:37] SERIAL:OK: EMERGENCY:1
[2026-05-20 15:29:38] SERIAL:OK: SPEED:3
[2026-05-20 15:29:38] SERIAL:OK: LEFT:0
[2026-05-20 15:29:38] SERIAL:OK: RIGHT:0
[2026-05-20 15:29:38] SERIAL:OK: EMERGENCY:0
[2026-05-20 15:29:38] SERIAL:OK: LEFT:1
[2026-05-20 15:29:38] SERIAL:OK: RIGHT:1
[2026-05-20 15:29:38] SERIAL:OK: EMERGENCY:1
[2026-05-20 15:29:38] SERIAL:OK: SPEED:2
[2026-05-20 15:29:38] SERIAL:OK: LEFT:0
[2026-05-20 15:29:38] SERIAL:OK: RIGHT:0
[2026-05-20 15:29:38] SERIAL:OK: EMERGENCY:0
[2026-05-20 15:29:39] SERIAL:OK: SPEED:1
[2026-05-20 15:29:39] SERIAL:OK: LEFT:1
[2026-05-20 15:29:39] SERIAL:OK: RIGHT:1
[2026-05-20 15:29:39] SERIAL:OK: EMERGENCY:1
[2026-05-20 15:29:39] SERIAL:OK: LEFT:0
[2026-05-20 15:29:39] SERIAL:OK: RIGHT:0
[2026-05-20 15:29:39] SERIAL:OK: EMERGENCY:0
[2026-05-20 15:29:39] SERIAL:OK: SPEED:0
[2026-05-20 15:29:39] SERIAL:OK: LEFT:1
[2026-05-20 15:29:39] SERIAL:OK: RIGHT:1
[2026-05-20 15:29:39] SERIAL:OK: EMERGENCY:1
[2026-05-20 15:29:40] SERIAL:OK: LEFT:0
[2026-05-20 15:29:40] SERIAL:OK: RIGHT:0
[2026-05-20 15:29:40] SERIAL:OK: EMERGENCY:0
[2026-05-20 15:29:40] SERIAL:OK: LEFT:1
[2026-05-20 15:29:40] SERIAL:OK: RIGHT:1
[2026-05-20 15:29:40] SERIAL:OK: EMERGENCY:1
[2026-05-20 15:29:40] Аварійку вимкнено жестом peace
[2026-05-20 15:29:40] SERIAL:OK: ALARM:0
[2026-05-20 15:29:40] SERIAL:OK: LEFT:0
[2026-05-20 15:29:40] SERIAL:OK: RIGHT:0
[2026-05-20 15:29:40] SERIAL:OK: EMERGENCY:0
[2026-05-20 15:29:41] Обличчя зникло
[2026-05-20 15:29:42] SERIAL:INFO: servo detached (idle)
[2026-05-20 15:29:49] SERIAL:OK: LEFT:0
[2026-05-20 15:29:49] SERIAL:OK: RIGHT:0
[2026-05-20 15:29:49] SERIAL:OK: EMERGENCY:0
[2026-05-20 15:29:49] SERIAL:OK: BRAKE:0
[2026-05-20 15:29:49] SERIAL:OK: LEFT:0
[2026-05-20 15:29:49] SERIAL:OK: RIGHT:0
[2026-05-20 15:29:49] SERIAL:OK: EMERGENCY:0
